Distinct_ID,Event,Properties.$mouse_x,Properties.$mouse_y
usr_001,mousemove,450,320
usr_001,mousemove,460,325
usr_001,mousemove,470,330
usr_001,mousemove,480,335
usr_001,mousemove,490,340
usr_001,mousemove,500,345
usr_001,mousemove,510,350
usr_001,mousemove,520,355
usr_001,mousemove,530,360
usr_001,mousemove,540,365
usr_001,mousemove,550,370
usr_001,mousemove,560,375
usr_001,mousemove,570,380
usr_001,mousemove,580,385
usr_001,mousemove,590,390
usr_001,mousemove,600,395
usr_001,mousemove,610,400
usr_001,mousemove,620,405
usr_001,mousemove,630,410
usr_001,mousemove,640,415
usr_001,mousemove,650,420
usr_001,mousemove,660,425
usr_001,mousemove,670,430
usr_001,mousemove,680,435
usr_001,mousemove,690,440
usr_001,mousemove,700,445
usr_001,mousemove,710,450
usr_001,click,650,340
usr_001,mousemove,600,350
usr_001,mousemove,550,360
usr_001,mousemove,500,370
usr_001,mousemove,450,380
usr_001,mousemove,400,390
usr_001,mousemove,350,400
usr_001,mousemove,300,410
usr_001,mousemove,250,420
usr_001,mousemove,200,430
usr_001,mousemove,250,440
usr_001,mousemove,300,450
usr_001,mousemove,350,460
usr_001,mousemove,400,470
usr_001,mousemove,450,480
usr_001,mousemove,500,490
usr_001,mousemove,550,500
usr_001,rageclick,300,450
usr_002,mousemove,600,250
usr_002,mousemove,590,255
usr_002,mousemove,580,260
usr_002,mousemove,570,265
usr_002,mousemove,560,270
usr_002,mousemove,550,275
usr_002,mousemove,540,280
usr_002,mousemove,530,285
usr_002,mousemove,520,290
usr_002,mousemove,510,295
usr_002,mousemove,500,300
usr_002,mousemove,490,305
usr_002,mousemove,480,310
usr_002,mousemove,470,315
usr_002,mousemove,460,320
usr_002,mousemove,450,325
usr_002,mousemove,440,330
usr_002,mousemove,430,335
usr_002,mousemove,420,340
usr_002,mousemove,410,345
usr_002,mousemove,400,350
usr_002,mousemove,390,355
usr_002,mousemove,380,360
usr_002,mousemove,370,365
usr_002,mousemove,360,370
usr_002,mousemove,350,375
usr_002,mousemove,340,380
usr_002,mousemove,330,385
usr_002,mousemove,320,390
usr_002,mousemove,310,395
usr_002,click,310,350
usr_002,mousemove,350,400
usr_002,mousemove,400,390
usr_002,mousemove,450,380
usr_002,mousemove,500,370
usr_002,mousemove,550,360
usr_002,mousemove,600,350
usr_002,mousemove,580,340
usr_002,rageclick,560,360
usr_002,mousemove,500,350
usr_002,mousemove,450,340
usr_002,mousemove,400,330
usr_002,mousemove,350,320
usr_002,mousemove,300,310
usr_002,mousemove,250,300
usr_002,mousemove,300,290
usr_002,mousemove,350,280
usr_002,click,350,250
usr_003,mousemove,300,200
usr_003,mousemove,310,205
usr_003,mousemove,320,210
usr_003,mousemove,330,215
usr_003,mousemove,340,220
usr_003,mousemove,350,225
usr_003,mousemove,360,230
usr_003,mousemove,370,235
usr_003,mousemove,380,240
usr_003,mousemove,390,245
usr_003,mousemove,400,250
usr_003,mousemove,410,255
usr_003,mousemove,420,260
usr_003,mousemove,430,265
usr_003,mousemove,440,270
usr_003,mousemove,450,275
usr_003,mousemove,460,280
usr_003,mousemove,470,285
usr_003,mousemove,480,290
usr_003,mousemove,490,295
usr_003,mousemove,500,300
usr_003,click,500,240
usr_004,mousemove,250,300
usr_004,mousemove,260,305
usr_004,mousemove,270,310
usr_004,mousemove,280,315
usr_004,mousemove,290,320
usr_004,mousemove,300,325
usr_004,mousemove,310,330
usr_004,mousemove,320,335
usr_004,mousemove,330,340
usr_004,mousemove,340,345
usr_004,mousemove,350,350
usr_004,mousemove,360,355
usr_004,mousemove,370,360
usr_004,mousemove,380,365
usr_004,mousemove,390,370
usr_004,mousemove,400,375
usr_004,click,400,330
usr_005,mousemove,100,200
usr_005,mousemove,110,205
usr_005,mousemove,120,210
usr_005,mousemove,130,215
usr_005,mousemove,140,220
usr_005,mousemove,150,225
usr_005,mousemove,160,230
usr_005,mousemove,170,235
usr_005,mousemove,180,240
usr_005,mousemove,190,245
usr_005,mousemove,200,250
usr_005,mousemove,210,255
usr_005,mousemove,220,260
usr_005,mousemove,230,265
usr_005,mousemove,240,270
usr_005,mousemove,250,275
usr_005,mousemove,260,280
usr_005,mousemove,270,285
usr_005,mousemove,280,290
usr_005,mousemove,290,295
usr_005,mousemove,300,300
usr_005,mousemove,310,305
usr_005,mousemove,320,310
usr_005,mousemove,330,315
usr_005,mousemove,340,320
usr_005,mousemove,350,325
usr_005,mousemove,360,330
usr_005,mousemove,370,335
usr_005,mousemove,380,340
usr_005,mousemove,390,345
usr_005,mousemove,400,350
usr_005,mousemove,410,355
usr_005,mousemove,420,360
usr_005,mousemove,430,365
usr_005,mousemove,440,370
usr_005,mousemove,450,375
usr_005,mousemove,460,380
usr_005,mousemove,470,385
usr_005,mousemove,480,390
usr_005,mousemove,490,395
usr_005,mousemove,500,400
usr_005,mousemove,510,405
usr_005,mousemove,520,410
usr_005,mousemove,530,415
usr_005,mousemove,540,420
usr_005,mousemove,550,425
usr_005,click,550,370
usr_005,mousemove,500,380
usr_005,mousemove,450,390
usr_005,mousemove,400,400
usr_005,mousemove,350,410
usr_005,mousemove,300,420
usr_005,mousemove,250,430
usr_005,mousemove,200,440
usr_005,mousemove,150,450
usr_005,rageclick,150,450
usr_006,mousemove,400,100
usr_006,mousemove,410,110
usr_006,mousemove,420,120
usr_006,mousemove,430,130
usr_006,mousemove,440,140
usr_006,mousemove,450,150
usr_006,mousemove,460,160
usr_006,mousemove,470,170
usr_006,mousemove,480,180
usr_006,mousemove,490,190
usr_006,mousemove,500,200
usr_006,mousemove,510,210
usr_006,mousemove,520,220
usr_006,mousemove,530,230
usr_006,mousemove,540,240
usr_006,mousemove,550,250
usr_006,mousemove,560,260
usr_006,mousemove,570,270
usr_006,mousemove,580,280
usr_006,mousemove,590,290
usr_006,mousemove,600,300
usr_006,mousemove,610,310
usr_006,mousemove,620,320
usr_006,mousemove,630,330
usr_006,mousemove,640,340
usr_006,mousemove,650,350
usr_006,mousemove,660,360
usr_006,mousemove,670,370
usr_006,mousemove,680,380
usr_006,mousemove,690,390
usr_006,mousemove,700,400
usr_006,click,700,220
usr_006,mousemove,650,230
usr_006,mousemove,600,240
usr_006,mousemove,550,250
usr_006,mousemove,500,260
usr_006,mousemove,450,270
usr_006,mousemove,400,280
usr_006,mousemove,350,290
usr_006,mousemove,300,300
usr_006,mousemove,350,310
usr_006,mousemove,400,320
usr_006,mousemove,450,330
usr_006,mousemove,500,340
usr_006,mousemove,550,350
usr_006,mousemove,600,360
usr_006,rageclick,400,360
usr_007,mousemove,400,400
usr_007,mousemove,410,395
usr_007,mousemove,420,390
usr_007,mousemove,430,385
usr_007,mousemove,440,380
usr_007,mousemove,450,375
usr_007,mousemove,460,370
usr_007,mousemove,470,365
usr_007,mousemove,480,360
usr_007,mousemove,490,355
usr_007,mousemove,500,350
usr_007,mousemove,510,345
usr_007,mousemove,520,340
usr_007,mousemove,530,335
usr_007,mousemove,540,330
usr_007,mousemove,550,325
usr_007,click,550,370
usr_008,mousemove,350,250
usr_008,mousemove,360,255
usr_008,mousemove,370,260
usr_008,mousemove,380,265
usr_008,mousemove,390,270
usr_008,mousemove,400,275
usr_008,mousemove,410,280
usr_008,mousemove,420,285
usr_008,mousemove,430,290
usr_008,mousemove,440,295
usr_008,mousemove,450,300
usr_008,click,450,270
usr_009,mousemove,500,150
usr_009,mousemove,490,160
usr_009,mousemove,480,170
usr_009,mousemove,470,180
usr_009,mousemove,460,190
usr_009,mousemove,450,200
usr_009,mousemove,440,210
usr_009,mousemove,430,220
usr_009,mousemove,420,230
usr_009,mousemove,410,240
usr_009,mousemove,400,250
usr_009,mousemove,390,260
usr_009,mousemove,380,270
usr_009,mousemove,370,280
usr_009,mousemove,360,290
usr_009,mousemove,350,300
usr_009,mousemove,340,310
usr_009,mousemove,330,320
usr_009,mousemove,320,330
usr_009,mousemove,310,340
usr_009,mousemove,300,350
usr_009,mousemove,290,360
usr_009,mousemove,280,370
usr_009,mousemove,270,380
usr_009,click,380,330
usr_009,mousemove,400,300
usr_009,mousemove,450,310
usr_009,mousemove,500,320
usr_009,mousemove,550,330
usr_009,mousemove,600,340
usr_009,rageclick,600,200
usr_010,mousemove,100,300
usr_010,mousemove,110,310
usr_010,mousemove,120,320
usr_010,mousemove,130,330
usr_010,mousemove,140,340
usr_010,mousemove,150,350
usr_010,mousemove,160,360
usr_010,mousemove,170,370
usr_010,mousemove,180,380
usr_010,mousemove,190,390
usr_010,mousemove,200,400
usr_010,mousemove,210,410
usr_010,mousemove,220,420
usr_010,mousemove,230,430
usr_010,mousemove,240,440
usr_010,mousemove,250,450
usr_010,mousemove,260,460
usr_010,mousemove,270,470
usr_010,mousemove,280,480
usr_010,mousemove,290,490
usr_010,mousemove,300,500
usr_010,mousemove,310,510
usr_010,mousemove,320,520
usr_010,mousemove,330,530
usr_010,mousemove,340,540
usr_010,mousemove,350,550
usr_010,mousemove,360,560
usr_010,mousemove,370,570
usr_010,mousemove,380,580
usr_010,mousemove,390,590
usr_010,mousemove,400,600
usr_010,mousemove,410,610
usr_010,mousemove,420,620
usr_010,mousemove,430,630
usr_010,mousemove,440,640
usr_010,click,450,440
usr_010,mousemove,400,430
usr_010,mousemove,350,420
usr_010,mousemove,300,410
usr_010,mousemove,250,400
usr_010,mousemove,200,390
usr_010,mousemove,150,380
usr_010,rageclick,150,150
usr_011,mousemove,200,150
usr_011,mousemove,210,155
usr_011,mousemove,220,160
usr_011,mousemove,230,165
usr_011,mousemove,240,170
usr_011,mousemove,250,175
usr_011,mousemove,260,180
usr_011,mousemove,270,185
usr_011,mousemove,280,190
usr_011,mousemove,290,195
usr_011,mousemove,300,200
usr_011,mousemove,310,205
usr_011,mousemove,320,210
usr_011,mousemove,330,215
usr_011,mousemove,340,220
usr_011,mousemove,350,225
usr_011,click,350,180
usr_012,mousemove,400,200
usr_012,mousemove,410,205
usr_012,mousemove,420,210
usr_012,mousemove,430,215
usr_012,mousemove,440,220
usr_012,mousemove,450,225
usr_012,click,450,210
usr_013,mousemove,300,100
usr_013,mousemove,310,110
usr_013,mousemove,320,120
usr_013,mousemove,330,130
usr_013,mousemove,340,140
usr_013,mousemove,350,150
usr_013,mousemove,360,160
usr_013,mousemove,370,170
usr_013,mousemove,380,180
usr_013,mousemove,390,190
usr_013,mousemove,400,200
usr_013,mousemove,410,210
usr_013,mousemove,420,220
usr_013,mousemove,430,230
usr_013,mousemove,440,240
usr_013,mousemove,450,250
usr_013,mousemove,460,260
usr_013,mousemove,470,270
usr_013,mousemove,480,280
usr_013,mousemove,490,290
usr_013,mousemove,500,300
usr_013,mousemove,510,310
usr_013,mousemove,520,320
usr_013,mousemove,530,330
usr_013,mousemove,540,340
usr_013,mousemove,550,350
usr_013,mousemove,560,360
usr_013,mousemove,570,370
usr_013,mousemove,580,380
usr_013,mousemove,590,390
usr_013,mousemove,600,400
usr_013,click,600,280
usr_013,mousemove,550,290
usr_013,mousemove,500,300
usr_013,mousemove,450,310
usr_013,mousemove,400,320
usr_013,mousemove,350,330
usr_013,mousemove,300,340
usr_013,mousemove,250,350
usr_013,mousemove,200,360
usr_013,mousemove,250,370
usr_013,mousemove,300,380
usr_013,mousemove,350,390
usr_013,mousemove,400,400
usr_013,rageclick,200,400
usr_014,mousemove,650,300
usr_014,mousemove,640,295
usr_014,mousemove,630,290
usr_014,mousemove,620,285
usr_014,mousemove,610,280
usr_014,mousemove,600,275
usr_014,mousemove,590,270
usr_014,mousemove,580,265
usr_014,mousemove,570,260
usr_014,mousemove,560,255
usr_014,mousemove,550,250
usr_014,mousemove,540,245
usr_014,mousemove,530,240
usr_014,mousemove,520,235
usr_014,mousemove,510,230
usr_014,mousemove,500,225
usr_014,click,500,200
usr_014,mousemove,450,250
usr_014,mousemove,400,300
usr_014,mousemove,350,350
usr_014,mousemove,300,400
usr_014,mousemove,350,390
usr_014,mousemove,400,380
usr_014,rageclick,350,430
usr_015,mousemove,250,300
usr_015,mousemove,260,305
usr_015,mousemove,270,310
usr_015,mousemove,280,315
usr_015,mousemove,290,320
usr_015,mousemove,300,325
usr_015,mousemove,310,330
usr_015,mousemove,320,335
usr_015,mousemove,330,340
usr_015,mousemove,340,345
usr_015,mousemove,350,350
usr_015,click,350,320
usr_016,mousemove,500,150
usr_016,mousemove,510,155
usr_016,mousemove,520,160
usr_016,mousemove,530,165
usr_016,mousemove,540,170
usr_016,mousemove,550,175
usr_016,click,550,160
usr_017,mousemove,400,200
usr_017,mousemove,410,210
usr_017,mousemove,420,220
usr_017,mousemove,430,230
usr_017,mousemove,440,240
usr_017,mousemove,450,250
usr_017,mousemove,460,260
usr_017,mousemove,470,270
usr_017,mousemove,480,280
usr_017,mousemove,490,290
usr_017,mousemove,500,300
usr_017,mousemove,510,310
usr_017,mousemove,520,320
usr_017,mousemove,530,330
usr_017,mousemove,540,340
usr_017,mousemove,550,350
usr_017,click,550,300
usr_017,mousemove,500,320
usr_017,mousemove,450,340
usr_017,mousemove,400,360
usr_017,mousemove,350,380
usr_017,mousemove,300,400
usr_017,mousemove,250,420
usr_017,rageclick,250,450
usr_018,mousemove,100,150
usr_018,mousemove,110,160
usr_018,mousemove,120,170
usr_018,mousemove,130,180
usr_018,mousemove,140,190
usr_018,mousemove,150,200
usr_018,mousemove,160,210
usr_018,mousemove,170,220
usr_018,mousemove,180,230
usr_018,mousemove,190,240
usr_018,mousemove,200,250
usr_018,mousemove,210,260
usr_018,mousemove,220,270
usr_018,mousemove,230,280
usr_018,mousemove,240,290
usr_018,mousemove,250,300
usr_018,mousemove,260,310
usr_018,mousemove,270,320
usr_018,mousemove,280,330
usr_018,mousemove,290,340
usr_018,mousemove,300,350
usr_018,click,300,230
usr_018,mousemove,350,260
usr_018,mousemove,400,290
usr_018,mousemove,450,320
usr_018,mousemove,500,350
usr_018,mousemove,450,340
usr_018,rageclick,450,380
usr_019,mousemove,200,250
usr_019,mousemove,210,255
usr_019,mousemove,220,260
usr_019,mousemove,230,265
usr_019,mousemove,240,270
usr_019,click,250,260
usr_020,mousemove,300,150
usr_020,mousemove,310,155
usr_020,mousemove,320,160
usr_020,mousemove,330,165
usr_020,mousemove,340,170
usr_020,mousemove,350,175
usr_020,mousemove,360,180
usr_020,mousemove,370,185
usr_020,mousemove,380,190
usr_020,mousemove,390,195
usr_020,mousemove,400,200
usr_020,click,400,170
usr_021,mousemove,550,400
usr_021,mousemove,540,390
usr_021,mousemove,530,380
usr_021,mousemove,520,370
usr_021,mousemove,510,360
usr_021,mousemove,500,350
usr_021,mousemove,490,340
usr_021,mousemove,480,330
usr_021,mousemove,470,320
usr_021,mousemove,460,310
usr_021,mousemove,450,300
usr_021,mousemove,440,290
usr_021,mousemove,430,280
usr_021,mousemove,420,270
usr_021,mousemove,410,260
usr_021,mousemove,400,250
usr_021,click,400,300
usr_021,mousemove,450,280
usr_021,mousemove,500,260
usr_021,mousemove,550,240
usr_021,mousemove,600,220
usr_021,mousemove,650,200
usr_021,rageclick,650,220
usr_022,mousemove,200,100
usr_022,mousemove,210,110
usr_022,mousemove,220,120
usr_022,mousemove,230,130
usr_022,mousemove,240,140
usr_022,mousemove,250,150
usr_022,mousemove,260,160
usr_022,mousemove,270,170
usr_022,mousemove,280,180
usr_022,mousemove,290,190
usr_022,mousemove,300,200
usr_022,mousemove,310,210
usr_022,mousemove,320,220
usr_022,mousemove,330,230
usr_022,mousemove,340,240
usr_022,mousemove,350,250
usr_022,mousemove,360,260
usr_022,mousemove,370,270
usr_022,mousemove,380,280
usr_022,mousemove,390,290
usr_022,mousemove,400,300
usr_022,mousemove,410,310
usr_022,mousemove,420,320
usr_022,mousemove,430,330
usr_022,mousemove,440,340
usr_022,mousemove,450,350
usr_022,click,450,200
usr_022,mousemove,400,220
usr_022,mousemove,350,240
usr_022,mousemove,300,260
usr_022,mousemove,250,280
usr_022,mousemove,200,300
usr_022,mousemove,150,320
usr_022,rageclick,150,350
usr_023,mousemove,400,250
usr_023,mousemove,410,255
usr_023,mousemove,420,260
usr_023,mousemove,430,265
usr_023,mousemove,440,270
usr_023,mousemove,450,275
usr_023,click,450,260
usr_024,mousemove,150,100
usr_024,mousemove,160,105
usr_024,mousemove,170,110
usr_024,mousemove,180,115
usr_024,mousemove,190,120
usr_024,mousemove,200,125
usr_024,click,200,110
usr_025,mousemove,300,400
usr_025,mousemove,310,390
usr_025,mousemove,320,380
usr_025,mousemove,330,370
usr_025,mousemove,340,360
usr_025,mousemove,350,350
usr_025,mousemove,360,340
usr_025,mousemove,370,330
usr_025,mousemove,380,320
usr_025,mousemove,390,310
usr_025,mousemove,400,300
usr_025,mousemove,410,290
usr_025,mousemove,420,280
usr_025,mousemove,430,270
usr_025,mousemove,440,260
usr_025,mousemove,450,250
usr_025,mousemove,460,240
usr_025,mousemove,470,230
usr_025,mousemove,480,220
usr_025,mousemove,490,210
usr_025,mousemove,500,200
usr_025,click,500,320
usr_025,mousemove,450,310
usr_025,mousemove,400,300
usr_025,mousemove,350,290
usr_025,mousemove,300,280
usr_025,mousemove,250,270
usr_025,mousemove,200,260
usr_025,rageclick,200,200
usr_026,mousemove,600,150
usr_026,mousemove,590,160
usr_026,mousemove,580,170
usr_026,mousemove,570,180
usr_026,mousemove,560,190
usr_026,mousemove,550,200
usr_026,mousemove,540,210
usr_026,mousemove,530,220
usr_026,mousemove,520,230
usr_026,mousemove,510,240
usr_026,mousemove,500,250
usr_026,mousemove,490,260
usr_026,mousemove,480,270
usr_026,click,480,230
usr_026,mousemove,450,260
usr_026,mousemove,420,290
usr_026,mousemove,390,320
usr_026,mousemove,360,350
usr_026,mousemove,330,380
usr_026,mousemove,360,370
usr_026,mousemove,390,360
usr_026,rageclick,400,380
usr_027,mousemove,300,200
usr_027,mousemove,310,205
usr_027,mousemove,320,210
usr_027,mousemove,330,215
usr_027,mousemove,340,220
usr_027,mousemove,350,225
usr_027,mousemove,360,230
usr_027,mousemove,370,235
usr_027,mousemove,380,240
usr_027,mousemove,390,245
usr_027,mousemove,400,250
usr_027,click,400,220
usr_028,mousemove,200,150
usr_028,mousemove,210,155
usr_028,mousemove,220,160
usr_028,mousemove,230,165
usr_028,mousemove,240,170
usr_028,mousemove,250,175
usr_028,click,250,160
usr_029,mousemove,500,100
usr_029,mousemove,490,110
usr_029,mousemove,480,120
usr_029,mousemove,470,130
usr_029,mousemove,460,140
usr_029,mousemove,450,150
usr_029,mousemove,440,160
usr_029,mousemove,430,170
usr_029,mousemove,420,180
usr_029,mousemove,410,190
usr_029,mousemove,400,200
usr_029,mousemove,390,210
usr_029,mousemove,380,220
usr_029,mousemove,370,230
usr_029,mousemove,360,240
usr_029,mousemove,350,250
usr_029,mousemove,340,260
usr_029,mousemove,330,270
usr_029,mousemove,320,280
usr_029,mousemove,310,290
usr_029,click,420,220
usr_029,mousemove,450,250
usr_029,mousemove,480,280
usr_029,mousemove,510,310
usr_029,mousemove,540,340
usr_029,mousemove,570,370
usr_029,mousemove,600,400
usr_029,rageclick,600,300
usr_030,mousemove,100,400
usr_030,mousemove,110,390
usr_030,mousemove,120,380
usr_030,mousemove,130,370
usr_030,mousemove,140,360
usr_030,mousemove,150,350
usr_030,mousemove,160,340
usr_030,mousemove,170,330
usr_030,mousemove,180,320
usr_030,mousemove,190,310
usr_030,mousemove,200,300
usr_030,mousemove,210,290
usr_030,mousemove,220,280
usr_030,mousemove,230,270
usr_030,mousemove,240,260
usr_030,mousemove,250,250
usr_030,mousemove,260,240
usr_030,mousemove,270,230
usr_030,mousemove,280,220
usr_030,mousemove,290,210
usr_030,mousemove,300,200
usr_030,click,300,320
usr_030,mousemove,350,310
usr_030,mousemove,400,300
usr_030,mousemove,450,290
usr_030,rageclick,450,450
usr_031,mousemove,500,200
usr_031,mousemove,510,205
usr_031,mousemove,520,210
usr_031,mousemove,530,215
usr_031,mousemove,540,220
usr_031,mousemove,550,225
usr_031,click,550,210
usr_032,mousemove,300,100
usr_032,mousemove,310,105
usr_032,mousemove,320,110
usr_032,mousemove,330,115
usr_032,mousemove,340,120
usr_032,mousemove,350,125
usr_032,click,350,110
usr_033,mousemove,400,350
usr_033,mousemove,410,345
usr_033,mousemove,420,340
usr_033,mousemove,430,335
usr_033,mousemove,440,330
usr_033,mousemove,450,325
usr_033,mousemove,460,320
usr_033,mousemove,470,315
usr_033,mousemove,480,310
usr_033,mousemove,490,305
usr_033,mousemove,500,300
usr_033,mousemove,510,295
usr_033,mousemove,520,290
usr_033,mousemove,530,285
usr_033,mousemove,540,280
usr_033,mousemove,550,275
usr_033,click,550,290
usr_033,mousemove,500,310
usr_033,mousemove,450,330
usr_033,mousemove,400,350
usr_033,mousemove,350,370
usr_033,mousemove,300,390
usr_033,mousemove,250,410
usr_033,mousemove,200,430
usr_033,rageclick,200,500
usr_034,mousemove,200,150
usr_034,mousemove,210,160
usr_034,mousemove,220,170
usr_034,mousemove,230,180
usr_034,mousemove,240,190
usr_034,mousemove,250,200
usr_034,mousemove,260,210
usr_034,mousemove,270,220
usr_034,mousemove,280,230
usr_034,mousemove,290,240
usr_034,mousemove,300,250
usr_034,mousemove,310,260
usr_034,mousemove,320,270
usr_034,mousemove,330,280
usr_034,mousemove,340,290
usr_034,mousemove,350,300
usr_034,mousemove,360,310
usr_034,mousemove,370,320
usr_034,mousemove,380,330
usr_034,mousemove,390,340
usr_034,mousemove,400,350
usr_034,click,400,230
usr_034,mousemove,450,250
usr_034,mousemove,500,270
usr_034,mousemove,550,290
usr_034,mousemove,500,310
usr_034,rageclick,500,330
usr_035,mousemove,400,300
usr_035,mousemove,410,305
usr_035,mousemove,420,310
usr_035,mousemove,430,315
usr_035,mousemove,440,320
usr_035,mousemove,450,325
usr_035,click,450,310
usr_036,mousemove,150,200
usr_036,mousemove,160,205
usr_036,mousemove,170,210
usr_036,mousemove,180,215
usr_036,mousemove,190,220
usr_036,mousemove,200,225
usr_036,click,200,210
usr_037,mousemove,300,200
usr_037,mousemove,310,210
usr_037,mousemove,320,220
usr_037,mousemove,330,230
usr_037,mousemove,340,240
usr_037,mousemove,350,250
usr_037,mousemove,360,260
usr_037,mousemove,370,270
usr_037,mousemove,380,280
usr_037,mousemove,390,290
usr_037,mousemove,400,300
usr_037,mousemove,410,310
usr_037,mousemove,420,320
usr_037,mousemove,430,330
usr_037,mousemove,440,340
usr_037,mousemove,450,350
usr_037,click,450,260
usr_037,mousemove,400,270
usr_037,mousemove,350,280
usr_037,mousemove,300,290
usr_037,mousemove,250,300
usr_037,mousemove,200,310
usr_037,mousemove,150,320
usr_037,rageclick,150,400
usr_038,mousemove,500,200
usr_038,mousemove,490,210
usr_038,mousemove,480,220
usr_038,mousemove,470,230
usr_038,mousemove,460,240
usr_038,mousemove,450,250
usr_038,mousemove,440,260
usr_038,mousemove,430,270
usr_038,mousemove,420,280
usr_038,mousemove,410,290
usr_038,click,410,260
usr_038,mousemove,450,280
usr_038,mousemove,490,300
usr_038,mousemove,530,320
usr_038,mousemove,570,340
usr_038,mousemove,610,360
usr_038,mousemove,650,380
usr_038,rageclick,650,330
usr_039,mousemove,250,150
usr_039,mousemove,260,155
usr_039,mousemove,270,160
usr_039,mousemove,280,165
usr_039,mousemove,290,170
usr_039,mousemove,300,175
usr_039,click,300,160
usr_040,mousemove,350,250
usr_040,mousemove,360,255
usr_040,mousemove,370,260
usr_040,mousemove,380,265
usr_040,mousemove,390,270
usr_040,mousemove,400,275
usr_040,click,400,260
usr_041,mousemove,600,300
usr_041,mousemove,590,290
usr_041,mousemove,580,280
usr_041,mousemove,570,270
usr_041,mousemove,560,260
usr_041,mousemove,550,250
usr_041,mousemove,540,240
usr_041,mousemove,530,230
usr_041,mousemove,520,220
usr_041,mousemove,510,210
usr_041,mousemove,500,200
usr_041,mousemove,490,190
usr_041,mousemove,480,180
usr_041,click,480,220
usr_041,mousemove,450,240
usr_041,mousemove,420,260
usr_041,mousemove,390,280
usr_041,mousemove,360,300
usr_041,mousemove,330,320
usr_041,mousemove,300,340
usr_041,mousemove,250,360
usr_041,rageclick,300,380
usr_042,mousemove,150,300
usr_042,mousemove,160,310
usr_042,mousemove,170,320
usr_042,mousemove,180,330
usr_042,mousemove,190,340
usr_042,mousemove,200,350
usr_042,mousemove,210,360
usr_042,mousemove,220,370
usr_042,mousemove,230,380
usr_042,mousemove,240,390
usr_042,mousemove,250,400
usr_042,mousemove,260,410
usr_042,mousemove,270,420
usr_042,mousemove,280,430
usr_042,mousemove,290,440
usr_042,mousemove,300,450
usr_042,click,300,360
usr_042,mousemove,350,340
usr_042,mousemove,400,320
usr_042,mousemove,450,300
usr_042,mousemove,500,280
usr_042,rageclick,500,200
usr_043,mousemove,300,350
usr_043,mousemove,310,355
usr_043,mousemove,320,360
usr_043,mousemove,330,365
usr_043,mousemove,340,370
usr_043,mousemove,350,375
usr_043,click,350,360
usr_044,mousemove,200,250
usr_044,mousemove,210,255
usr_044,mousemove,220,260
usr_044,mousemove,230,265
usr_044,mousemove,240,270
usr_044,mousemove,250,275
usr_044,click,250,260
usr_045,mousemove,450,150
usr_045,mousemove,440,160
usr_045,mousemove,430,170
usr_045,mousemove,420,180
usr_045,mousemove,410,190
usr_045,mousemove,400,200
usr_045,mousemove,390,210
usr_045,mousemove,380,220
usr_045,mousemove,370,230
usr_045,mousemove,360,240
usr_045,click,360,240
usr_045,mousemove,400,250
usr_045,mousemove,440,260
usr_045,mousemove,480,270
usr_045,mousemove,520,280
usr_045,mousemove,560,290
usr_045,mousemove,600,300
usr_045,mousemove,640,310
usr_045,mousemove,680,320
usr_045,mousemove,720,330
usr_045,rageclick,550,350
usr_046,mousemove,200,250
usr_046,mousemove,210,240
usr_046,mousemove,220,230
usr_046,mousemove,230,220
usr_046,mousemove,240,210
usr_046,mousemove,250,200
usr_046,mousemove,260,190
usr_046,mousemove,270,180
usr_046,mousemove,280,170
usr_046,mousemove,290,160
usr_046,mousemove,300,150
usr_046,mousemove,310,140
usr_046,mousemove,320,130
usr_046,mousemove,330,120
usr_046,mousemove,340,110
usr_046,mousemove,350,100
usr_046,click,350,190
usr_046,mousemove,400,210
usr_046,mousemove,450,230
usr_046,mousemove,500,250
usr_046,mousemove,450,270
usr_046,mousemove,400,290
usr_046,rageclick,450,380
usr_047,mousemove,400,100
usr_047,mousemove,410,105
usr_047,mousemove,420,110
usr_047,mousemove,430,115
usr_047,mousemove,440,120
usr_047,mousemove,450,125
usr_047,click,450,110
usr_048,mousemove,150,300
usr_048,mousemove,160,305
usr_048,mousemove,170,310
usr_048,mousemove,180,315
usr_048,mousemove,190,320
usr_048,mousemove,200,325
usr_048,click,200,310
usr_049,mousemove,550,200
usr_049,mousemove,540,210
usr_049,mousemove,530,220
usr_049,mousemove,520,230
usr_049,mousemove,510,240
usr_049,mousemove,500,250
usr_049,mousemove,490,260
usr_049,mousemove,480,270
usr_049,mousemove,470,280
usr_049,mousemove,460,290
usr_049,click,460,260
usr_049,mousemove,420,270
usr_049,mousemove,380,280
usr_049,mousemove,340,290
usr_049,mousemove,300,300
usr_049,rageclick,300,400
usr_050,mousemove,100,250
usr_050,mousemove,110,260
usr_050,mousemove,120,270
usr_050,mousemove,130,280
usr_050,mousemove,140,290
usr_050,mousemove,150,300
usr_050,mousemove,160,310
usr_050,mousemove,170,320
usr_050,mousemove,180,330
usr_050,mousemove,190,340
usr_050,mousemove,200,350
usr_050,mousemove,210,360
usr_050,mousemove,220,370
usr_050,mousemove,230,380
usr_050,mousemove,240,390
usr_050,mousemove,250,400
usr_050,click,250,310
usr_050,mousemove,300,290
usr_050,mousemove,350,270
usr_050,mousemove,400,250
usr_050,mousemove,450,230
usr_050,rageclick,450,150
usr_051,mousemove,350,250
usr_051,mousemove,355,255
usr_051,mousemove,360,260
usr_051,mousemove,365,265
usr_051,mousemove,370,270
usr_051,mousemove,375,275
usr_051,mousemove,380,280
usr_051,mousemove,385,285
usr_051,mousemove,390,290
usr_051,mousemove,395,295
usr_051,mousemove,400,300
usr_051,click,400,260
usr_052,mousemove,250,150
usr_052,mousemove,260,155
usr_052,mousemove,270,160
usr_052,mousemove,280,165
usr_052,mousemove,290,170
usr_052,mousemove,300,175
usr_052,click,300,160
usr_053,mousemove,600,250
usr_053,mousemove,590,255
usr_053,mousemove,580,260
usr_053,mousemove,570,265
usr_053,mousemove,560,270
usr_053,mousemove,550,275
usr_053,mousemove,540,280
usr_053,mousemove,530,285
usr_053,mousemove,520,290
usr_053,mousemove,510,295
usr_053,mousemove,500,300
usr_053,mousemove,490,305
usr_053,mousemove,480,310
usr_053,mousemove,470,315
usr_053,mousemove,460,320
usr_053,click,510,310
usr_053,mousemove,450,320
usr_053,mousemove,400,330
usr_053,mousemove,350,340
usr_053,mousemove,300,350
usr_053,mousemove,250,360
usr_053,mousemove,200,370
usr_053,rageclick,250,450
usr_054,mousemove,300,200
usr_054,mousemove,310,210
usr_054,mousemove,320,220
usr_054,mousemove,330,230
usr_054,mousemove,340,240
usr_054,mousemove,350,250
usr_054,mousemove,360,260
usr_054,mousemove,370,270
usr_054,mousemove,380,280
usr_054,mousemove,390,290
usr_054,mousemove,400,300
usr_054,mousemove,410,310
usr_054,mousemove,420,320
usr_054,mousemove,430,330
usr_054,mousemove,440,340
usr_054,click,450,260
usr_054,mousemove,400,280
usr_054,mousemove,350,300
usr_054,mousemove,300,320
usr_054,mousemove,250,340
usr_054,mousemove,200,360
usr_054,mousemove,150,380
usr_054,rageclick,200,330
usr_055,mousemove,200,100
usr_055,mousemove,210,105
usr_055,mousemove,220,110
usr_055,mousemove,230,115
usr_055,mousemove,240,120
usr_055,mousemove,250,125
usr_055,click,250,110
usr_056,mousemove,300,300
usr_056,mousemove,310,305
usr_056,mousemove,320,310
usr_056,mousemove,330,315
usr_056,mousemove,340,320
usr_056,mousemove,350,325
usr_056,click,350,310
usr_057,mousemove,450,200
usr_057,mousemove,440,210
usr_057,mousemove,430,220
usr_057,mousemove,420,230
usr_057,mousemove,410,240
usr_057,mousemove,400,250
usr_057,mousemove,390,260
usr_057,mousemove,380,270
usr_057,mousemove,370,280
usr_057,mousemove,360,290
usr_057,click,360,260
usr_057,mousemove,400,270
usr_057,mousemove,440,280
usr_057,mousemove,480,290
usr_057,mousemove,520,300
usr_057,mousemove,560,310
usr_057,mousemove,600,320
usr_057,mousemove,640,330
usr_057,rageclick,550,350
usr_058,mousemove,150,200
usr_058,mousemove,160,210
usr_058,mousemove,170,220
usr_058,mousemove,180,230
usr_058,mousemove,190,240
usr_058,mousemove,200,250
usr_058,mousemove,210,260
usr_058,mousemove,220,270
usr_058,mousemove,230,280
usr_058,mousemove,240,290
usr_058,mousemove,250,300
usr_058,mousemove,260,310
usr_058,mousemove,270,320
usr_058,mousemove,280,330
usr_058,mousemove,290,340
usr_058,click,300,260
usr_058,mousemove,350,280
usr_058,mousemove,400,300
usr_058,mousemove,450,320
usr_058,mousemove,500,340
usr_058,mousemove,450,360
usr_058,rageclick,450,380
usr_059,mousemove,400,150
usr_059,mousemove,410,155
usr_059,mousemove,420,160
usr_059,mousemove,430,165
usr_059,mousemove,440,170
usr_059,mousemove,450,175
usr_059,click,450,160
usr_060,mousemove,250,250
usr_060,mousemove,260,255
usr_060,mousemove,270,260
usr_060,mousemove,280,265
usr_060,mousemove,290,270
usr_060,mousemove,300,275
usr_060,click,300,260
usr_061,mousemove,500,150
usr_061,mousemove,490,160
usr_061,mousemove,480,170
usr_061,mousemove,470,180
usr_061,mousemove,460,190
usr_061,mousemove,450,200
usr_061,mousemove,440,210
usr_061,mousemove,430,220
usr_061,mousemove,420,230
usr_061,mousemove,410,240
usr_061,mousemove,400,250
usr_061,click,410,240
usr_061,mousemove,450,260
usr_061,mousemove,490,280
usr_061,mousemove,530,300
usr_061,mousemove,570,320
usr_061,mousemove,610,340
usr_061,mousemove,650,360
usr_061,rageclick,600,350
usr_062,mousemove,200,100
usr_062,mousemove,210,110
usr_062,mousemove,220,120
usr_062,mousemove,230,130
usr_062,mousemove,240,140
usr_062,mousemove,250,150
usr_062,mousemove,260,160
usr_062,mousemove,270,170
usr_062,mousemove,280,180
usr_062,mousemove,290,190
usr_062,mousemove,300,200
usr_062,mousemove,310,210
usr_062,mousemove,320,220
usr_062,mousemove,330,230
usr_062,mousemove,340,240
usr_062,click,350,160
usr_062,mousemove,400,180
usr_062,mousemove,450,200
usr_062,mousemove,500,220
usr_062,mousemove,450,240
usr_062,mousemove,400,260
usr_062,rageclick,450,280
usr_063,mousemove,150,200
usr_063,mousemove,160,205
usr_063,mousemove,170,210
usr_063,mousemove,180,215
usr_063,mousemove,190,220
usr_063,mousemove,200,225
usr_063,click,200,210
usr_064,mousemove,350,250
usr_064,mousemove,360,255
usr_064,mousemove,370,260
usr_064,mousemove,380,265
usr_064,mousemove,390,270
usr_064,mousemove,400,275
usr_064,click,400,260
usr_065,mousemove,550,300
usr_065,mousemove,540,295
usr_065,mousemove,530,290
usr_065,mousemove,520,285
usr_065,mousemove,510,280
usr_065,mousemove,500,275
usr_065,mousemove,490,270
usr_065,mousemove,480,265
usr_065,mousemove,470,260
usr_065,mousemove,460,255
usr_065,click,460,240
usr_065,mousemove,420,260
usr_065,mousemove,380,280
usr_065,mousemove,340,300
usr_065,mousemove,300,320
usr_065,mousemove,260,340
usr_065,mousemove,220,360
usr_065,rageclick,250,400
usr_066,mousemove,350,150
usr_066,mousemove,360,160
usr_066,mousemove,370,170
usr_066,mousemove,380,180
usr_066,mousemove,390,190
usr_066,mousemove,400,200
usr_066,mousemove,410,210
usr_066,mousemove,420,220
usr_066,mousemove,430,230
usr_066,mousemove,440,240
usr_066,click,440,210
usr_066,mousemove,400,230
usr_066,mousemove,360,250
usr_066,mousemove,320,270
usr_066,mousemove,280,290
usr_066,mousemove,240,310
usr_066,mousemove,200,330
usr_066,mousemove,160,350
usr_066,rageclick,200,330
usr_067,mousemove,200,300
usr_067,mousemove,210,305
usr_067,mousemove,220,310
usr_067,mousemove,230,315
usr_067,mousemove,240,320
usr_067,mousemove,250,325
usr_067,click,250,310
usr_068,mousemove,300,150
usr_068,mousemove,310,155
usr_068,mousemove,320,160
usr_068,mousemove,330,165
usr_068,mousemove,340,170
usr_068,mousemove,350,175
usr_068,click,350,160
usr_069,mousemove,400,250
usr_069,mousemove,410,240
usr_069,mousemove,420,230
usr_069,mousemove,430,220
usr_069,mousemove,440,210
usr_069,mousemove,450,200
usr_069,mousemove,460,190
usr_069,mousemove,470,180
usr_069,mousemove,480,170
usr_069,mousemove,490,160
usr_069,click,490,190
usr_069,mousemove,440,210
usr_069,mousemove,390,230
usr_069,mousemove,340,250
usr_069,mousemove,290,270
usr_069,mousemove,240,290
usr_069,mousemove,190,310
usr_069,rageclick,200,450
usr_070,mousemove,250,150
usr_070,mousemove,260,160
usr_070,mousemove,270,170
usr_070,mousemove,280,180
usr_070,mousemove,290,190
usr_070,mousemove,300,200
usr_070,mousemove,310,210
usr_070,mousemove,320,220
usr_070,mousemove,330,230
usr_070,mousemove,340,240
usr_070,mousemove,350,250
usr_070,mousemove,360,260
usr_070,mousemove,370,270
usr_070,mousemove,380,280
usr_070,mousemove,390,290
usr_070,click,400,210
usr_070,mousemove,450,230
usr_070,mousemove,500,250
usr_070,mousemove,550,270
usr_070,mousemove,500,290
usr_070,mousemove,450,310
usr_070,rageclick,500,330
usr_071,mousemove,300,200
usr_071,mousemove,310,205
usr_071,mousemove,320,210
usr_071,mousemove,330,215
usr_071,mousemove,340,220
usr_071,mousemove,350,225
usr_071,click,350,210
usr_072,mousemove,150,250
usr_072,mousemove,160,255
usr_072,mousemove,170,260
usr_072,mousemove,180,265
usr_072,mousemove,190,270
usr_072,mousemove,200,275
usr_072,click,200,260
usr_073,mousemove,500,200
usr_073,mousemove,490,210
usr_073,mousemove,480,220
usr_073,mousemove,470,230
usr_073,mousemove,460,240
usr_073,mousemove,450,250
usr_073,mousemove,440,260
usr_073,mousemove,430,270
usr_073,mousemove,420,280
usr_073,mousemove,410,290
usr_073,click,410,260
usr_073,mousemove,450,280
usr_073,mousemove,490,300
usr_073,mousemove,530,320
usr_073,mousemove,570,340
usr_073,mousemove,610,360
usr_073,mousemove,650,380
usr_073,rageclick,600,350
usr_074,mousemove,200,200
usr_074,mousemove,210,210
usr_074,mousemove,220,220
usr_074,mousemove,230,230
usr_074,mousemove,240,240
usr_074,mousemove,250,250
usr_074,mousemove,260,260
usr_074,mousemove,270,270
usr_074,mousemove,280,280
usr_074,mousemove,290,290
usr_074,mousemove,300,300
usr_074,mousemove,310,310
usr_074,mousemove,320,320
usr_074,mousemove,330,330
usr_074,mousemove,340,340
usr_074,click,350,260
usr_074,mousemove,400,280
usr_074,mousemove,450,300
usr_074,mousemove,500,320
usr_074,mousemove,450,340
usr_074,mousemove,400,360
usr_074,rageclick,450,380
usr_075,mousemove,250,200
usr_075,mousemove,260,205
usr_075,mousemove,270,210
usr_075,mousemove,280,215
usr_075,mousemove,290,220
usr_075,mousemove,300,225
usr_075,click,300,210
usr_076,mousemove,350,150
usr_076,mousemove,360,155
usr_076,mousemove,370,160
usr_076,mousemove,380,165
usr_076,mousemove,390,170
usr_076,mousemove,400,175
usr_076,click,400,160
usr_077,mousemove,450,100
usr_077,mousemove,440,110
usr_077,mousemove,430,120
usr_077,mousemove,420,130
usr_077,mousemove,410,140
usr_077,mousemove,400,150
usr_077,mousemove,390,160
usr_077,mousemove,380,170
usr_077,mousemove,370,180
usr_077,mousemove,360,190
usr_077,click,360,190
usr_077,mousemove,400,200
usr_077,mousemove,440,210
usr_077,mousemove,480,220
usr_077,mousemove,520,230
usr_077,mousemove,560,240
usr_077,mousemove,600,250
usr_077,mousemove,640,260
usr_077,rageclick,550,300
usr_078,mousemove,300,250
usr_078,mousemove,310,240
usr_078,mousemove,320,230
usr_078,mousemove,330,220
usr_078,mousemove,340,210
usr_078,mousemove,350,200
usr_078,mousemove,360,190
usr_078,mousemove,370,180
usr_078,mousemove,380,170
usr_078,mousemove,390,160
usr_078,mousemove,400,150
usr_078,mousemove,410,140
usr_078,mousemove,420,130
usr_078,mousemove,430,120
usr_078,mousemove,440,110
usr_078,click,450,190
usr_078,mousemove,400,210
usr_078,mousemove,350,230
usr_078,mousemove,300,250
usr_078,mousemove,250,270
usr_078,mousemove,200,290
usr_078,mousemove,150,310
usr_078,rageclick,200,380
usr_079,mousemove,200,200
usr_079,mousemove,210,205
usr_079,mousemove,220,210
usr_079,mousemove,230,215
usr_079,mousemove,240,220
usr_079,mousemove,250,225
usr_079,click,250,210
usr_080,mousemove,300,300
usr_080,mousemove,310,305
usr_080,mousemove,320,310
usr_080,mousemove,330,315
usr_080,mousemove,340,320
usr_080,mousemove,350,325
usr_080,click,350,310
usr_081,mousemove,550,150
usr_081,mousemove,540,160
usr_081,mousemove,530,170
usr_081,mousemove,520,180
usr_081,mousemove,510,190
usr_081,mousemove,500,200
usr_081,mousemove,490,210
usr_081,mousemove,480,220
usr_081,mousemove,470,230
usr_081,mousemove,460,240
usr_081,click,460,240
usr_081,mousemove,420,260
usr_081,mousemove,380,280
usr_081,mousemove,340,300
usr_081,mousemove,300,320
usr_081,mousemove,260,340
usr_081,mousemove,220,360
usr_081,rageclick,250,400
usr_082,mousemove,150,200
usr_082,mousemove,160,210
usr_082,mousemove,170,220
usr_082,mousemove,180,230
usr_082,mousemove,190,240
usr_082,mousemove,200,250
usr_082,mousemove,210,260
usr_082,mousemove,220,270
usr_082,mousemove,230,280
usr_082,mousemove,240,290
usr_082,mousemove,250,300
usr_082,mousemove,260,310
usr_082,mousemove,270,320
usr_082,mousemove,280,330
usr_082,mousemove,290,340
usr_082,click,300,260
usr_082,mousemove,350,280
usr_082,mousemove,400,300
usr_082,mousemove,450,320
usr_082,mousemove,500,340
usr_082,mousemove,450,360
usr_082,rageclick,450,330
usr_083,mousemove,350,250
usr_083,mousemove,360,255
usr_083,mousemove,370,260
usr_083,mousemove,380,265
usr_083,mousemove,390,270
usr_083,mousemove,400,275
usr_083,click,400,260
usr_084,mousemove,250,150
usr_084,mousemove,260,155
usr_084,mousemove,270,160
usr_084,mousemove,280,165
usr_084,mousemove,290,170
usr_084,mousemove,300,175
usr_084,click,300,160
usr_085,mousemove,400,200
usr_085,mousemove,410,210
usr_085,mousemove,420,220
usr_085,mousemove,430,230
usr_085,mousemove,440,240
usr_085,mousemove,450,250
usr_085,mousemove,460,260
usr_085,mousemove,470,270
usr_085,mousemove,480,280
usr_085,mousemove,490,290
usr_085,click,490,260
usr_085,mousemove,440,280
usr_085,mousemove,390,300
usr_085,mousemove,340,320
usr_085,mousemove,290,340
usr_085,mousemove,240,360
usr_085,mousemove,190,380
usr_085,rageclick,200,400
usr_086,mousemove,500,250
usr_086,mousemove,490,240
usr_086,mousemove,480,230
usr_086,mousemove,470,220
usr_086,mousemove,460,210
usr_086,mousemove,450,200
usr_086,mousemove,440,190
usr_086,mousemove,430,180
usr_086,mousemove,420,170
usr_086,mousemove,410,160
usr_086,click,410,190
usr_086,mousemove,450,210
usr_086,mousemove,490,230
usr_086,mousemove,530,250
usr_086,mousemove,570,270
usr_086,mousemove,610,290
usr_086,mousemove,650,310
usr_086,rageclick,550,380
usr_087,mousemove,200,100
usr_087,mousemove,210,105
usr_087,mousemove,220,110
usr_087,mousemove,230,115
usr_087,mousemove,240,120
usr_087,mousemove,250,125
usr_087,click,250,110
usr_088,mousemove,300,200
usr_088,mousemove,310,205
usr_088,mousemove,320,210
usr_088,mousemove,330,215
usr_088,mousemove,340,220
usr_088,mousemove,350,225
usr_088,click,350,210
usr_089,mousemove,550,250
usr_089,mousemove,540,260
usr_089,mousemove,530,270
usr_089,mousemove,520,280
usr_089,mousemove,510,290
usr_089,mousemove,500,300
usr_089,mousemove,490,310
usr_089,mousemove,480,320
usr_089,mousemove,470,330
usr_089,mousemove,460,340
usr_089,click,460,310
usr_089,mousemove,420,330
usr_089,mousemove,380,350
usr_089,mousemove,340,370
usr_089,mousemove,300,390
usr_089,mousemove,260,410
usr_089,mousemove,220,430
usr_089,rageclick,200,450
usr_090,mousemove,250,200
usr_090,mousemove,260,210
usr_090,mousemove,270,220
usr_090,mousemove,280,230
usr_090,mousemove,290,240
usr_090,mousemove,300,250
usr_090,mousemove,310,260
usr_090,mousemove,320,270
usr_090,mousemove,330,280
usr_090,mousemove,340,290
usr_090,mousemove,350,300
usr_090,mousemove,360,310
usr_090,mousemove,370,320
usr_090,mousemove,380,330
usr_090,mousemove,390,340
usr_090,click,400,260
usr_090,mousemove,450,280
usr_090,mousemove,500,300
usr_090,mousemove,550,320
usr_090,mousemove,500,340
usr_090,rageclick,500,330
usr_091,mousemove,350,150
usr_091,mousemove,360,155
usr_091,mousemove,370,160
usr_091,mousemove,380,165
usr_091,mousemove,390,170
usr_091,mousemove,400,175
usr_091,click,400,160
usr_092,mousemove,250,250
usr_092,mousemove,260,255
usr_092,mousemove,270,260
usr_092,mousemove,280,265
usr_092,mousemove,290,270
usr_092,mousemove,300,275
usr_092,click,300,260
usr_093,mousemove,450,200
usr_093,mousemove,440,210
usr_093,mousemove,430,220
usr_093,mousemove,420,230
usr_093,mousemove,410,240
usr_093,mousemove,400,250
usr_093,mousemove,390,260
usr_093,mousemove,380,270
usr_093,mousemove,370,280
usr_093,mousemove,360,290
usr_093,click,360,260
usr_093,mousemove,400,270
usr_093,mousemove,440,280
usr_093,mousemove,480,290
usr_093,mousemove,520,300
usr_093,mousemove,560,310
usr_093,mousemove,600,320
usr_093,rageclick,550,350
usr_094,mousemove,150,300
usr_094,mousemove,160,290
usr_094,mousemove,170,280
usr_094,mousemove,180,270
usr_094,mousemove,190,260
usr_094,mousemove,200,250
usr_094,mousemove,210,240
usr_094,mousemove,220,230
usr_094,mousemove,230,220
usr_094,mousemove,240,210
usr_094,mousemove,250,200
usr_094,mousemove,260,190
usr_094,mousemove,270,180
usr_094,mousemove,280,170
usr_094,mousemove,290,160
usr_094,click,300,240
usr_094,mousemove,350,260
usr_094,mousemove,400,280
usr_094,mousemove,450,300
usr_094,mousemove,500,320
usr_094,mousemove,450,340
usr_094,rageclick,450,380
usr_095,mousemove,300,250
usr_095,mousemove,310,255
usr_095,mousemove,320,260
usr_095,mousemove,330,265
usr_095,mousemove,340,270
usr_095,mousemove,350,275
usr_095,click,350,260
usr_096,mousemove,200,150
usr_096,mousemove,210,155
usr_096,mousemove,220,160
usr_096,mousemove,230,165
usr_096,mousemove,240,170
usr_096,mousemove,250,175
usr_096,click,250,160
usr_097,mousemove,500,150
usr_097,mousemove,490,160
usr_097,mousemove,480,170
usr_097,mousemove,470,180
usr_097,mousemove,460,190
usr_097,mousemove,450,200
usr_097,mousemove,440,210
usr_097,mousemove,430,220
usr_097,mousemove,420,230
usr_097,mousemove,410,240
usr_097,click,410,240
usr_097,mousemove,450,260
usr_097,mousemove,490,280
usr_097,mousemove,530,300
usr_097,mousemove,570,320
usr_097,mousemove,610,340
usr_097,rageclick,600,350
usr_098,mousemove,200,150
usr_098,mousemove,210,160
usr_098,mousemove,220,170
usr_098,mousemove,230,180
usr_098,mousemove,240,190
usr_098,mousemove,250,200
usr_098,mousemove,260,210
usr_098,mousemove,270,220
usr_098,mousemove,280,230
usr_098,mousemove,290,240
usr_098,mousemove,300,250
usr_098,mousemove,310,260
usr_098,mousemove,320,270
usr_098,mousemove,330,280
usr_098,mousemove,340,290
usr_098,click,350,210
usr_098,mousemove,400,230
usr_098,mousemove,450,250
usr_098,mousemove,500,270
usr_098,mousemove,450,290
usr_098,mousemove,400,310
usr_098,rageclick,450,330
usr_099,mousemove,250,200
usr_099,mousemove,260,205
usr_099,mousemove,270,210
usr_099,mousemove,280,215
usr_099,mousemove,290,220
usr_099,mousemove,300,225
usr_099,click,300,210
usr_100,mousemove,350,250
usr_100,mousemove,360,255
usr_100,mousemove,370,260
usr_100,mousemove,380,265
usr_100,mousemove,390,270
usr_100,mousemove,400,275
usr_100,click,400,260
usr_100,mousemove,450,270
usr_100,mousemove,500,280
usr_100,mousemove,550,290
usr_100,mousemove,600,300
usr_100,mousemove,650,310
usr_100,mousemove,700,320
usr_100,mousemove,750,330
usr_100,mousemove,800,340
usr_100,mousemove,850,350
usr_100,mousemove,900,360
usr_101,mousemove,400,150
usr_101,mousemove,410,160
usr_101,mousemove,420,170
usr_101,mousemove,430,180
usr_101,mousemove,440,190
usr_101,mousemove,450,200
usr_101,mousemove,460,210
usr_101,mousemove,470,220
usr_101,mousemove,480,230
usr_101,mousemove,490,240
usr_101,click,490,210
usr_101,mousemove,440,230
usr_101,mousemove,390,250
usr_101,mousemove,340,270
usr_101,mousemove,290,290
usr_101,mousemove,240,310
usr_101,mousemove,190,330
usr_101,rageclick,250,400
usr_102,mousemove,300,200
usr_102,mousemove,310,210
usr_102,mousemove,320,220
usr_102,mousemove,330,230
usr_102,mousemove,340,240
usr_102,mousemove,350,250
usr_102,mousemove,360,260
usr_102,mousemove,370,270
usr_102,mousemove,380,280
usr_102,mousemove,390,290
usr_102,mousemove,400,300
usr_102,mousemove,410,310
usr_102,mousemove,420,320
usr_102,mousemove,430,330
usr_102,mousemove,440,340
usr_102,click,450,260
usr_102,mousemove,400,280
usr_102,mousemove,350,300
usr_102,mousemove,300,320
usr_102,mousemove,250,340
usr_102,mousemove,200,360
usr_102,mousemove,150,380
usr_102,rageclick,200,330
usr_103,mousemove,200,150
usr_103,mousemove,210,155
usr_103,mousemove,220,160
usr_103,mousemove,230,165
usr_103,mousemove,240,170
usr_103,mousemove,250,175
usr_103,click,250,160
usr_104,mousemove,300,200
usr_104,mousemove,310,205
usr_104,mousemove,320,210
usr_104,mousemove,330,215
usr_104,mousemove,340,220
usr_104,mousemove,350,225
usr_104,click,350,210
usr_105,mousemove,550,250
usr_105,mousemove,540,260
usr_105,mousemove,530,270
usr_105,mousemove,520,280
usr_105,mousemove,510,290
usr_105,mousemove,500,300
usr_105,mousemove,490,310
usr_105,mousemove,480,320
usr_105,mousemove,470,330
usr_105,mousemove,460,340
usr_105,click,460,310
usr_105,mousemove,420,330
usr_105,mousemove,380,350
usr_105,mousemove,340,370
usr_105,mousemove,300,390
usr_105,mousemove,260,410
usr_105,mousemove,220,430
usr_105,rageclick,200,450
usr_106,mousemove,400,100
usr_106,mousemove,410,110
usr_106,mousemove,420,120
usr_106,mousemove,430,130
usr_106,mousemove,440,140
usr_106,mousemove,450,150
usr_106,mousemove,460,160
usr_106,mousemove,470,170
usr_106,mousemove,480,180
usr_106,mousemove,490,190
usr_106,mousemove,500,200
usr_106,mousemove,510,210
usr_106,mousemove,520,220
usr_106,mousemove,530,230
usr_106,mousemove,540,240
usr_106,click,550,160
usr_106,mousemove,500,180
usr_106,mousemove,450,200
usr_106,mousemove,400,220
usr_106,mousemove,350,240
usr_106,mousemove,300,260
usr_106,mousemove,250,280
usr_106,rageclick,300,400
usr_107,mousemove,400,250
usr_107,mousemove,410,255
usr_107,mousemove,420,260
usr_107,mousemove,430,265
usr_107,mousemove,440,270
usr_107,mousemove,450,275
usr_107,click,450,260
usr_108,mousemove,250,150
usr_108,mousemove,260,155
usr_108,mousemove,270,160
usr_108,mousemove,280,165
usr_108,mousemove,290,170
usr_108,mousemove,300,175
usr_108,click,300,160
usr_109,mousemove,500,200
usr_109,mousemove,490,210
usr_109,mousemove,480,220
usr_109,mousemove,470,230
usr_109,mousemove,460,240
usr_109,mousemove,450,250
usr_109,mousemove,440,260
usr_109,mousemove,430,270
usr_109,mousemove,420,280
usr_109,mousemove,410,290
usr_109,click,410,260
usr_109,mousemove,450,280
usr_109,mousemove,490,300
usr_109,mousemove,530,320
usr_109,mousemove,570,340
usr_109,mousemove,610,360
usr_109,rageclick,600,350
usr_110,mousemove,200,200
usr_110,mousemove,210,210
usr_110,mousemove,220,220
usr_110,mousemove,230,230
usr_110,mousemove,240,240
usr_110,mousemove,250,250
usr_110,mousemove,260,260
usr_110,mousemove,270,270
usr_110,mousemove,280,280
usr_110,mousemove,290,290
usr_110,mousemove,300,300
usr_110,mousemove,310,310
usr_110,mousemove,320,320
usr_110,mousemove,330,330
usr_110,mousemove,340,340
usr_110,click,350,260
usr_110,mousemove,400,280
usr_110,mousemove,450,300
usr_110,mousemove,500,320
usr_110,mousemove,450,340
usr_110,rageclick,450,380
usr_111,mousemove,300,200
usr_111,mousemove,310,205
usr_111,mousemove,320,210
usr_111,mousemove,330,215
usr_111,mousemove,340,220
usr_111,mousemove,350,225
usr_111,click,350,210
usr_112,mousemove,200,250
usr_112,mousemove,210,255
usr_112,mousemove,220,260
usr_112,mousemove,230,265
usr_112,mousemove,240,270
usr_112,mousemove,250,275
usr_112,click,250,260
usr_113,mousemove,450,150
usr_113,mousemove,440,160
usr_113,mousemove,430,170
usr_113,mousemove,420,180
usr_113,mousemove,410,190
usr_113,mousemove,400,200
usr_113,mousemove,390,210
usr_113,mousemove,380,220
usr_113,mousemove,370,230
usr_113,mousemove,360,240
usr_113,click,360,240
usr_113,mousemove,400,250
usr_113,mousemove,440,260
usr_113,mousemove,480,270
usr_113,mousemove,520,280
usr_113,mousemove,560,290
usr_113,mousemove,600,300
usr_113,rageclick,550,350
usr_114,mousemove,150,300
usr_114,mousemove,160,310
usr_114,mousemove,170,320
usr_114,mousemove,180,330
usr_114,mousemove,190,340
usr_114,mousemove,200,350
usr_114,mousemove,210,360
usr_114,mousemove,220,370
usr_114,mousemove,230,380
usr_114,mousemove,240,390
usr_114,mousemove,250,400
usr_114,mousemove,260,410
usr_114,mousemove,270,420
usr_114,mousemove,280,430
usr_114,mousemove,290,440
usr_114,click,300,360
usr_114,mousemove,350,340
usr_114,mousemove,400,320
usr_114,mousemove,450,300
usr_114,mousemove,500,280
usr_114,rageclick,500,200
usr_115,mousemove,350,250
usr_115,mousemove,360,255
usr_115,mousemove,370,260
usr_115,mousemove,380,265
usr_115,mousemove,390,270
usr_115,mousemove,400,275
usr_115,click,400,260
usr_116,mousemove,250,150
usr_116,mousemove,260,155
usr_116,mousemove,270,160
usr_116,mousemove,280,165
usr_116,mousemove,290,170
usr_116,mousemove,300,175
usr_116,click,300,160
usr_117,mousemove,550,200
usr_117,mousemove,540,210
usr_117,mousemove,530,220
usr_117,mousemove,520,230
usr_117,mousemove,510,240
usr_117,mousemove,500,250
usr_117,mousemove,490,260
usr_117,mousemove,480,270
usr_117,mousemove,470,280
usr_117,mousemove,460,290
usr_117,click,460,260
usr_117,mousemove,420,280
usr_117,mousemove,380,300
usr_117,mousemove,340,320
usr_117,mousemove,300,340
usr_117,mousemove,260,360
usr_117,mousemove,220,380
usr_117,rageclick,300,400
usr_118,mousemove,100,250
usr_118,mousemove,110,260
usr_118,mousemove,120,270
usr_118,mousemove,130,280
usr_118,mousemove,140,290
usr_118,mousemove,150,300
usr_118,mousemove,160,310
usr_118,mousemove,170,320
usr_118,mousemove,180,330
usr_118,mousemove,190,340
usr_118,mousemove,200,350
usr_118,mousemove,210,360
usr_118,mousemove,220,370
usr_118,mousemove,230,380
usr_118,mousemove,240,390
usr_118,click,250,310
usr_118,mousemove,300,290
usr_118,mousemove,350,270
usr_118,mousemove,400,250
usr_118,mousemove,450,230
usr_118,rageclick,450,150
usr_119,mousemove,200,200
usr_119,mousemove,210,205
usr_119,mousemove,220,210
usr_119,mousemove,230,215
usr_119,mousemove,240,220
usr_119,mousemove,250,225
usr_119,click,250,210
usr_120,mousemove,300,300
usr_120,mousemove,310,305
usr_120,mousemove,320,310
usr_120,mousemove,330,315
usr_120,mousemove,340,320
usr_120,mousemove,350,325
usr_120,click,350,310
usr_121,mousemove,500,150
usr_121,mousemove,490,160
usr_121,mousemove,480,170
usr_121,mousemove,470,180
usr_121,mousemove,460,190
usr_121,mousemove,450,200
usr_121,mousemove,440,210
usr_121,mousemove,430,220
usr_121,mousemove,420,230
usr_121,mousemove,410,240
usr_121,click,410,240
usr_121,mousemove,450,260
usr_121,mousemove,490,280
usr_121,mousemove,530,300
usr_121,mousemove,570,320
usr_121,mousemove,610,340
usr_121,rageclick,600,350
usr_122,mousemove,200,150
usr_122,mousemove,210,160
usr_122,mousemove,220,170
usr_122,mousemove,230,180
usr_122,mousemove,240,190
usr_122,mousemove,250,200
usr_122,mousemove,260,210
usr_122,mousemove,270,220
usr_122,mousemove,280,230
usr_122,mousemove,290,240
usr_122,mousemove,300,250
usr_122,mousemove,310,260
usr_122,mousemove,320,270
usr_122,mousemove,330,280
usr_122,mousemove,340,290
usr_122,click,350,210
usr_122,mousemove,400,230
usr_122,mousemove,450,250
usr_122,mousemove,500,270
usr_122,mousemove,450,290
usr_122,mousemove,400,310
usr_122,rageclick,450,330
usr_123,mousemove,350,150
usr_123,mousemove,360,155
usr_123,mousemove,370,160
usr_123,mousemove,380,165
usr_123,mousemove,390,170
usr_123,mousemove,400,175
usr_123,click,400,160
usr_124,mousemove,250,250
usr_124,mousemove,260,255
usr_124,mousemove,270,260
usr_124,mousemove,280,265
usr_124,mousemove,290,270
usr_124,mousemove,300,275
usr_124,click,300,260
usr_125,mousemove,450,200
usr_125,mousemove,440,210
usr_125,mousemove,430,220
usr_125,mousemove,420,230
usr_125,mousemove,410,240
usr_125,mousemove,400,250
usr_125,mousemove,390,260
usr_125,mousemove,380,270
usr_125,mousemove,370,280
usr_125,mousemove,360,290
usr_125,click,360,260
usr_125,mousemove,400,270
usr_125,mousemove,440,280
usr_125,mousemove,480,290
usr_125,mousemove,520,300
usr_125,mousemove,560,310
usr_125,mousemove,600,320
usr_125,rageclick,550,350
usr_126,mousemove,150,200
usr_126,mousemove,160,210
usr_126,mousemove,170,220
usr_126,mousemove,180,230
usr_126,mousemove,190,240
usr_126,mousemove,200,250
usr_126,mousemove,210,260
usr_126,mousemove,220,270
usr_126,mousemove,230,280
usr_126,mousemove,240,290
usr_126,mousemove,250,300
usr_126,mousemove,260,310
usr_126,mousemove,270,320
usr_126,mousemove,280,330
usr_126,mousemove,290,340
usr_126,click,300,260
usr_126,mousemove,350,280
usr_126,mousemove,400,300
usr_126,mousemove,450,320
usr_126,mousemove,500,340
usr_126,mousemove,450,360
usr_126,rageclick,450,380
usr_127,mousemove,300,250
usr_127,mousemove,310,255
usr_127,mousemove,320,260
usr_127,mousemove,330,265
usr_127,mousemove,340,270
usr_127,mousemove,350,275
usr_127,click,350,260
usr_128,mousemove,200,150
usr_128,mousemove,210,155
usr_128,mousemove,220,160
usr_128,mousemove,230,165
usr_128,mousemove,240,170
usr_128,mousemove,250,175
usr_128,click,250,160
usr_129,mousemove,550,250
usr_129,mousemove,540,260
usr_129,mousemove,530,270
usr_129,mousemove,520,280
usr_129,mousemove,510,290
usr_129,mousemove,500,300
usr_129,mousemove,490,310
usr_129,mousemove,480,320
usr_129,mousemove,470,330
usr_129,mousemove,460,340
usr_129,click,460,310
usr_129,mousemove,420,330
usr_129,mousemove,380,350
usr_129,mousemove,340,370
usr_129,mousemove,300,390
usr_129,mousemove,260,410
usr_129,mousemove,220,430
usr_129,rageclick,200,450
usr_130,mousemove,300,200
usr_130,mousemove,310,210
usr_130,mousemove,320,220
usr_130,mousemove,330,230
usr_130,mousemove,340,240
usr_130,mousemove,350,250
usr_130,mousemove,360,260
usr_130,mousemove,370,270
usr_130,mousemove,380,280
usr_130,mousemove,390,290
usr_130,mousemove,400,300
usr_130,mousemove,410,310
usr_130,mousemove,420,320
usr_130,mousemove,430,330
usr_130,mousemove,440,340
usr_130,click,450,260
usr_130,mousemove,400,280
usr_130,mousemove,350,300
usr_130,mousemove,300,320
usr_130,mousemove,250,340
usr_130,mousemove,200,360
usr_130,mousemove,150,380
usr_130,rageclick,200,330
usr_131,mousemove,400,200
usr_131,mousemove,410,205
usr_131,mousemove,420,210
usr_131,mousemove,430,215
usr_131,mousemove,440,220
usr_131,mousemove,450,225
usr_131,click,450,210
usr_132,mousemove,250,300
usr_132,mousemove,260,305
usr_132,mousemove,270,310
usr_132,mousemove,280,315
usr_132,mousemove,290,320
usr_132,mousemove,300,325
usr_132,click,300,310
usr_133,mousemove,350,150
usr_133,mousemove,360,160
usr_133,mousemove,370,170
usr_133,mousemove,380,180
usr_133,mousemove,390,190
usr_133,mousemove,400,200
usr_133,mousemove,410,210
usr_133,mousemove,420,220
usr_133,mousemove,430,230
usr_133,mousemove,440,240
usr_133,click,440,210
usr_133,mousemove,400,230
usr_133,mousemove,360,250
usr_133,mousemove,320,270
usr_133,mousemove,280,290
usr_133,mousemove,240,310
usr_133,mousemove,200,330
usr_133,rageclick,150,350
usr_134,mousemove,200,150
usr_134,mousemove,210,160
usr_134,mousemove,220,170
usr_134,mousemove,230,180
usr_134,mousemove,240,190
usr_134,mousemove,250,200
usr_134,mousemove,260,210
usr_134,mousemove,270,220
usr_134,mousemove,280,230
usr_134,mousemove,290,240
usr_134,mousemove,300,250
usr_134,mousemove,310,260
usr_134,mousemove,320,270
usr_134,mousemove,330,280
usr_134,mousemove,340,290
usr_134,click,350,210
usr_134,mousemove,400,230
usr_134,mousemove,450,250
usr_134,mousemove,500,270
usr_134,mousemove,450,290
usr_134,mousemove,400,310
usr_134,rageclick,450,330
usr_135,mousemove,300,200
usr_135,mousemove,310,205
usr_135,mousemove,320,210
usr_135,mousemove,330,215
usr_135,mousemove,340,220
usr_135,mousemove,350,225
usr_135,click,350,210
usr_136,mousemove,200,250
usr_136,mousemove,210,255
usr_136,mousemove,220,260
usr_136,mousemove,230,265
usr_136,mousemove,240,270
usr_136,mousemove,250,275
usr_136,click,250,260
usr_137,mousemove,400,150
usr_137,mousemove,410,160
usr_137,mousemove,420,170
usr_137,mousemove,430,180
usr_137,mousemove,440,190
usr_137,mousemove,450,200
usr_137,mousemove,460,210
usr_137,mousemove,470,220
usr_137,mousemove,480,230
usr_137,mousemove,490,240
usr_137,click,490,210
usr_137,mousemove,440,230
usr_137,mousemove,390,250
usr_137,mousemove,340,270
usr_137,mousemove,290,290
usr_137,mousemove,240,310
usr_137,mousemove,190,330
usr_137,rageclick,250,400
usr_138,mousemove,300,200
usr_138,mousemove,310,210
usr_138,mousemove,320,220
usr_138,mousemove,330,230
usr_138,mousemove,340,240
usr_138,mousemove,350,250
usr_138,mousemove,360,260
usr_138,mousemove,370,270
usr_138,mousemove,380,280
usr_138,mousemove,390,290
usr_138,mousemove,400,300
usr_138,mousemove,410,310
usr_138,mousemove,420,320
usr_138,mousemove,430,330
usr_138,mousemove,440,340
usr_138,click,450,260
usr_138,mousemove,400,280
usr_138,mousemove,350,300
usr_138,mousemove,300,320
usr_138,mousemove,250,340
usr_138,mousemove,200,360
usr_138,mousemove,150,380
usr_138,rageclick,200,330
usr_139,mousemove,250,200
usr_139,mousemove,260,205
usr_139,mousemove,270,210
usr_139,mousemove,280,215
usr_139,mousemove,290,220
usr_139,mousemove,300,225
usr_139,click,300,210
usr_140,mousemove,350,250
usr_140,mousemove,360,255
usr_140,mousemove,370,260
usr_140,mousemove,380,265
usr_140,mousemove,390,270
usr_140,mousemove,400,275
usr_140,click,400,260
usr_141,mousemove,500,150
usr_141,mousemove,490,160
usr_141,mousemove,480,170
usr_141,mousemove,470,180
usr_141,mousemove,460,190
usr_141,mousemove,450,200
usr_141,mousemove,440,210
usr_141,mousemove,430,220
usr_141,mousemove,420,230
usr_141,mousemove,410,240
usr_141,click,410,240
usr_141,mousemove,450,260
usr_141,mousemove,490,280
usr_141,mousemove,530,300
usr_141,mousemove,570,320
usr_141,mousemove,610,340
usr_141,rageclick,600,350
usr_142,mousemove,200,150
usr_142,mousemove,210,160
usr_142,mousemove,220,170
usr_142,mousemove,230,180
usr_142,mousemove,240,190
usr_142,mousemove,250,200
usr_142,mousemove,260,210
usr_142,mousemove,270,220
usr_142,mousemove,280,230
usr_142,mousemove,290,240
usr_142,mousemove,300,250
usr_142,mousemove,310,260
usr_142,mousemove,320,270
usr_142,mousemove,330,280
usr_142,mousemove,340,290
usr_142,click,350,210
usr_142,mousemove,400,230
usr_142,mousemove,450,250
usr_142,mousemove,500,270
usr_142,mousemove,450,290
usr_142,mousemove,400,310
usr_142,rageclick,450,330
usr_143,mousemove,300,150
usr_143,mousemove,310,155
usr_143,mousemove,320,160
usr_143,mousemove,330,165
usr_143,mousemove,340,170
usr_143,mousemove,350,175
usr_143,click,350,160
usr_144,mousemove,200,200
usr_144,mousemove,210,205
usr_144,mousemove,220,210
usr_144,mousemove,230,215
usr_144,mousemove,240,220
usr_144,mousemove,250,225
usr_144,click,250,210
usr_145,mousemove,450,200
usr_145,mousemove,440,210
usr_145,mousemove,430,220
usr_145,mousemove,420,230
usr_145,mousemove,410,240
usr_145,mousemove,400,250
usr_145,mousemove,390,260
usr_145,mousemove,380,270
usr_145,mousemove,370,280
usr_145,mousemove,360,290
usr_145,click,360,260
usr_145,mousemove,400,270
usr_145,mousemove,440,280
usr_145,mousemove,480,290
usr_145,mousemove,520,300
usr_145,mousemove,560,310
usr_145,mousemove,600,320
usr_145,rageclick,550,350
usr_146,mousemove,150,300
usr_146,mousemove,160,310
usr_146,mousemove,170,320
usr_146,mousemove,180,330
usr_146,mousemove,190,340
usr_146,mousemove,200,350
usr_146,mousemove,210,360
usr_146,mousemove,220,370
usr_146,mousemove,230,380
usr_146,mousemove,240,390
usr_146,mousemove,250,400
usr_146,mousemove,260,410
usr_146,mousemove,270,420
usr_146,mousemove,280,430
usr_146,mousemove,290,440
usr_146,click,300,360
usr_146,mousemove,350,340
usr_146,mousemove,400,320
usr_146,mousemove,450,300
usr_146,mousemove,500,280
usr_146,rageclick,500,200
usr_147,mousemove,350,250
usr_147,mousemove,360,255
usr_147,mousemove,370,260
usr_147,mousemove,380,265
usr_147,mousemove,390,270
usr_147,mousemove,400,275
usr_147,click,400,260
usr_148,mousemove,250,150
usr_148,mousemove,260,155
usr_148,mousemove,270,160
usr_148,mousemove,280,165
usr_148,mousemove,290,170
usr_148,mousemove,300,175
usr_148,click,300,160
usr_149,mousemove,550,200
usr_149,mousemove,540,210
usr_149,mousemove,530,220
usr_149,mousemove,520,230
usr_149,mousemove,510,240
usr_149,mousemove,500,250
usr_149,mousemove,490,260
usr_149,mousemove,480,270
usr_149,mousemove,470,280
usr_149,mousemove,460,290
usr_149,click,460,260
usr_149,mousemove,420,280
usr_149,mousemove,380,300
usr_149,mousemove,340,320
usr_149,mousemove,300,340
usr_149,mousemove,260,360
usr_149,mousemove,220,380
usr_149,rageclick,300,400
usr_150,mousemove,100,250
usr_150,mousemove,110,260
usr_150,mousemove,120,270
usr_150,mousemove,130,280
usr_150,mousemove,140,290
usr_150,mousemove,150,300
usr_150,mousemove,160,310
usr_150,mousemove,170,320
usr_150,mousemove,180,330
usr_150,mousemove,190,340
usr_150,mousemove,200,350
usr_150,mousemove,210,360
usr_150,mousemove,220,370
usr_150,mousemove,230,380
usr_150,mousemove,240,390
usr_150,click,250,310
usr_150,mousemove,300,290
usr_150,mousemove,350,270
usr_150,mousemove,400,250
usr_150,mousemove,450,230
usr_150,rageclick,450,150
usr_151,mousemove,200,200
usr_151,mousemove,210,205
usr_151,mousemove,220,210
usr_151,mousemove,230,215
usr_151,mousemove,240,220
usr_151,mousemove,250,225
usr_151,click,250,210
usr_152,mousemove,300,300
usr_152,mousemove,310,305
usr_152,mousemove,320,310
usr_152,mousemove,330,315
usr_152,mousemove,340,320
usr_152,mousemove,350,325
usr_152,click,350,310
usr_153,mousemove,500,150
usr_153,mousemove,490,160
usr_153,mousemove,480,170
usr_153,mousemove,470,180
usr_153,mousemove,460,190
usr_153,mousemove,450,200
usr_153,mousemove,440,210
usr_153,mousemove,430,220
usr_153,mousemove,420,230
usr_153,mousemove,410,240
usr_153,click,410,240
usr_153,mousemove,450,260
usr_153,mousemove,490,280
usr_153,mousemove,530,300
usr_153,mousemove,570,320
usr_153,mousemove,610,340
usr_153,rageclick,600,350
usr_154,mousemove,200,150
usr_154,mousemove,210,160
usr_154,mousemove,220,170
usr_154,mousemove,230,180
usr_154,mousemove,240,190
usr_154,mousemove,250,200
usr_154,mousemove,260,210
usr_154,mousemove,270,220
usr_154,mousemove,280,230
usr_154,mousemove,290,240
usr_154,mousemove,300,250
usr_154,mousemove,310,260
usr_154,mousemove,320,270
usr_154,mousemove,330,280
usr_154,mousemove,340,290
usr_154,click,350,210
usr_154,mousemove,400,230
usr_154,mousemove,450,250
usr_154,mousemove,500,270
usr_154,mousemove,450,290
usr_154,mousemove,400,310
usr_154,rageclick,470,330
usr_155,mousemove,350,150
usr_155,mousemove,360,155
usr_155,mousemove,370,160
usr_155,mousemove,380,165
usr_155,mousemove,390,170
usr_155,mousemove,400,175
usr_155,click,400,160
usr_156,mousemove,250,250
usr_156,mousemove,260,255
usr_156,mousemove,270,260
usr_156,mousemove,280,265
usr_156,mousemove,290,270
usr_156,mousemove,300,275
usr_156,click,300,260
usr_157,mousemove,450,200
usr_157,mousemove,440,210
usr_157,mousemove,430,220
usr_157,mousemove,420,230
usr_157,mousemove,410,240
usr_157,mousemove,400,250
usr_157,mousemove,390,260
usr_157,mousemove,380,270
usr_157,mousemove,370,280
usr_157,mousemove,360,290
usr_157,click,360,260
usr_157,mousemove,400,270
usr_157,mousemove,440,280
usr_157,mousemove,480,290
usr_157,mousemove,520,300
usr_157,mousemove,560,310
usr_157,mousemove,600,320
usr_157,rageclick,550,350
usr_158,mousemove,150,200
usr_158,mousemove,160,210
usr_158,mousemove,170,220
usr_158,mousemove,180,230
usr_158,mousemove,190,240
usr_158,mousemove,200,250
usr_158,mousemove,210,260
usr_158,mousemove,220,270
usr_158,mousemove,230,280
usr_158,mousemove,240,290
usr_158,mousemove,250,300
usr_158,mousemove,260,310
usr_158,mousemove,270,320
usr_158,mousemove,280,330
usr_158,mousemove,290,340
usr_158,click,300,260
usr_158,mousemove,350,280
usr_158,mousemove,400,300
usr_158,mousemove,450,320
usr_158,mousemove,500,340
usr_158,mousemove,450,360
usr_158,rageclick,450,380
usr_159,mousemove,300,250
usr_159,mousemove,310,255
usr_159,mousemove,320,260
usr_159,mousemove,330,265
usr_159,mousemove,340,270
usr_159,mousemove,350,275
usr_159,click,350,260
usr_160,mousemove,200,150
usr_160,mousemove,210,155
usr_160,mousemove,220,160
usr_160,mousemove,230,165
usr_160,mousemove,240,170
usr_160,mousemove,250,175
usr_160,click,250,160
usr_161,mousemove,550,250
usr_161,mousemove,540,260
usr_161,mousemove,530,270
usr_161,mousemove,520,280
usr_161,mousemove,510,290
usr_161,mousemove,500,300
usr_161,mousemove,490,310
usr_161,mousemove,480,320
usr_161,mousemove,470,330
usr_161,mousemove,460,340
usr_161,click,460,310
usr_161,mousemove,420,330
usr_161,mousemove,380,350
usr_161,mousemove,340,370
usr_161,mousemove,300,390
usr_161,mousemove,260,410
usr_161,mousemove,220,430
usr_161,rageclick,200,450
usr_162,mousemove,300,200
usr_162,mousemove,310,210
usr_162,mousemove,320,220
usr_162,mousemove,330,230
usr_162,mousemove,340,240
usr_162,mousemove,350,250
usr_162,mousemove,360,260
usr_162,mousemove,370,270
usr_162,mousemove,380,280
usr_162,mousemove,390,290
usr_162,mousemove,400,300
usr_162,mousemove,410,310
usr_162,mousemove,420,320
usr_162,mousemove,430,330
usr_162,mousemove,440,340
usr_162,click,450,260
usr_162,mousemove,400,280
usr_162,mousemove,350,300
usr_162,mousemove,300,320
usr_162,mousemove,250,340
usr_162,mousemove,200,360
usr_162,mousemove,150,380
usr_162,rageclick,200,330
usr_163,mousemove,400,200
usr_163,mousemove,410,205
usr_163,mousemove,420,210
usr_163,mousemove,430,215
usr_163,mousemove,440,220
usr_163,mousemove,450,225
usr_163,click,450,210
usr_164,mousemove,250,300
usr_164,mousemove,260,305
usr_164,mousemove,270,310
usr_164,mousemove,280,315
usr_164,mousemove,290,320
usr_164,mousemove,300,325
usr_164,click,300,310
usr_165,mousemove,350,150
usr_165,mousemove,360,160
usr_165,mousemove,370,170
usr_165,mousemove,380,180
usr_165,mousemove,390,190
usr_165,mousemove,400,200
usr_165,mousemove,410,210
usr_165,mousemove,420,220
usr_165,mousemove,430,230
usr_165,mousemove,440,240
usr_165,click,440,210
usr_165,mousemove,400,230
usr_165,mousemove,360,250
usr_165,mousemove,320,270
usr_165,mousemove,280,290
usr_165,mousemove,240,310
usr_165,mousemove,200,330
usr_165,rageclick,150,350
usr_166,mousemove,200,150
usr_166,mousemove,210,160
usr_166,mousemove,220,170
usr_166,mousemove,230,180
usr_166,mousemove,240,190
usr_166,mousemove,250,200
usr_166,mousemove,260,210
usr_166,mousemove,270,220
usr_166,mousemove,280,230
usr_166,mousemove,290,240
usr_166,mousemove,300,250
usr_166,mousemove,310,260
usr_166,mousemove,320,270
usr_166,mousemove,330,280
usr_166,mousemove,340,290
usr_166,click,350,210
usr_166,mousemove,400,230
usr_166,mousemove,450,250
usr_166,mousemove,500,270
usr_166,mousemove,450,290
usr_166,mousemove,400,310
usr_166,rageclick,450,330
usr_167,mousemove,300,200
usr_167,mousemove,310,205
usr_167,mousemove,320,210
usr_167,mousemove,330,215
usr_167,mousemove,340,220
usr_167,mousemove,350,225
usr_167,click,350,210
usr_168,mousemove,200,250
usr_168,mousemove,210,255
usr_168,mousemove,220,260
usr_168,mousemove,230,265
usr_168,mousemove,240,270
usr_168,mousemove,250,275
usr_168,click,250,260
usr_169,mousemove,400,150
usr_169,mousemove,410,160
usr_169,mousemove,420,170
usr_169,mousemove,430,180
usr_169,mousemove,440,190
usr_169,mousemove,450,200
usr_169,mousemove,460,210
usr_169,mousemove,470,220
usr_169,mousemove,480,230
usr_169,mousemove,490,240
usr_169,click,490,210
usr_169,mousemove,440,230
usr_169,mousemove,390,250
usr_169,mousemove,340,270
usr_169,mousemove,290,290
usr_169,mousemove,240,310
usr_169,mousemove,190,330
usr_169,rageclick,250,400
usr_170,mousemove,300,200
usr_170,mousemove,310,210
usr_170,mousemove,320,220
usr_170,mousemove,330,230
usr_170,mousemove,340,240
usr_170,mousemove,350,250
usr_170,mousemove,360,260
usr_170,mousemove,370,270
usr_170,mousemove,380,280
usr_170,mousemove,390,290
usr_170,mousemove,400,300
usr_170,mousemove,410,310
usr_170,mousemove,420,320
usr_170,mousemove,430,330
usr_170,mousemove,440,340
usr_170,click,450,260
usr_170,mousemove,400,280
usr_170,mousemove,350,300
usr_170,mousemove,300,320
usr_170,mousemove,250,340
usr_170,mousemove,200,360
usr_170,mousemove,150,380
usr_170,rageclick,200,330
usr_171,mousemove,250,200
usr_171,mousemove,260,205
usr_171,mousemove,270,210
usr_171,mousemove,280,215
usr_171,mousemove,290,220
usr_171,mousemove,300,225
usr_171,click,300,210
usr_172,mousemove,350,250
usr_172,mousemove,360,255
usr_172,mousemove,370,260
usr_172,mousemove,380,265
usr_172,mousemove,390,270
usr_172,mousemove,400,275
usr_172,click,400,260
usr_173,mousemove,500,150
usr_173,mousemove,490,160
usr_173,mousemove,480,170
usr_173,mousemove,470,180
usr_173,mousemove,460,190
usr_173,mousemove,450,200
usr_173,mousemove,440,210
usr_173,mousemove,430,220
usr_173,mousemove,420,230
usr_173,mousemove,410,240
usr_173,click,410,240
usr_173,mousemove,450,260
usr_173,mousemove,490,280
usr_173,mousemove,530,300
usr_173,mousemove,570,320
usr_173,mousemove,610,340
usr_173,rageclick,600,350
usr_174,mousemove,200,150
usr_174,mousemove,210,160
usr_174,mousemove,220,170
usr_174,mousemove,230,180
usr_174,mousemove,240,190
usr_174,mousemove,250,200
usr_174,mousemove,260,210
usr_174,mousemove,270,220
usr_174,mousemove,280,230
usr_174,mousemove,290,240
usr_174,mousemove,300,250
usr_174,mousemove,310,260
usr_174,mousemove,320,270
usr_174,mousemove,330,280
usr_174,mousemove,340,290
usr_174,click,350,210
usr_174,mousemove,400,230
usr_174,mousemove,450,250
usr_174,mousemove,500,270
usr_174,mousemove,450,290
usr_174,mousemove,400,310
usr_174,rageclick,450,330
usr_175,mousemove,300,150
usr_175,mousemove,310,155
usr_175,mousemove,320,160
usr_175,mousemove,330,165
usr_175,mousemove,340,170
usr_175,mousemove,350,175
usr_175,click,350,160
usr_176,mousemove,200,200
usr_176,mousemove,210,205
usr_176,mousemove,220,210
usr_176,mousemove,230,215
usr_176,mousemove,240,220
usr_176,mousemove,250,225
usr_176,click,250,210
usr_177,mousemove,450,150
usr_177,mousemove,440,160
usr_177,mousemove,430,170
usr_177,mousemove,420,180
usr_177,mousemove,410,190
usr_177,mousemove,400,200
usr_177,mousemove,390,210
usr_177,mousemove,380,220
usr_177,mousemove,370,230
usr_177,mousemove,360,240
usr_177,click,360,240
usr_177,mousemove,400,250
usr_177,mousemove,440,260
usr_177,mousemove,480,270
usr_177,mousemove,520,280
usr_177,mousemove,560,290
usr_177,mousemove,600,300
usr_177,rageclick,550,350
usr_178,mousemove,150,300
usr_178,mousemove,160,310
usr_178,mousemove,170,320
usr_178,mousemove,180,330
usr_178,mousemove,190,340
usr_178,mousemove,200,350
usr_178,mousemove,210,360
usr_178,mousemove,220,370
usr_178,mousemove,230,380
usr_178,mousemove,240,390
usr_178,mousemove,250,400
usr_178,mousemove,260,410
usr_178,mousemove,270,420
usr_178,mousemove,280,430
usr_178,mousemove,290,440
usr_178,click,300,360
usr_178,mousemove,350,340
usr_178,mousemove,400,320
usr_178,mousemove,450,300
usr_178,mousemove,500,280
usr_178,rageclick,500,200
usr_179,mousemove,350,250
usr_179,mousemove,360,255
usr_179,mousemove,370,260
usr_179,mousemove,380,265
usr_179,mousemove,390,270
usr_179,mousemove,400,275
usr_179,click,400,260
usr_180,mousemove,250,150
usr_180,mousemove,260,155
usr_180,mousemove,270,160
usr_180,mousemove,280,165
usr_180,mousemove,290,170
usr_180,mousemove,300,175
usr_180,click,300,160
usr_181,mousemove,550,200
usr_181,mousemove,540,210
usr_181,mousemove,530,220
usr_181,mousemove,520,230
usr_181,mousemove,510,240
usr_181,mousemove,500,250
usr_181,mousemove,490,260
usr_181,mousemove,480,270
usr_181,mousemove,470,280
usr_181,mousemove,460,290
usr_181,click,460,260
usr_181,mousemove,420,280
usr_181,mousemove,380,300
usr_181,mousemove,340,320
usr_181,mousemove,300,340
usr_181,mousemove,260,360
usr_181,mousemove,220,380
usr_181,rageclick,300,400
usr_182,mousemove,100,250
usr_182,mousemove,110,260
usr_182,mousemove,120,270
usr_182,mousemove,130,280
usr_182,mousemove,140,290
usr_182,mousemove,150,300
usr_182,mousemove,160,310
usr_182,mousemove,170,320
usr_182,mousemove,180,330
usr_182,mousemove,190,340
usr_182,mousemove,200,350
usr_182,mousemove,210,360
usr_182,mousemove,220,370
usr_182,mousemove,230,380
usr_182,mousemove,240,390
usr_182,click,250,310
usr_182,mousemove,300,290
usr_182,mousemove,350,270
usr_182,mousemove,400,250
usr_182,mousemove,450,230
usr_182,rageclick,450,150
usr_183,mousemove,200,200
usr_183,mousemove,210,205
usr_183,mousemove,220,210
usr_183,mousemove,230,215
usr_183,mousemove,240,220
usr_183,mousemove,250,225
usr_183,click,250,210
usr_184,mousemove,300,300
usr_184,mousemove,310,305
usr_184,mousemove,320,310
usr_184,mousemove,330,315
usr_184,mousemove,340,320
usr_184,mousemove,350,325
usr_184,click,350,310
usr_185,mousemove,500,150
usr_185,mousemove,490,160
usr_185,mousemove,480,170
usr_185,mousemove,470,180
usr_185,mousemove,460,190
usr_185,mousemove,450,200
usr_185,mousemove,440,210
usr_185,mousemove,430,220
usr_185,mousemove,420,230
usr_185,mousemove,410,240
usr_185,click,410,240
usr_185,mousemove,450,260
usr_185,mousemove,490,280
usr_185,mousemove,530,300
usr_185,mousemove,570,320
usr_185,mousemove,610,340
usr_185,rageclick,600,350
usr_186,mousemove,200,150
usr_186,mousemove,210,160
usr_186,mousemove,220,170
usr_186,mousemove,230,180
usr_186,mousemove,240,190
usr_186,mousemove,250,200
usr_186,mousemove,260,210
usr_186,mousemove,270,220
usr_186,mousemove,280,230
usr_186,mousemove,290,240
usr_186,mousemove,300,250
usr_186,mousemove,310,260
usr_186,mousemove,320,270
usr_186,mousemove,330,280
usr_186,mousemove,340,290
usr_186,click,350,210
usr_186,mousemove,400,230
usr_186,mousemove,450,250
usr_186,mousemove,500,270
usr_186,mousemove,450,290
usr_186,mousemove,400,310
usr_186,rageclick,450,330
usr_187,mousemove,350,150
usr_187,mousemove,360,155
usr_187,mousemove,370,160
usr_187,mousemove,380,165
usr_187,mousemove,390,170
usr_187,mousemove,400,175
usr_187,click,400,160
usr_188,mousemove,250,250
usr_188,mousemove,260,255
usr_188,mousemove,270,260
usr_188,mousemove,280,265
usr_188,mousemove,290,270
usr_188,mousemove,300,275
usr_188,click,300,260
usr_189,mousemove,450,200
usr_189,mousemove,440,210
usr_189,mousemove,430,220
usr_189,mousemove,420,230
usr_189,mousemove,410,240
usr_189,mousemove,400,250
usr_189,mousemove,390,260
usr_189,mousemove,380,270
usr_189,mousemove,370,280
usr_189,mousemove,360,290
usr_189,click,360,260
usr_189,mousemove,400,270
usr_189,mousemove,440,280
usr_189,mousemove,480,290
usr_189,mousemove,520,300
usr_189,mousemove,560,310
usr_189,mousemove,600,320
usr_189,rageclick,550,350
usr_190,mousemove,150,200
usr_190,mousemove,160,210
usr_190,mousemove,170,220
usr_190,mousemove,180,230
usr_190,mousemove,190,240
usr_190,mousemove,200,250
usr_190,mousemove,210,260
usr_190,mousemove,220,270
usr_190,mousemove,230,280
usr_190,mousemove,240,290
usr_190,mousemove,250,300
usr_190,mousemove,260,310
usr_190,mousemove,270,320
usr_190,mousemove,280,330
usr_190,mousemove,290,340
usr_190,click,300,260
usr_190,mousemove,350,280
usr_190,mousemove,400,300
usr_190,mousemove,450,320
usr_190,mousemove,500,340
usr_190,mousemove,450,360
usr_190,rageclick,450,380
usr_191,mousemove,300,250
usr_191,mousemove,310,255
usr_191,mousemove,320,260
usr_191,mousemove,330,265
usr_191,mousemove,340,270
usr_191,mousemove,350,275
usr_191,click,350,260
usr_192,mousemove,200,150
usr_192,mousemove,210,155
usr_192,mousemove,220,160
usr_192,mousemove,230,165
usr_192,mousemove,240,170
usr_192,mousemove,250,175
usr_192,click,250,160
usr_193,mousemove,550,250
usr_193,mousemove,540,260
usr_193,mousemove,530,270
usr_193,mousemove,520,280
usr_193,mousemove,510,290
usr_193,mousemove,500,300
usr_193,mousemove,490,310
usr_193,mousemove,480,320
usr_193,mousemove,470,330
usr_193,mousemove,460,340
usr_193,click,460,310
usr_193,mousemove,420,330
usr_193,mousemove,380,350
usr_193,mousemove,340,370
usr_193,mousemove,300,390
usr_193,mousemove,260,410
usr_193,mousemove,220,430
usr_193,rageclick,200,450
usr_194,mousemove,300,200
usr_194,mousemove,310,210
usr_194,mousemove,320,220
usr_194,mousemove,330,230
usr_194,mousemove,340,240
usr_194,mousemove,350,250
usr_194,mousemove,360,260
usr_194,mousemove,370,270
usr_194,mousemove,380,280
usr_194,mousemove,390,290
usr_194,mousemove,400,300
usr_194,mousemove,410,310
usr_194,mousemove,420,320
usr_194,mousemove,430,330
usr_194,mousemove,440,340
usr_194,click,450,260
usr_194,mousemove,400,280
usr_194,mousemove,350,300
usr_194,mousemove,300,320
usr_194,mousemove,250,340
usr_194,mousemove,200,360
usr_194,mousemove,150,380
usr_194,rageclick,200,330
usr_195,mousemove,400,200
usr_195,mousemove,410,205
usr_195,mousemove,420,210
usr_195,mousemove,430,215
usr_195,mousemove,440,220
usr_195,mousemove,450,225
usr_195,click,450,210
usr_196,mousemove,250,300
usr_196,mousemove,260,305
usr_196,mousemove,270,310
usr_196,mousemove,280,315
usr_196,mousemove,290,320
usr_196,mousemove,300,325
usr_196,click,300,310
usr_197,mousemove,350,150
usr_197,mousemove,360,160
usr_197,mousemove,370,170
usr_197,mousemove,380,180
usr_197,mousemove,390,190
usr_197,mousemove,400,200
usr_197,mousemove,410,210
usr_197,mousemove,420,220
usr_197,mousemove,430,230
usr_197,mousemove,440,240
usr_197,click,440,210
usr_197,mousemove,400,230
usr_197,mousemove,360,250
usr_197,mousemove,320,270
usr_197,mousemove,280,290
usr_197,mousemove,240,310
usr_197,mousemove,200,330
usr_197,rageclick,150,350
usr_198,mousemove,200,150
usr_198,mousemove,210,160
usr_198,mousemove,220,170
usr_198,mousemove,230,180
usr_198,mousemove,240,190
usr_198,mousemove,250,200
usr_198,mousemove,260,210
usr_198,mousemove,270,220
usr_198,mousemove,280,230
usr_198,mousemove,290,240
usr_198,mousemove,300,250
usr_198,mousemove,310,260
usr_198,mousemove,320,270
usr_198,mousemove,330,280
usr_198,mousemove,340,290
usr_198,click,350,210
usr_198,mousemove,400,230
usr_198,mousemove,450,250
usr_198,mousemove,500,270
usr_198,mousemove,450,290
usr_198,mousemove,400,310
usr_198,rageclick,450,330
usr_199,mousemove,300,200
usr_199,mousemove,310,205
usr_199,mousemove,320,210
usr_199,mousemove,330,215
usr_199,mousemove,340,220
usr_199,mousemove,350,225
usr_199,click,350,210
usr_200,mousemove,200,250
usr_200,mousemove,210,255
usr_200,mousemove,220,260
usr_200,mousemove,230,265
usr_200,mousemove,240,270
usr_200,mousemove,250,275
usr_200,click,250,260
usr_201,mousemove,400,150
usr_201,mousemove,410,160
usr_201,mousemove,420,170
usr_201,mousemove,430,180
usr_201,mousemove,440,190
usr_201,mousemove,450,200
usr_201,mousemove,460,210
usr_201,mousemove,470,220
usr_201,mousemove,480,230
usr_201,mousemove,490,240
usr_201,click,490,210
usr_201,mousemove,440,230
usr_201,mousemove,390,250
usr_201,mousemove,340,270
usr_201,mousemove,290,290
usr_201,mousemove,240,310
usr_201,mousemove,190,330
usr_201,rageclick,250,400
usr_202,mousemove,300,200
usr_202,mousemove,310,210
usr_202,mousemove,320,220
usr_202,mousemove,330,230
usr_202,mousemove,340,240
usr_202,mousemove,350,250
usr_202,mousemove,360,260
usr_202,mousemove,370,270
usr_202,mousemove,380,280
usr_202,mousemove,390,290
usr_202,mousemove,400,300
usr_202,mousemove,410,310
usr_202,mousemove,420,320
usr_202,mousemove,430,330
usr_202,mousemove,440,340
usr_202,click,450,260
usr_202,mousemove,400,280
usr_202,mousemove,350,300
usr_202,mousemove,300,320
usr_202,mousemove,250,340
usr_202,mousemove,200,360
usr_202,mousemove,150,380
usr_202,rageclick,200,330
usr_203,mousemove,200,150
usr_203,mousemove,210,155
usr_203,mousemove,220,160
usr_203,mousemove,230,165
usr_203,mousemove,240,170
usr_203,mousemove,250,175
usr_203,click,250,160
usr_204,mousemove,300,200
usr_204,mousemove,310,205
usr_204,mousemove,320,210
usr_204,mousemove,330,215
usr_204,mousemove,340,220
usr_204,mousemove,350,225
usr_204,click,350,210
usr_205,mousemove,550,250
usr_205,mousemove,540,260
usr_205,mousemove,530,270
usr_205,mousemove,520,280
usr_205,mousemove,510,290
usr_205,mousemove,500,300
usr_205,mousemove,490,310
usr_205,mousemove,480,320
usr_205,mousemove,470,330
usr_205,mousemove,460,340
usr_205,click,460,310
usr_205,mousemove,420,330
usr_205,mousemove,380,350
usr_205,mousemove,340,370
usr_205,mousemove,300,390
usr_205,mousemove,260,410
usr_205,mousemove,220,430
usr_205,rageclick,200,450
usr_206,mousemove,400,100
usr_206,mousemove,410,110
usr_206,mousemove,420,120
usr_206,mousemove,430,130
usr_206,mousemove,440,140
usr_206,mousemove,450,150
usr_206,mousemove,460,160
usr_206,mousemove,470,170
usr_206,mousemove,480,180
usr_206,mousemove,490,190
usr_206,mousemove,500,200
usr_206,mousemove,510,210
usr_206,mousemove,520,220
usr_206,mousemove,530,230
usr_206,mousemove,540,240
usr_206,click,550,160
usr_206,mousemove,500,180
usr_206,mousemove,450,200
usr_206,mousemove,400,220
usr_206,mousemove,350,240
usr_206,mousemove,300,260
usr_206,mousemove,250,280
usr_206,rageclick,300,400
usr_207,mousemove,400,250
usr_207,mousemove,410,255
usr_207,mousemove,420,260
usr_207,mousemove,430,265
usr_207,mousemove,440,270
usr_207,mousemove,450,275
usr_207,click,450,260
usr_208,mousemove,250,150
usr_208,mousemove,260,155
usr_208,mousemove,270,160
usr_208,mousemove,280,165
usr_208,mousemove,290,170
usr_208,mousemove,300,175
usr_208,click,300,160
usr_209,mousemove,500,200
usr_209,mousemove,490,210
usr_209,mousemove,480,220
usr_209,mousemove,470,230
usr_209,mousemove,460,240
usr_209,mousemove,450,250
usr_209,mousemove,440,260
usr_209,mousemove,430,270
usr_209,mousemove,420,280
usr_209,mousemove,410,290
usr_209,click,410,260
usr_209,mousemove,450,280
usr_209,mousemove,490,300
usr_209,mousemove,530,320
usr_209,mousemove,570,340
usr_209,mousemove,610,360
usr_209,rageclick,600,350
usr_210,mousemove,200,200
usr_210,mousemove,210,210
usr_210,mousemove,220,220
usr_210,mousemove,230,230
usr_210,mousemove,240,240
usr_210,mousemove,250,250
usr_210,mousemove,260,260
usr_210,mousemove,270,270
usr_210,mousemove,280,280
usr_210,mousemove,290,290
usr_210,mousemove,300,300
usr_210,mousemove,310,310
usr_210,mousemove,320,320
usr_210,mousemove,330,330
usr_210,mousemove,340,340
usr_210,click,350,260
usr_210,mousemove,400,280
usr_210,mousemove,450,300
usr_210,mousemove,500,320
usr_210,mousemove,450,340
usr_210,rageclick,450,380
usr_211,mousemove,300,200
usr_211,mousemove,310,205
usr_211,mousemove,320,210
usr_211,mousemove,330,215
usr_211,mousemove,340,220
usr_211,mousemove,350,225
usr_211,click,350,210
usr_212,mousemove,200,250
usr_212,mousemove,210,255
usr_212,mousemove,220,260
usr_212,mousemove,230,265
usr_212,mousemove,240,270
usr_212,mousemove,250,275
usr_212,click,250,260
usr_213,mousemove,450,150
usr_213,mousemove,440,160
usr_213,mousemove,430,170
usr_213,mousemove,420,180
usr_213,mousemove,410,190
usr_213,mousemove,400,200
usr_213,mousemove,390,210
usr_213,mousemove,380,220
usr_213,mousemove,370,230
usr_213,mousemove,360,240
usr_213,click,360,240
usr_213,mousemove,400,250
usr_213,mousemove,440,260
usr_213,mousemove,480,270
usr_213,mousemove,520,280
usr_213,mousemove,560,290
usr_213,mousemove,600,300
usr_213,rageclick,550,350
usr_214,mousemove,150,300
usr_214,mousemove,160,310
usr_214,mousemove,170,320
usr_214,mousemove,180,330
usr_214,mousemove,190,340
usr_214,mousemove,200,350
usr_214,mousemove,210,360
usr_214,mousemove,220,370
usr_214,mousemove,230,380
usr_214,mousemove,240,390
usr_214,mousemove,250,400
usr_214,mousemove,260,410
usr_214,mousemove,270,420
usr_214,mousemove,280,430
usr_214,mousemove,290,440
usr_214,click,300,360
usr_214,mousemove,350,340
usr_214,mousemove,400,320
usr_214,mousemove,450,300
usr_214,mousemove,500,280
usr_214,rageclick,500,200
usr_215,mousemove,350,250
usr_215,mousemove,360,255
usr_215,mousemove,370,260
usr_215,mousemove,380,265
usr_215,mousemove,390,270
usr_215,mousemove,400,275
usr_215,click,400,260
usr_216,mousemove,250,150
usr_216,mousemove,260,155
usr_216,mousemove,270,160
usr_216,mousemove,280,165
usr_216,mousemove,290,170
usr_216,mousemove,300,175
usr_216,click,300,160
usr_217,mousemove,550,200
usr_217,mousemove,540,210
usr_217,mousemove,530,220
usr_217,mousemove,520,230
usr_217,mousemove,510,240
usr_217,mousemove,500,250
usr_217,mousemove,490,260
usr_217,mousemove,480,270
usr_217,mousemove,470,280
usr_217,mousemove,460,290
usr_217,click,460,260
usr_217,mousemove,420,280
usr_217,mousemove,380,300
usr_217,mousemove,340,320
usr_217,mousemove,300,340
usr_217,mousemove,260,360
usr_217,mousemove,220,380
usr_217,rageclick,300,400
usr_218,mousemove,100,250
usr_218,mousemove,110,260
usr_218,mousemove,120,270
usr_218,mousemove,130,280
usr_218,mousemove,140,290
usr_218,mousemove,150,300
usr_218,mousemove,160,310
usr_218,mousemove,170,320
usr_218,mousemove,180,330
usr_218,mousemove,190,340
usr_218,mousemove,200,350
usr_218,mousemove,210,360
usr_218,mousemove,220,370
usr_218,mousemove,230,380
usr_218,mousemove,240,390
usr_218,click,250,310
usr_218,mousemove,300,290
usr_218,mousemove,350,270
usr_218,mousemove,400,250
usr_218,mousemove,450,230
usr_218,rageclick,450,150
usr_219,mousemove,200,200
usr_219,mousemove,210,205
usr_219,mousemove,220,210
usr_219,mousemove,230,215
usr_219,mousemove,240,220
usr_219,mousemove,250,225
usr_219,click,250,210
usr_220,mousemove,300,300
usr_220,mousemove,310,305
usr_220,mousemove,320,310
usr_220,mousemove,330,315
usr_220,mousemove,340,320
usr_220,mousemove,350,325
usr_220,click,350,310
usr_221,mousemove,500,150
usr_221,mousemove,490,160
usr_221,mousemove,480,170
usr_221,mousemove,470,180
usr_221,mousemove,460,190
usr_221,mousemove,450,200
usr_221,mousemove,440,210
usr_221,mousemove,430,220
usr_221,mousemove,420,230
usr_221,mousemove,410,240
usr_221,click,410,240
usr_221,mousemove,450,260
usr_221,mousemove,490,280
usr_221,mousemove,530,300
usr_221,mousemove,570,320
usr_221,mousemove,610,340
usr_221,rageclick,600,350
usr_222,mousemove,200,150
usr_222,mousemove,210,160
usr_222,mousemove,220,170
usr_222,mousemove,230,180
usr_222,mousemove,240,190
usr_222,mousemove,250,200
usr_222,mousemove,260,210
usr_222,mousemove,270,220
usr_222,mousemove,280,230
usr_222,mousemove,290,240
usr_222,mousemove,300,250
usr_222,mousemove,310,260
usr_222,mousemove,320,270
usr_222,mousemove,330,280
usr_222,mousemove,340,290
usr_222,click,350,210
usr_222,mousemove,400,230
usr_222,mousemove,450,250
usr_222,mousemove,500,270
usr_222,mousemove,450,290
usr_222,mousemove,400,310
usr_222,rageclick,450,330
usr_223,mousemove,350,150
usr_223,mousemove,360,155
usr_223,mousemove,370,160
usr_223,mousemove,380,165
usr_223,mousemove,390,170
usr_223,mousemove,400,175
usr_223,click,400,160
usr_224,mousemove,250,250
usr_224,mousemove,260,255
usr_224,mousemove,270,260
usr_224,mousemove,280,265
usr_224,mousemove,290,270
usr_224,mousemove,300,275
usr_224,click,300,260
usr_225,mousemove,450,200
usr_225,mousemove,440,210
usr_225,mousemove,430,220
usr_225,mousemove,420,230
usr_225,mousemove,410,240
usr_225,mousemove,400,250
usr_225,mousemove,390,260
usr_225,mousemove,380,270
usr_225,mousemove,370,280
usr_225,mousemove,360,290
usr_225,click,360,260
usr_225,mousemove,400,270
usr_225,mousemove,440,280
usr_225,mousemove,480,290
usr_225,mousemove,520,300
usr_225,mousemove,560,310
usr_225,mousemove,600,320
usr_225,rageclick,550,350
usr_226,mousemove,150,200
usr_226,mousemove,160,210
usr_226,mousemove,170,220
usr_226,mousemove,180,230
usr_226,mousemove,190,240
usr_226,mousemove,200,250
usr_226,mousemove,210,260
usr_226,mousemove,220,270
usr_226,mousemove,230,280
usr_226,mousemove,240,290
usr_226,mousemove,250,300
usr_226,mousemove,260,310
usr_226,mousemove,270,320
usr_226,mousemove,280,330
usr_226,mousemove,290,340
usr_226,click,300,260
usr_226,mousemove,350,280
usr_226,mousemove,400,300
usr_226,mousemove,450,320
usr_226,mousemove,500,340
usr_226,mousemove,450,360
usr_226,rageclick,450,380
usr_227,mousemove,300,250
usr_227,mousemove,310,255
usr_227,mousemove,320,260
usr_227,mousemove,330,265
usr_227,mousemove,340,270
usr_227,mousemove,350,275
usr_227,click,350,260
usr_228,mousemove,200,150
usr_228,mousemove,210,155
usr_228,mousemove,220,160
usr_228,mousemove,230,165
usr_228,mousemove,240,170
usr_228,mousemove,250,175
usr_228,click,250,160
usr_229,mousemove,550,250
usr_229,mousemove,540,260
usr_229,mousemove,530,270
usr_229,mousemove,520,280
usr_229,mousemove,510,290
usr_229,mousemove,500,300
usr_229,mousemove,490,310
usr_229,mousemove,480,320
usr_229,mousemove,470,330
usr_229,mousemove,460,340
usr_229,click,460,310
usr_229,mousemove,420,330
usr_229,mousemove,380,350
usr_229,mousemove,340,370
usr_229,mousemove,300,390
usr_229,mousemove,260,410
usr_229,mousemove,220,430
usr_229,rageclick,200,450
usr_230,mousemove,300,200
usr_230,mousemove,310,210
usr_230,mousemove,320,220
usr_230,mousemove,330,230
usr_230,mousemove,340,240
usr_230,mousemove,350,250
usr_230,mousemove,360,260
usr_230,mousemove,370,270
usr_230,mousemove,380,280
usr_230,mousemove,390,290
usr_230,mousemove,400,300
usr_230,mousemove,410,310
usr_230,mousemove,420,320
usr_230,mousemove,430,330
usr_230,mousemove,440,340
usr_230,click,450,260
usr_230,mousemove,400,280
usr_230,mousemove,350,300
usr_230,mousemove,300,320
usr_230,mousemove,250,340
usr_230,mousemove,200,360
usr_230,mousemove,150,380
usr_230,rageclick,200,330
usr_231,mousemove,400,200
usr_231,mousemove,410,205
usr_231,mousemove,420,210
usr_231,mousemove,430,215
usr_231,mousemove,440,220
usr_231,mousemove,450,225
usr_231,click,450,210
usr_232,mousemove,250,300
usr_232,mousemove,260,305
usr_232,mousemove,270,310
usr_232,mousemove,280,315
usr_232,mousemove,290,320
usr_232,mousemove,300,325
usr_232,click,300,310
usr_233,mousemove,350,150
usr_233,mousemove,360,160
usr_233,mousemove,370,170
usr_233,mousemove,380,180
usr_233,mousemove,390,190
usr_233,mousemove,400,200
usr_233,mousemove,410,210
usr_233,mousemove,420,220
usr_233,mousemove,430,230
usr_233,mousemove,440,240
usr_233,click,440,210
usr_233,mousemove,400,230
usr_233,mousemove,360,250
usr_233,mousemove,320,270
usr_233,mousemove,280,290
usr_233,mousemove,240,310
usr_233,mousemove,200,330
usr_233,rageclick,150,350
usr_234,mousemove,200,150
usr_234,mousemove,210,160
usr_234,mousemove,220,170
usr_234,mousemove,230,180
usr_234,mousemove,240,190
usr_234,mousemove,250,200
usr_234,mousemove,260,210
usr_234,mousemove,270,220
usr_234,mousemove,280,230
usr_234,mousemove,290,240
usr_234,mousemove,300,250
usr_234,mousemove,310,260
usr_234,mousemove,320,270
usr_234,mousemove,330,280
usr_234,mousemove,340,290
usr_234,click,350,210
usr_234,mousemove,400,230
usr_234,mousemove,450,250
usr_234,mousemove,500,270
usr_234,mousemove,450,290
usr_234,mousemove,400,310
usr_234,rageclick,450,330
usr_235,mousemove,300,200
usr_235,mousemove,310,205
usr_235,mousemove,320,210
usr_235,mousemove,330,215
usr_235,mousemove,340,220
usr_235,mousemove,350,225
usr_235,click,350,210
usr_236,mousemove,200,250
usr_236,mousemove,210,255
usr_236,mousemove,220,260
usr_236,mousemove,230,265
usr_236,mousemove,240,270
usr_236,mousemove,250,275
usr_236,click,250,260
usr_237,mousemove,400,150
usr_237,mousemove,410,160
usr_237,mousemove,420,170
usr_237,mousemove,430,180
usr_237,mousemove,440,190
usr_237,mousemove,450,200
usr_237,mousemove,460,210
usr_237,mousemove,470,220
usr_237,mousemove,480,230
usr_237,mousemove,490,240
usr_237,click,490,210
usr_237,mousemove,440,230
usr_237,mousemove,390,250
usr_237,mousemove,340,270
usr_237,mousemove,290,290
usr_237,mousemove,240,310
usr_237,mousemove,190,330
usr_237,rageclick,250,400
usr_238,mousemove,300,200
usr_238,mousemove,310,210
usr_238,mousemove,320,220
usr_238,mousemove,330,230
usr_238,mousemove,340,240
usr_238,mousemove,350,250
usr_238,mousemove,360,260
usr_238,mousemove,370,270
usr_238,mousemove,380,280
usr_238,mousemove,390,290
usr_238,mousemove,400,300
usr_238,mousemove,410,310
usr_238,mousemove,420,320
usr_238,mousemove,430,330
usr_238,mousemove,440,340
usr_238,click,450,260
usr_238,mousemove,400,280
usr_238,mousemove,350,300
usr_238,mousemove,300,320
usr_238,mousemove,250,340
usr_238,mousemove,200,360
usr_238,mousemove,150,380
usr_238,rageclick,200,330
usr_239,mousemove,250,200
usr_239,mousemove,260,205
usr_239,mousemove,270,210
usr_239,mousemove,280,215
usr_239,mousemove,290,220
usr_239,mousemove,300,225
usr_239,click,300,210
usr_240,mousemove,350,250
usr_240,mousemove,360,255
usr_240,mousemove,370,260
usr_240,mousemove,380,265
usr_240,mousemove,390,270
usr_240,mousemove,400,275
usr_240,click,400,260
usr_241,mousemove,500,150
usr_241,mousemove,490,160
usr_241,mousemove,480,170
usr_241,mousemove,470,180
usr_241,mousemove,460,190
usr_241,mousemove,450,200
usr_241,mousemove,440,210
usr_241,mousemove,430,220
usr_241,mousemove,420,230
usr_241,mousemove,410,240
usr_241,click,410,240
usr_241,mousemove,450,260
usr_241,mousemove,490,280
usr_241,mousemove,530,300
usr_241,mousemove,570,320
usr_241,mousemove,610,340
usr_241,rageclick,600,350
usr_242,mousemove,200,150
usr_242,mousemove,210,160
usr_242,mousemove,220,170
usr_242,mousemove,230,180
usr_242,mousemove,240,190
usr_242,mousemove,250,200
usr_242,mousemove,260,210
usr_242,mousemove,270,220
usr_242,mousemove,280,230
usr_242,mousemove,290,240
usr_242,mousemove,300,250
usr_242,mousemove,310,260
usr_242,mousemove,320,270
usr_242,mousemove,330,280
usr_242,mousemove,340,290
usr_242,click,350,210
usr_242,mousemove,400,230
usr_242,mousemove,450,250
usr_242,mousemove,500,270
usr_242,mousemove,450,290
usr_242,mousemove,400,310
usr_242,rageclick,450,330
usr_243,mousemove,300,150
usr_243,mousemove,310,155
usr_243,mousemove,320,160
usr_243,mousemove,330,165
usr_243,mousemove,340,170
usr_243,mousemove,350,175
usr_243,click,350,160
usr_244,mousemove,200,200
usr_244,mousemove,210,205
usr_244,mousemove,220,210
usr_244,mousemove,230,215
usr_244,mousemove,240,220
usr_244,mousemove,250,225
usr_244,click,250,210
usr_245,mousemove,450,200
usr_245,mousemove,440,210
usr_245,mousemove,430,220
usr_245,mousemove,420,230
usr_245,mousemove,410,240
usr_245,mousemove,400,250
usr_245,mousemove,390,260
usr_245,mousemove,380,270
usr_245,mousemove,370,280
usr_245,mousemove,360,290
usr_245,click,360,260
usr_245,mousemove,400,270
usr_245,mousemove,440,280
usr_245,mousemove,480,290
usr_245,mousemove,520,300
usr_245,mousemove,560,310
usr_245,mousemove,600,320
usr_245,rageclick,550,350
usr_246,mousemove,150,300
usr_246,mousemove,160,310
usr_246,mousemove,170,320
usr_246,mousemove,180,330
usr_246,mousemove,190,340
usr_246,mousemove,200,350
usr_246,mousemove,210,360
usr_246,mousemove,220,370
usr_246,mousemove,230,380
usr_246,mousemove,240,390
usr_246,mousemove,250,400
usr_246,mousemove,260,410
usr_246,mousemove,270,420
usr_246,mousemove,280,430
usr_246,mousemove,290,440
usr_246,click,300,360
usr_246,mousemove,350,340
usr_246,mousemove,400,320
usr_246,mousemove,450,300
usr_246,mousemove,500,280
usr_246,rageclick,500,200
usr_247,mousemove,350,250
usr_247,mousemove,360,255
usr_247,mousemove,370,260
usr_247,mousemove,380,265
usr_247,mousemove,390,270
usr_247,mousemove,400,275
usr_247,click,400,260
usr_248,mousemove,250,150
usr_248,mousemove,260,155
usr_248,mousemove,270,160
usr_248,mousemove,280,165
usr_248,mousemove,290,170
usr_248,mousemove,300,175
usr_248,click,300,160
usr_249,mousemove,550,200
usr_249,mousemove,540,210
usr_249,mousemove,530,220
usr_249,mousemove,520,230
usr_249,mousemove,510,240
usr_249,mousemove,500,250
usr_249,mousemove,490,260
usr_249,mousemove,480,270
usr_249,mousemove,470,280
usr_249,mousemove,460,290
usr_249,click,460,260
usr_249,mousemove,420,280
usr_249,mousemove,380,300
usr_249,mousemove,340,320
usr_249,mousemove,300,340
usr_249,mousemove,260,360
usr_249,mousemove,220,380
usr_249,rageclick,300,400
usr_250,mousemove,100,250
usr_250,mousemove,110,260
usr_250,mousemove,120,270
usr_250,mousemove,130,280
usr_250,mousemove,140,290
usr_250,mousemove,150,300
usr_250,mousemove,160,310
usr_250,mousemove,170,320
usr_250,mousemove,180,330
usr_250,mousemove,190,340
usr_250,mousemove,200,350
usr_250,mousemove,210,360
usr_250,mousemove,220,370
usr_250,mousemove,230,380
usr_250,mousemove,240,390
usr_250,click,250,310
usr_250,mousemove,300,290
usr_250,mousemove,350,270
usr_250,mousemove,400,250
usr_250,mousemove,450,230
usr_250,rageclick,450,150
usr_251,mousemove,200,200
usr_251,mousemove,210,205
usr_251,mousemove,220,210
usr_251,mousemove,230,215
usr_251,mousemove,240,220
usr_251,mousemove,250,225
usr_251,click,250,210
usr_252,mousemove,300,300
usr_252,mousemove,310,305
usr_252,mousemove,320,310
usr_252,mousemove,330,315
usr_252,mousemove,340,320
usr_252,mousemove,350,325
usr_252,click,350,310
usr_253,mousemove,500,150
usr_253,mousemove,490,160
usr_253,mousemove,480,170
usr_253,mousemove,470,180
usr_253,mousemove,460,190
usr_253,mousemove,450,200
usr_253,mousemove,440,210
usr_253,mousemove,430,220
usr_253,mousemove,420,230
usr_253,mousemove,410,240
usr_253,click,410,240
usr_253,mousemove,450,260
usr_253,mousemove,490,280
usr_253,mousemove,530,300
usr_253,mousemove,570,320
usr_253,mousemove,610,340
usr_253,rageclick,600,350
usr_254,mousemove,200,150
usr_254,mousemove,210,160
usr_254,mousemove,220,170
usr_254,mousemove,230,180
usr_254,mousemove,240,190
usr_254,mousemove,250,200
usr_254,mousemove,260,210
usr_254,mousemove,270,220
usr_254,mousemove,280,230
usr_254,mousemove,290,240
usr_254,mousemove,300,250
usr_254,mousemove,310,260
usr_254,mousemove,320,270
usr_254,mousemove,330,280
usr_254,mousemove,340,290
usr_254,click,350,210
usr_254,mousemove,400,230
usr_254,mousemove,450,250
usr_254,mousemove,500,270
usr_254,mousemove,450,290
usr_254,mousemove,400,310
usr_254,rageclick,470,330
usr_255,mousemove,350,150
usr_255,mousemove,360,155
usr_255,mousemove,370,160
usr_255,mousemove,380,165
usr_255,mousemove,390,170
usr_255,mousemove,400,175
usr_255,click,400,160
usr_256,mousemove,250,250
usr_256,mousemove,260,255
usr_256,mousemove,270,260
usr_256,mousemove,280,265
usr_256,mousemove,290,270
usr_256,mousemove,300,275
usr_256,click,300,260
usr_257,mousemove,450,200
usr_257,mousemove,440,210
usr_257,mousemove,430,220
usr_257,mousemove,420,230
usr_257,mousemove,410,240
usr_257,mousemove,400,250
usr_257,mousemove,390,260
usr_257,mousemove,380,270
usr_257,mousemove,370,280
usr_257,mousemove,360,290
usr_257,click,360,260
usr_257,mousemove,400,270
usr_257,mousemove,440,280
usr_257,mousemove,480,290
usr_257,mousemove,520,300
usr_257,mousemove,560,310
usr_257,mousemove,600,320
usr_257,rageclick,550,350
usr_258,mousemove,150,200
usr_258,mousemove,160,210
usr_258,mousemove,170,220
usr_258,mousemove,180,230
usr_258,mousemove,190,240
usr_258,mousemove,200,250
usr_258,mousemove,210,260
usr_258,mousemove,220,270
usr_258,mousemove,230,280
usr_258,mousemove,240,290
usr_258,mousemove,250,300
usr_258,mousemove,260,310
usr_258,mousemove,270,320
usr_258,mousemove,280,330
usr_258,mousemove,290,340
usr_258,click,300,260
usr_258,mousemove,350,280
usr_258,mousemove,400,300
usr_258,mousemove,450,320
usr_258,mousemove,500,340
usr_258,mousemove,450,360
usr_258,rageclick,450,380
usr_259,mousemove,300,250
usr_259,mousemove,310,255
usr_259,mousemove,320,260
usr_259,mousemove,330,265
usr_259,mousemove,340,270
usr_259,mousemove,350,275
usr_259,click,350,260
usr_260,mousemove,200,150
usr_260,mousemove,210,155
usr_260,mousemove,220,160
usr_260,mousemove,230,165
usr_260,mousemove,240,170
usr_260,mousemove,250,175
usr_260,click,250,160
usr_261,mousemove,550,250
usr_261,mousemove,540,260
usr_261,mousemove,530,270
usr_261,mousemove,520,280
usr_261,mousemove,510,290
usr_261,mousemove,500,300
usr_261,mousemove,490,310
usr_261,mousemove,480,320
usr_261,mousemove,470,330
usr_261,mousemove,460,340
usr_261,click,460,310
usr_261,mousemove,420,330
usr_261,mousemove,380,350
usr_261,mousemove,340,370
usr_261,mousemove,300,390
usr_261,mousemove,260,410
usr_261,mousemove,220,430
usr_261,rageclick,200,450
usr_262,mousemove,300,200
usr_262,mousemove,310,210
usr_262,mousemove,320,220
usr_262,mousemove,330,230
usr_262,mousemove,340,240
usr_262,mousemove,350,250
usr_262,mousemove,360,260
usr_262,mousemove,370,270
usr_262,mousemove,380,280
usr_262,mousemove,390,290
usr_262,mousemove,400,300
usr_262,mousemove,410,310
usr_262,mousemove,420,320
usr_262,mousemove,430,330
usr_262,mousemove,440,340
usr_262,click,450,260
usr_262,mousemove,400,280
usr_262,mousemove,350,300
usr_262,mousemove,300,320
usr_262,mousemove,250,340
usr_262,mousemove,200,360
usr_262,mousemove,150,380
usr_262,rageclick,200,330
usr_263,mousemove,400,200
usr_263,mousemove,410,205
usr_263,mousemove,420,210
usr_263,mousemove,430,215
usr_263,mousemove,440,220
usr_263,mousemove,450,225
usr_263,click,450,210
usr_264,mousemove,250,300
usr_264,mousemove,260,305
usr_264,mousemove,270,310
usr_264,mousemove,280,315
usr_264,mousemove,290,320
usr_264,mousemove,300,325
usr_264,click,300,310
usr_265,mousemove,350,150
usr_265,mousemove,360,160
usr_265,mousemove,370,170
usr_265,mousemove,380,180
usr_265,mousemove,390,190
usr_265,mousemove,400,200
usr_265,mousemove,410,210
usr_265,mousemove,420,220
usr_265,mousemove,430,230
usr_265,mousemove,440,240
usr_265,click,440,210
usr_265,mousemove,400,230
usr_265,mousemove,360,250
usr_265,mousemove,320,270
usr_265,mousemove,280,290
usr_265,mousemove,240,310
usr_265,mousemove,200,330
usr_265,rageclick,150,350
usr_266,mousemove,200,150
usr_266,mousemove,210,160
usr_266,mousemove,220,170
usr_266,mousemove,230,180
usr_266,mousemove,240,190
usr_266,mousemove,250,200
usr_266,mousemove,260,210
usr_266,mousemove,270,220
usr_266,mousemove,280,230
usr_266,mousemove,290,240
usr_266,mousemove,300,250
usr_266,mousemove,310,260
usr_266,mousemove,320,270
usr_266,mousemove,330,280
usr_266,mousemove,340,290
usr_266,click,350,210
usr_266,mousemove,400,230
usr_266,mousemove,450,250
usr_266,mousemove,500,270
usr_266,mousemove,450,290
usr_266,mousemove,400,310
usr_266,rageclick,450,330
usr_267,mousemove,300,200
usr_267,mousemove,310,205
usr_267,mousemove,320,210
usr_267,mousemove,330,215
usr_267,mousemove,340,220
usr_267,mousemove,350,225
usr_267,click,350,210
usr_268,mousemove,200,250
usr_268,mousemove,210,255
usr_268,mousemove,220,260
usr_268,mousemove,230,265
usr_268,mousemove,240,270
usr_268,mousemove,250,275
usr_268,click,250,260
usr_269,mousemove,400,150
usr_269,mousemove,410,160
usr_269,mousemove,420,170
usr_269,mousemove,430,180
usr_269,mousemove,440,190
usr_269,mousemove,450,200
usr_269,mousemove,460,210
usr_269,mousemove,470,220
usr_269,mousemove,480,230
usr_269,mousemove,490,240
usr_269,click,490,210
usr_269,mousemove,440,230
usr_269,mousemove,390,250
usr_269,mousemove,340,270
usr_269,mousemove,290,290
usr_269,mousemove,240,310
usr_269,mousemove,190,330
usr_269,rageclick,250,400
usr_270,mousemove,300,200
usr_270,mousemove,310,210
usr_270,mousemove,320,220
usr_270,mousemove,330,230
usr_270,mousemove,340,240
usr_270,mousemove,350,250
usr_270,mousemove,360,260
usr_270,mousemove,370,270
usr_270,mousemove,380,280
usr_270,mousemove,390,290
usr_270,mousemove,400,300
usr_270,mousemove,410,310
usr_270,mousemove,420,320
usr_270,mousemove,430,330
usr_270,mousemove,440,340
usr_270,click,450,260
usr_270,mousemove,400,280
usr_270,mousemove,350,300
usr_270,mousemove,300,320
usr_270,mousemove,250,340
usr_270,mousemove,200,360
usr_270,mousemove,150,380
usr_270,rageclick,200,330
usr_271,mousemove,250,200
usr_271,mousemove,260,205
usr_271,mousemove,270,210
usr_271,mousemove,280,215
usr_271,mousemove,290,220
usr_271,mousemove,300,225
usr_271,click,300,210
usr_272,mousemove,350,250
usr_272,mousemove,360,255
usr_272,mousemove,370,260
usr_272,mousemove,380,265
usr_272,mousemove,390,270
usr_272,mousemove,400,275
usr_272,click,400,260
usr_273,mousemove,500,150
usr_273,mousemove,490,160
usr_273,mousemove,480,170
usr_273,mousemove,470,180
usr_273,mousemove,460,190
usr_273,mousemove,450,200
usr_273,mousemove,440,210
usr_273,mousemove,430,220
usr_273,mousemove,420,230
usr_273,mousemove,410,240
usr_273,click,410,240
usr_273,mousemove,450,260
usr_273,mousemove,490,280
usr_273,mousemove,530,300
usr_273,mousemove,570,320
usr_273,mousemove,610,340
usr_273,rageclick,600,350
usr_274,mousemove,200,150
usr_274,mousemove,210,160
usr_274,mousemove,220,170
usr_274,mousemove,230,180
usr_274,mousemove,240,190
usr_274,mousemove,250,200
usr_274,mousemove,260,210
usr_274,mousemove,270,220
usr_274,mousemove,280,230
usr_274,mousemove,290,240
usr_274,mousemove,300,250
usr_274,mousemove,310,260
usr_274,mousemove,320,270
usr_274,mousemove,330,280
usr_274,mousemove,340,290
usr_274,click,350,210
usr_274,mousemove,400,230
usr_274,mousemove,450,250
usr_274,mousemove,500,270
usr_274,mousemove,450,290
usr_274,mousemove,400,310
usr_274,rageclick,470,330
usr_275,mousemove,300,150
usr_275,mousemove,310,155
usr_275,mousemove,320,160
usr_275,mousemove,330,165
usr_275,mousemove,340,170
usr_275,mousemove,350,175
usr_275,click,350,160
usr_276,mousemove,200,200
usr_276,mousemove,210,205
usr_276,mousemove,220,210
usr_276,mousemove,230,215
usr_276,mousemove,240,220
usr_276,mousemove,250,225
usr_276,click,250,210
usr_277,mousemove,450,200
usr_277,mousemove,440,210
usr_277,mousemove,430,220
usr_277,mousemove,420,230
usr_277,mousemove,410,240
usr_277,mousemove,400,250
usr_277,mousemove,390,260
usr_277,mousemove,380,270
usr_277,mousemove,370,280
usr_277,mousemove,360,290
usr_277,click,360,260
usr_277,mousemove,400,270
usr_277,mousemove,440,280
usr_277,mousemove,480,290
usr_277,mousemove,520,300
usr_277,mousemove,560,310
usr_277,mousemove,600,320
usr_277,rageclick,550,350
usr_278,mousemove,150,300
usr_278,mousemove,160,310
usr_278,mousemove,170,320
usr_278,mousemove,180,330
usr_278,mousemove,190,340
usr_278,mousemove,200,350
usr_278,mousemove,210,360
usr_278,mousemove,220,370
usr_278,mousemove,230,380
usr_278,mousemove,240,390
usr_278,mousemove,250,400
usr_278,mousemove,260,410
usr_278,mousemove,270,420
usr_278,mousemove,280,430
usr_278,mousemove,290,440
usr_278,click,300,360
usr_278,mousemove,350,340
usr_278,mousemove,400,320
usr_278,mousemove,450,300
usr_278,mousemove,500,280
usr_278,rageclick,500,200
usr_279,mousemove,350,250
usr_279,mousemove,360,255
usr_279,mousemove,370,260
usr_279,mousemove,380,265
usr_279,mousemove,390,270
usr_279,mousemove,400,275
usr_279,click,400,260
usr_280,mousemove,250,150
usr_280,mousemove,260,155
usr_280,mousemove,270,160
usr_280,mousemove,280,165
usr_280,mousemove,290,170
usr_280,mousemove,300,175
usr_280,click,300,160
usr_281,mousemove,550,200
usr_281,mousemove,540,210
usr_281,mousemove,530,220
usr_281,mousemove,520,230
usr_281,mousemove,510,240
usr_281,mousemove,500,250
usr_281,mousemove,490,260
usr_281,mousemove,480,270
usr_281,mousemove,470,280
usr_281,mousemove,460,290
usr_281,click,460,260
usr_281,mousemove,420,280
usr_281,mousemove,380,300
usr_281,mousemove,340,320
usr_281,mousemove,300,340
usr_281,mousemove,260,360
usr_281,mousemove,220,380
usr_281,rageclick,300,400
usr_282,mousemove,100,250
usr_282,mousemove,110,260
usr_282,mousemove,120,270
usr_282,mousemove,130,280
usr_282,mousemove,140,290
usr_282,mousemove,150,300
usr_282,mousemove,160,310
usr_282,mousemove,170,320
usr_282,mousemove,180,330
usr_282,mousemove,190,340
usr_282,mousemove,200,350
usr_282,mousemove,210,360
usr_282,mousemove,220,370
usr_282,mousemove,230,380
usr_282,mousemove,240,390
usr_282,click,250,310
usr_282,mousemove,300,290
usr_282,mousemove,350,270
usr_282,mousemove,400,250
usr_282,mousemove,450,230
usr_282,rageclick,450,150
usr_283,mousemove,200,200
usr_283,mousemove,210,205
usr_283,mousemove,220,210
usr_283,mousemove,230,215
usr_283,mousemove,240,220
usr_283,mousemove,250,225
usr_283,click,250,210
usr_284,mousemove,300,300
usr_284,mousemove,310,305
usr_284,mousemove,320,310
usr_284,mousemove,330,315
usr_284,mousemove,340,320
usr_284,mousemove,350,325
usr_284,click,350,310
usr_285,mousemove,500,150
usr_285,mousemove,490,160
usr_285,mousemove,480,170
usr_285,mousemove,470,180
usr_285,mousemove,460,190
usr_285,mousemove,450,200
usr_285,mousemove,440,210
usr_285,mousemove,430,220
usr_285,mousemove,420,230
usr_285,mousemove,410,240
usr_285,click,410,240
usr_285,mousemove,450,260
usr_285,mousemove,490,280
usr_285,mousemove,530,300
usr_285,mousemove,570,320
usr_285,mousemove,610,340
usr_285,rageclick,600,350
usr_286,mousemove,200,150
usr_286,mousemove,210,160
usr_286,mousemove,220,170
usr_286,mousemove,230,180
usr_286,mousemove,240,190
usr_286,mousemove,250,200
usr_286,mousemove,260,210
usr_286,mousemove,270,220
usr_286,mousemove,280,230
usr_286,mousemove,290,240
usr_286,mousemove,300,250
usr_286,mousemove,310,260
usr_286,mousemove,320,270
usr_286,mousemove,330,280
usr_286,mousemove,340,290
usr_286,click,350,210
usr_286,mousemove,400,230
usr_286,mousemove,450,250
usr_286,mousemove,500,270
usr_286,mousemove,450,290
usr_286,mousemove,400,310
usr_286,rageclick,450,330
usr_287,mousemove,350,150
usr_287,mousemove,360,155
usr_287,mousemove,370,160
usr_287,mousemove,380,165
usr_287,mousemove,390,170
usr_287,mousemove,400,175
usr_287,click,400,160
usr_288,mousemove,250,250
usr_288,mousemove,260,255
usr_288,mousemove,270,260
usr_288,mousemove,280,265
usr_288,mousemove,290,270
usr_288,mousemove,300,275
usr_288,click,300,260
usr_289,mousemove,450,200
usr_289,mousemove,440,210
usr_289,mousemove,430,220
usr_289,mousemove,420,230
usr_289,mousemove,410,240
usr_289,mousemove,400,250
usr_289,mousemove,390,260
usr_289,mousemove,380,270
usr_289,mousemove,370,280
usr_289,mousemove,360,290
usr_289,click,360,260
usr_289,mousemove,400,270
usr_289,mousemove,440,280
usr_289,mousemove,480,290
usr_289,mousemove,520,300
usr_289,mousemove,560,310
usr_289,mousemove,600,320
usr_289,rageclick,550,350
usr_290,mousemove,150,200
usr_290,mousemove,160,210
usr_290,mousemove,170,220
usr_290,mousemove,180,230
usr_290,mousemove,190,240
usr_290,mousemove,200,250
usr_290,mousemove,210,260
usr_290,mousemove,220,270
usr_290,mousemove,230,280
usr_290,mousemove,240,290
usr_290,mousemove,250,300
usr_290,mousemove,260,310
usr_290,mousemove,270,320
usr_290,mousemove,280,330
usr_290,mousemove,290,340
usr_290,click,300,260
usr_290,mousemove,350,280
usr_290,mousemove,400,300
usr_290,mousemove,450,320
usr_290,mousemove,500,340
usr_290,mousemove,450,360
usr_290,rageclick,450,380
usr_291,mousemove,300,250
usr_291,mousemove,310,255
usr_291,mousemove,320,260
usr_291,mousemove,330,265
usr_291,mousemove,340,270
usr_291,mousemove,350,275
usr_291,click,350,260
usr_292,mousemove,200,150
usr_292,mousemove,210,155
usr_292,mousemove,220,160
usr_292,mousemove,230,165
usr_292,mousemove,240,170
usr_292,mousemove,250,175
usr_292,click,250,160
usr_293,mousemove,550,250
usr_293,mousemove,540,260
usr_293,mousemove,530,270
usr_293,mousemove,520,280
usr_293,mousemove,510,290
usr_293,mousemove,500,300
usr_293,mousemove,490,310
usr_293,mousemove,480,320
usr_293,mousemove,470,330
usr_293,mousemove,460,340
usr_293,click,460,310
usr_293,mousemove,420,330
usr_293,mousemove,380,350
usr_293,mousemove,340,370
usr_293,mousemove,300,390
usr_293,mousemove,260,410
usr_293,mousemove,220,430
usr_293,rageclick,200,450
usr_294,mousemove,300,200
usr_294,mousemove,310,210
usr_294,mousemove,320,220
usr_294,mousemove,330,230
usr_294,mousemove,340,240
usr_294,mousemove,350,250
usr_294,mousemove,360,260
usr_294,mousemove,370,270
usr_294,mousemove,380,280
usr_294,mousemove,390,290
usr_294,mousemove,400,300
usr_294,mousemove,410,310
usr_294,mousemove,420,320
usr_294,mousemove,430,330
usr_294,mousemove,440,340
usr_294,click,450,260
usr_294,mousemove,400,280
usr_294,mousemove,350,300
usr_294,mousemove,300,320
usr_294,mousemove,250,340
usr_294,mousemove,200,360
usr_294,mousemove,150,380
usr_294,rageclick,200,330
usr_295,mousemove,400,200
usr_295,mousemove,410,205
usr_295,mousemove,420,210
usr_295,mousemove,430,215
usr_295,mousemove,440,220
usr_295,mousemove,450,225
usr_295,click,450,210
usr_296,mousemove,250,300
usr_296,mousemove,260,305
usr_296,mousemove,270,310
usr_296,mousemove,280,315
usr_296,mousemove,290,320
usr_296,mousemove,300,325
usr_296,click,300,310
usr_297,mousemove,350,150
usr_297,mousemove,360,160
usr_297,mousemove,370,170
usr_297,mousemove,380,180
usr_297,mousemove,390,190
usr_297,mousemove,400,200
usr_297,mousemove,410,210
usr_297,mousemove,420,220
usr_297,mousemove,430,230
usr_297,mousemove,440,240
usr_297,click,440,210
usr_297,mousemove,400,230
usr_297,mousemove,360,250
usr_297,mousemove,320,270
usr_297,mousemove,280,290
usr_297,mousemove,240,310
usr_297,mousemove,200,330
usr_297,rageclick,150,350
usr_298,mousemove,200,150
usr_298,mousemove,210,160
usr_298,mousemove,220,170
usr_298,mousemove,230,180
usr_298,mousemove,240,190
usr_298,mousemove,250,200
usr_298,mousemove,260,210
usr_298,mousemove,270,220
usr_298,mousemove,280,230
usr_298,mousemove,290,240
usr_298,mousemove,300,250
usr_298,mousemove,310,260
usr_298,mousemove,320,270
usr_298,mousemove,330,280
usr_298,mousemove,340,290
usr_298,click,350,210
usr_298,mousemove,400,230
usr_298,mousemove,450,250
usr_298,mousemove,500,270
usr_298,mousemove,450,290
usr_298,mousemove,400,310
usr_298,rageclick,450,330
usr_299,mousemove,300,200
usr_299,mousemove,310,205
usr_299,mousemove,320,210
usr_299,mousemove,330,215
usr_299,mousemove,340,220
usr_299,mousemove,350,225
usr_299,click,350,210
usr_300,mousemove,200,250
usr_300,mousemove,210,255
usr_300,mousemove,220,260
usr_300,mousemove,230,265
usr_300,mousemove,240,270
usr_300,mousemove,250,275
usr_300,click,250,260
usr_301,mousemove,400,150
usr_301,mousemove,410,160
usr_301,mousemove,420,170
usr_301,mousemove,430,180
usr_301,mousemove,440,190
usr_301,mousemove,450,200
usr_301,mousemove,460,210
usr_301,mousemove,470,220
usr_301,mousemove,480,230
usr_301,mousemove,490,240
usr_301,click,490,210
usr_301,mousemove,440,230
usr_301,mousemove,390,250
usr_301,mousemove,340,270
usr_301,mousemove,290,290
usr_301,mousemove,240,310
usr_301,mousemove,190,330
usr_301,rageclick,250,400
usr_301,mousemove,280,390
usr_301,mousemove,310,380
usr_301,mousemove,340,370
usr_301,mousemove,370,360
usr_301,rageclick,370,360
usr_302,mousemove,300,200
usr_302,mousemove,310,210
usr_302,mousemove,320,220
usr_302,mousemove,330,230
usr_302,mousemove,340,240
usr_302,mousemove,350,250
usr_302,mousemove,360,260
usr_302,mousemove,370,270
usr_302,mousemove,380,280
usr_302,mousemove,390,290
usr_302,mousemove,400,300
usr_302,mousemove,410,310
usr_302,mousemove,420,320
usr_302,mousemove,430,330
usr_302,mousemove,440,340
usr_302,click,450,260
usr_302,mousemove,400,280
usr_302,mousemove,350,300
usr_302,mousemove,300,320
usr_302,mousemove,250,340
usr_302,mousemove,200,360
usr_302,mousemove,150,380
usr_302,rageclick,200,330
usr_302,mousemove,250,340
usr_302,mousemove,300,350
usr_302,mousemove,350,360
usr_302,rageclick,350,360
usr_303,mousemove,200,150
usr_303,mousemove,210,155
usr_303,mousemove,220,160
usr_303,mousemove,230,165
usr_303,mousemove,240,170
usr_303,mousemove,250,175
usr_303,click,250,160
usr_304,mousemove,300,200
usr_304,mousemove,310,205
usr_304,mousemove,320,210
usr_304,mousemove,330,215
usr_304,mousemove,340,220
usr_304,mousemove,350,225
usr_304,click,350,210
usr_305,mousemove,550,250
usr_305,mousemove,540,260
usr_305,mousemove,530,270
usr_305,mousemove,520,280
usr_305,mousemove,510,290
usr_305,mousemove,500,300
usr_305,mousemove,490,310
usr_305,mousemove,480,320
usr_305,mousemove,470,330
usr_305,mousemove,460,340
usr_305,click,460,310
usr_305,mousemove,420,330
usr_305,mousemove,380,350
usr_305,mousemove,340,370
usr_305,mousemove,300,390
usr_305,mousemove,260,410
usr_305,mousemove,220,430
usr_305,rageclick,200,450
usr_305,mousemove,250,440
usr_305,mousemove,300,430
usr_305,mousemove,350,420
usr_305,rageclick,350,420
usr_306,mousemove,400,100
usr_306,mousemove,410,110
usr_306,mousemove,420,120
usr_306,mousemove,430,130
usr_306,mousemove,440,140
usr_306,mousemove,450,150
usr_306,mousemove,460,160
usr_306,mousemove,470,170
usr_306,mousemove,480,180
usr_306,mousemove,490,190
usr_306,mousemove,500,200
usr_306,mousemove,510,210
usr_306,mousemove,520,220
usr_306,mousemove,530,230
usr_306,mousemove,540,240
usr_306,click,550,160
usr_306,mousemove,500,180
usr_306,mousemove,450,200
usr_306,mousemove,400,220
usr_306,mousemove,350,240
usr_306,mousemove,300,260
usr_306,mousemove,250,280
usr_306,rageclick,300,400
usr_306,mousemove,320,390
usr_306,mousemove,340,380
usr_306,mousemove,360,370
usr_306,rageclick,360,370
usr_307,mousemove,400,250
usr_307,mousemove,410,255
usr_307,mousemove,420,260
usr_307,mousemove,430,265
usr_307,mousemove,440,270
usr_307,mousemove,450,275
usr_307,click,450,260
usr_308,mousemove,250,150
usr_308,mousemove,260,155
usr_308,mousemove,270,160
usr_308,mousemove,280,165
usr_308,mousemove,290,170
usr_308,mousemove,300,175
usr_308,click,300,160
usr_309,mousemove,500,200
usr_309,mousemove,490,210
usr_309,mousemove,480,220
usr_309,mousemove,470,230
usr_309,mousemove,460,240
usr_309,mousemove,450,250
usr_309,mousemove,440,260
usr_309,mousemove,430,270
usr_309,mousemove,420,280
usr_309,mousemove,410,290
usr_309,click,410,260
usr_309,mousemove,450,280
usr_309,mousemove,490,300
usr_309,mousemove,530,320
usr_309,mousemove,570,340
usr_309,mousemove,610,360
usr_309,rageclick,600,350
usr_309,mousemove,580,340
usr_309,mousemove,560,330
usr_309,mousemove,540,320
usr_309,rageclick,540,320
usr_310,mousemove,200,200
usr_310,mousemove,210,210
usr_310,mousemove,220,220
usr_310,mousemove,230,230
usr_310,mousemove,240,240
usr_310,mousemove,250,250
usr_310,mousemove,260,260
usr_310,mousemove,270,270
usr_310,mousemove,280,280
usr_310,mousemove,290,290
usr_310,mousemove,300,300
usr_310,mousemove,310,310
usr_310,mousemove,320,320
usr_310,mousemove,330,330
usr_310,mousemove,340,340
usr_310,click,350,260
usr_310,mousemove,400,280
usr_310,mousemove,450,300
usr_310,mousemove,500,320
usr_310,mousemove,450,340
usr_310,rageclick,450,380
usr_310,mousemove,420,370
usr_310,mousemove,390,360
usr_310,mousemove,360,350
usr_310,rageclick,360,350
usr_311,mousemove,300,200
usr_311,mousemove,310,205
usr_311,mousemove,320,210
usr_311,mousemove,330,215
usr_311,mousemove,340,220
usr_311,mousemove,350,225
usr_311,click,350,210
usr_312,mousemove,200,250
usr_312,mousemove,210,255
usr_312,mousemove,220,260
usr_312,mousemove,230,265
usr_312,mousemove,240,270
usr_312,mousemove,250,275
usr_312,click,250,260
usr_313,mousemove,450,150
usr_313,mousemove,440,160
usr_313,mousemove,430,170
usr_313,mousemove,420,180
usr_313,mousemove,410,190
usr_313,mousemove,400,200
usr_313,mousemove,390,210
usr_313,mousemove,380,220
usr_313,mousemove,370,230
usr_313,mousemove,360,240
usr_313,click,360,240
usr_313,mousemove,400,250
usr_313,mousemove,440,260
usr_313,mousemove,480,270
usr_313,mousemove,520,280
usr_313,mousemove,560,290
usr_313,mousemove,600,300
usr_313,rageclick,550,350
usr_313,mousemove,520,340
usr_313,mousemove,490,330
usr_313,mousemove,460,320
usr_313,rageclick,460,320
usr_314,mousemove,150,300
usr_314,mousemove,160,310
usr_314,mousemove,170,320
usr_314,mousemove,180,330
usr_314,mousemove,190,340
usr_314,mousemove,200,350
usr_314,mousemove,210,360
usr_314,mousemove,220,370
usr_314,mousemove,230,380
usr_314,mousemove,240,390
usr_314,mousemove,250,400
usr_314,mousemove,260,410
usr_314,mousemove,270,420
usr_314,mousemove,280,430
usr_314,mousemove,290,440
usr_314,click,300,360
usr_314,mousemove,350,340
usr_314,mousemove,400,320
usr_314,mousemove,450,300
usr_314,mousemove,500,280
usr_314,rageclick,500,200
usr_314,mousemove,470,220
usr_314,mousemove,440,240
usr_314,mousemove,410,260
usr_314,rageclick,410,260
usr_315,mousemove,350,250
usr_315,mousemove,360,255
usr_315,mousemove,370,260
usr_315,mousemove,380,265
usr_315,mousemove,390,270
usr_315,mousemove,400,275
usr_315,click,400,260
usr_316,mousemove,250,150
usr_316,mousemove,260,155
usr_316,mousemove,270,160
usr_316,mousemove,280,165
usr_316,mousemove,290,170
usr_316,mousemove,300,175
usr_316,click,300,160
usr_317,mousemove,550,200
usr_317,mousemove,540,210
usr_317,mousemove,530,220
usr_317,mousemove,520,230
usr_317,mousemove,510,240
usr_317,mousemove,500,250
usr_317,mousemove,490,260
usr_317,mousemove,480,270
usr_317,mousemove,470,280
usr_317,mousemove,460,290
usr_317,click,460,260
usr_317,mousemove,420,280
usr_317,mousemove,380,300
usr_317,mousemove,340,320
usr_317,mousemove,300,340
usr_317,mousemove,260,360
usr_317,mousemove,220,380
usr_317,rageclick,300,400
usr_317,mousemove,320,390
usr_317,mousemove,340,380
usr_317,mousemove,360,370
usr_317,rageclick,360,370
usr_318,mousemove,100,250
usr_318,mousemove,110,260
usr_318,mousemove,120,270
usr_318,mousemove,130,280
usr_318,mousemove,140,290
usr_318,mousemove,150,300
usr_318,mousemove,160,310
usr_318,mousemove,170,320
usr_318,mousemove,180,330
usr_318,mousemove,190,340
usr_318,mousemove,200,350
usr_318,mousemove,210,360
usr_318,mousemove,220,370
usr_318,mousemove,230,380
usr_318,mousemove,240,390
usr_318,click,250,310
usr_318,mousemove,300,290
usr_318,mousemove,350,270
usr_318,mousemove,400,250
usr_318,mousemove,450,230
usr_318,rageclick,450,150
usr_318,mousemove,420,170
usr_318,mousemove,390,190
usr_318,mousemove,360,210
usr_318,rageclick,360,210
usr_319,mousemove,200,200
usr_319,mousemove,210,205
usr_319,mousemove,220,210
usr_319,mousemove,230,215
usr_319,mousemove,240,220
usr_319,mousemove,250,225
usr_319,click,250,210
usr_320,mousemove,300,300
usr_320,mousemove,310,305
usr_320,mousemove,320,310
usr_320,mousemove,330,315
usr_320,mousemove,340,320
usr_320,mousemove,350,325
usr_320,click,350,310
usr_321,mousemove,500,150
usr_321,mousemove,490,160
usr_321,mousemove,480,170
usr_321,mousemove,470,180
usr_321,mousemove,460,190
usr_321,mousemove,450,200
usr_321,mousemove,440,210
usr_321,mousemove,430,220
usr_321,mousemove,420,230
usr_321,mousemove,410,240
usr_321,click,410,240
usr_321,mousemove,450,260
usr_321,mousemove,490,280
usr_321,mousemove,530,300
usr_321,mousemove,570,320
usr_321,mousemove,610,340
usr_321,rageclick,600,350
usr_321,mousemove,580,340
usr_321,mousemove,560,330
usr_321,mousemove,540,320
usr_321,rageclick,540,320
usr_322,mousemove,200,150
usr_322,mousemove,210,160
usr_322,mousemove,220,170
usr_322,mousemove,230,180
usr_322,mousemove,240,190
usr_322,mousemove,250,200
usr_322,mousemove,260,210
usr_322,mousemove,270,220
usr_322,mousemove,280,230
usr_322,mousemove,290,240
usr_322,mousemove,300,250
usr_322,mousemove,310,260
usr_322,mousemove,320,270
usr_322,mousemove,330,280
usr_322,mousemove,340,290
usr_322,click,350,210
usr_322,mousemove,400,230
usr_322,mousemove,450,250
usr_322,mousemove,500,270
usr_322,mousemove,450,290
usr_322,mousemove,400,310
usr_322,rageclick,450,330
usr_322,mousemove,430,320
usr_322,mousemove,410,310
usr_322,mousemove,390,300
usr_322,rageclick,390,300
usr_323,mousemove,350,150
usr_323,mousemove,360,155
usr_323,mousemove,370,160
usr_323,mousemove,380,165
usr_323,mousemove,390,170
usr_323,mousemove,400,175
usr_323,click,400,160
usr_324,mousemove,250,250
usr_324,mousemove,260,255
usr_324,mousemove,270,260
usr_324,mousemove,280,265
usr_324,mousemove,290,270
usr_324,mousemove,300,275
usr_324,click,300,260
usr_325,mousemove,450,200
usr_325,mousemove,440,210
usr_325,mousemove,430,220
usr_325,mousemove,420,230
usr_325,mousemove,410,240
usr_325,mousemove,400,250
usr_325,mousemove,390,260
usr_325,mousemove,380,270
usr_325,mousemove,370,280
usr_325,mousemove,360,290
usr_325,click,360,260
usr_325,mousemove,400,270
usr_325,mousemove,440,280
usr_325,mousemove,480,290
usr_325,mousemove,520,300
usr_325,mousemove,560,310
usr_325,mousemove,600,320
usr_325,rageclick,550,350
usr_325,mousemove,520,340
usr_325,mousemove,490,330
usr_325,mousemove,460,320
usr_325,rageclick,460,320
usr_326,mousemove,150,200
usr_326,mousemove,160,210
usr_326,mousemove,170,220
usr_326,mousemove,180,230
usr_326,mousemove,190,240
usr_326,mousemove,200,250
usr_326,mousemove,210,260
usr_326,mousemove,220,270
usr_326,mousemove,230,280
usr_326,mousemove,240,290
usr_326,mousemove,250,300
usr_326,mousemove,260,310
usr_326,mousemove,270,320
usr_326,mousemove,280,330
usr_326,mousemove,290,340
usr_326,click,300,260
usr_326,mousemove,350,280
usr_326,mousemove,400,300
usr_326,mousemove,450,320
usr_326,mousemove,500,340
usr_326,mousemove,450,360
usr_326,rageclick,450,380
usr_326,mousemove,430,370
usr_326,mousemove,410,360
usr_326,mousemove,390,350
usr_326,rageclick,390,350
usr_327,mousemove,300,250
usr_327,mousemove,310,255
usr_327,mousemove,320,260
usr_327,mousemove,330,265
usr_327,mousemove,340,270
usr_327,mousemove,350,275
usr_327,click,350,260
usr_328,mousemove,200,150
usr_328,mousemove,210,155
usr_328,mousemove,220,160
usr_328,mousemove,230,165
usr_328,mousemove,240,170
usr_328,mousemove,250,175
usr_328,click,250,160
usr_329,mousemove,550,250
usr_329,mousemove,540,260
usr_329,mousemove,530,270
usr_329,mousemove,520,280
usr_329,mousemove,510,290
usr_329,mousemove,500,300
usr_329,mousemove,490,310
usr_329,mousemove,480,320
usr_329,mousemove,470,330
usr_329,mousemove,460,340
usr_329,click,460,310
usr_329,mousemove,420,330
usr_329,mousemove,380,350
usr_329,mousemove,340,370
usr_329,mousemove,300,390
usr_329,mousemove,260,410
usr_329,mousemove,220,430
usr_329,rageclick,200,450
usr_329,mousemove,250,440
usr_329,mousemove,300,430
usr_329,mousemove,350,420
usr_329,rageclick,350,420
usr_330,mousemove,300,200
usr_330,mousemove,310,210
usr_330,mousemove,320,220
usr_330,mousemove,330,230
usr_330,mousemove,340,240
usr_330,mousemove,350,250
usr_330,mousemove,360,260
usr_330,mousemove,370,270
usr_330,mousemove,380,280
usr_330,mousemove,390,290
usr_330,mousemove,400,300
usr_330,mousemove,410,310
usr_330,mousemove,420,320
usr_330,mousemove,430,330
usr_330,mousemove,440,340
usr_330,click,450,260
usr_330,mousemove,400,280
usr_330,mousemove,350,300
usr_330,mousemove,300,320
usr_330,mousemove,250,340
usr_330,mousemove,200,360
usr_330,mousemove,150,380
usr_330,rageclick,200,330
usr_330,mousemove,250,340
usr_330,mousemove,300,350
usr_330,mousemove,350,360
usr_330,rageclick,350,360
usr_331,mousemove,400,200
usr_331,mousemove,410,205
usr_331,mousemove,420,210
usr_331,mousemove,430,215
usr_331,mousemove,440,220
usr_331,mousemove,450,225
usr_331,click,450,210
usr_332,mousemove,250,300
usr_332,mousemove,260,305
usr_332,mousemove,270,310
usr_332,mousemove,280,315
usr_332,mousemove,290,320
usr_332,mousemove,300,325
usr_332,click,300,310
usr_333,mousemove,350,150
usr_333,mousemove,360,160
usr_333,mousemove,370,170
usr_333,mousemove,380,180
usr_333,mousemove,390,190
usr_333,mousemove,400,200
usr_333,mousemove,410,210
usr_333,mousemove,420,220
usr_333,mousemove,430,230
usr_333,mousemove,440,240
usr_333,click,440,210
usr_333,mousemove,400,230
usr_333,mousemove,360,250
usr_333,mousemove,320,270
usr_333,mousemove,280,290
usr_333,mousemove,240,310
usr_333,mousemove,200,330
usr_333,rageclick,150,350
usr_333,mousemove,180,340
usr_333,mousemove,210,330
usr_333,mousemove,240,320
usr_333,rageclick,240,320
usr_334,mousemove,200,150
usr_334,mousemove,210,160
usr_334,mousemove,220,170
usr_334,mousemove,230,180
usr_334,mousemove,240,190
usr_334,mousemove,250,200
usr_334,mousemove,260,210
usr_334,mousemove,270,220
usr_334,mousemove,280,230
usr_334,mousemove,290,240
usr_334,mousemove,300,250
usr_334,mousemove,310,260
usr_334,mousemove,320,270
usr_334,mousemove,330,280
usr_334,mousemove,340,290
usr_334,click,350,210
usr_334,mousemove,400,230
usr_334,mousemove,450,250
usr_334,mousemove,500,270
usr_334,mousemove,450,290
usr_334,mousemove,400,310
usr_334,rageclick,450,330
usr_334,mousemove,430,320
usr_334,mousemove,410,310
usr_334,mousemove,390,300
usr_334,rageclick,390,300
usr_335,mousemove,300,200
usr_335,mousemove,310,205
usr_335,mousemove,320,210
usr_335,mousemove,330,215
usr_335,mousemove,340,220
usr_335,mousemove,350,225
usr_335,click,350,210
usr_336,mousemove,200,250
usr_336,mousemove,210,255
usr_336,mousemove,220,260
usr_336,mousemove,230,265
usr_336,mousemove,240,270
usr_336,mousemove,250,275
usr_336,click,250,260
usr_337,mousemove,400,150
usr_337,mousemove,410,160
usr_337,mousemove,420,170
usr_337,mousemove,430,180
usr_337,mousemove,440,190
usr_337,mousemove,450,200
usr_337,mousemove,460,210
usr_337,mousemove,470,220
usr_337,mousemove,480,230
usr_337,mousemove,490,240
usr_337,click,490,210
usr_337,mousemove,440,230
usr_337,mousemove,390,250
usr_337,mousemove,340,270
usr_337,mousemove,290,290
usr_337,mousemove,240,310
usr_337,mousemove,190,330
usr_337,rageclick,250,400
usr_337,mousemove,280,390
usr_337,mousemove,310,380
usr_337,mousemove,340,370
usr_337,rageclick,340,370
usr_338,mousemove,300,200
usr_338,mousemove,310,210
usr_338,mousemove,320,220
usr_338,mousemove,330,230
usr_338,mousemove,340,240
usr_338,mousemove,350,250
usr_338,mousemove,360,260
usr_338,mousemove,370,270
usr_338,mousemove,380,280
usr_338,mousemove,390,290
usr_338,mousemove,400,300
usr_338,mousemove,410,310
usr_338,mousemove,420,320
usr_338,mousemove,430,330
usr_338,mousemove,440,340
usr_338,click,450,260
usr_338,mousemove,400,280
usr_338,mousemove,350,300
usr_338,mousemove,300,320
usr_338,mousemove,250,340
usr_338,mousemove,200,360
usr_338,mousemove,150,380
usr_338,rageclick,200,330
usr_338,mousemove,250,340
usr_338,mousemove,300,350
usr_338,mousemove,350,360
usr_338,rageclick,350,360
usr_339,mousemove,250,200
usr_339,mousemove,260,205
usr_339,mousemove,270,210
usr_339,mousemove,280,215
usr_339,mousemove,290,220
usr_339,mousemove,300,225
usr_339,click,300,210
usr_340,mousemove,350,250
usr_340,mousemove,360,255
usr_340,mousemove,370,260
usr_340,mousemove,380,265
usr_340,mousemove,390,270
usr_340,mousemove,400,275
usr_340,click,400,260
usr_341,mousemove,500,150
usr_341,mousemove,490,160
usr_341,mousemove,480,170
usr_341,mousemove,470,180
usr_341,mousemove,460,190
usr_341,mousemove,450,200
usr_341,mousemove,440,210
usr_341,mousemove,430,220
usr_341,mousemove,420,230
usr_341,mousemove,410,240
usr_341,click,410,240
usr_341,mousemove,450,260
usr_341,mousemove,490,280
usr_341,mousemove,530,300
usr_341,mousemove,570,320
usr_341,mousemove,610,340
usr_341,rageclick,600,350
usr_341,mousemove,580,340
usr_341,mousemove,560,330
usr_341,mousemove,540,320
usr_341,rageclick,540,320
usr_342,mousemove,200,150
usr_342,mousemove,210,160
usr_342,mousemove,220,170
usr_342,mousemove,230,180
usr_342,mousemove,240,190
usr_342,mousemove,250,200
usr_342,mousemove,260,210
usr_342,mousemove,270,220
usr_342,mousemove,280,230
usr_342,mousemove,290,240
usr_342,mousemove,300,250
usr_342,mousemove,310,260
usr_342,mousemove,320,270
usr_342,mousemove,330,280
usr_342,mousemove,340,290
usr_342,click,350,210
usr_342,mousemove,400,230
usr_342,mousemove,450,250
usr_342,mousemove,500,270
usr_342,mousemove,450,290
usr_342,mousemove,400,310
usr_342,rageclick,450,330
usr_342,mousemove,430,320
usr_342,mousemove,410,310
usr_342,mousemove,390,300
usr_342,rageclick,390,300
usr_343,mousemove,300,150
usr_343,mousemove,310,155
usr_343,mousemove,320,160
usr_343,mousemove,330,165
usr_343,mousemove,340,170
usr_343,mousemove,350,175
usr_343,click,350,160
usr_344,mousemove,200,200
usr_344,mousemove,210,205
usr_344,mousemove,220,210
usr_344,mousemove,230,215
usr_344,mousemove,240,220
usr_344,mousemove,250,225
usr_344,click,250,210
usr_345,mousemove,450,200
usr_345,mousemove,440,210
usr_345,mousemove,430,220
usr_345,mousemove,420,230
usr_345,mousemove,410,240
usr_345,mousemove,400,250
usr_345,mousemove,390,260
usr_345,mousemove,380,270
usr_345,mousemove,370,280
usr_345,mousemove,360,290
usr_345,click,360,260
usr_345,mousemove,400,270
usr_345,mousemove,440,280
usr_345,mousemove,480,290
usr_345,mousemove,520,300
usr_345,mousemove,560,310
usr_345,mousemove,600,320
usr_345,rageclick,550,350
usr_345,mousemove,520,340
usr_345,mousemove,490,330
usr_345,mousemove,460,320
usr_345,rageclick,460,320
usr_346,mousemove,150,300
usr_346,mousemove,160,310
usr_346,mousemove,170,320
usr_346,mousemove,180,330
usr_346,mousemove,190,340
usr_346,mousemove,200,350
usr_346,mousemove,210,360
usr_346,mousemove,220,370
usr_346,mousemove,230,380
usr_346,mousemove,240,390
usr_346,mousemove,250,400
usr_346,mousemove,260,410
usr_346,mousemove,270,420
usr_346,mousemove,280,430
usr_346,mousemove,290,440
usr_346,click,300,360
usr_346,mousemove,350,340
usr_346,mousemove,400,320
usr_346,mousemove,450,300
usr_346,mousemove,500,280
usr_346,rageclick,500,200
usr_346,mousemove,470,220
usr_346,mousemove,440,240
usr_346,mousemove,410,260
usr_346,rageclick,410,260
usr_347,mousemove,350,250
usr_347,mousemove,360,255
usr_347,mousemove,370,260
usr_347,mousemove,380,265
usr_347,mousemove,390,270
usr_347,mousemove,400,275
usr_347,click,400,260
usr_348,mousemove,250,150
usr_348,mousemove,260,155
usr_348,mousemove,270,160
usr_348,mousemove,280,165
usr_348,mousemove,290,170
usr_348,mousemove,300,175
usr_348,click,300,160
usr_349,mousemove,550,200
usr_349,mousemove,540,210
usr_349,mousemove,530,220
usr_349,mousemove,520,230
usr_349,mousemove,510,240
usr_349,mousemove,500,250
usr_349,mousemove,490,260
usr_349,mousemove,480,270
usr_349,mousemove,470,280
usr_349,mousemove,460,290
usr_349,click,460,260
usr_349,mousemove,420,280
usr_349,mousemove,380,300
usr_349,mousemove,340,320
usr_349,mousemove,300,340
usr_349,mousemove,260,360
usr_349,mousemove,220,380
usr_349,rageclick,300,400
usr_349,mousemove,320,390
usr_349,mousemove,340,380
usr_349,mousemove,360,370
usr_349,rageclick,360,370
usr_350,mousemove,100,250
usr_350,mousemove,110,260
usr_350,mousemove,120,270
usr_350,mousemove,130,280
usr_350,mousemove,140,290
usr_350,mousemove,150,300
usr_350,mousemove,160,310
usr_350,mousemove,170,320
usr_350,mousemove,180,330
usr_350,mousemove,190,340
usr_350,mousemove,200,350
usr_350,mousemove,210,360
usr_350,mousemove,220,370
usr_350,mousemove,230,380
usr_350,mousemove,240,390
usr_350,click,250,310
usr_350,mousemove,300,290
usr_350,mousemove,350,270
usr_350,mousemove,400,250
usr_350,mousemove,450,230
usr_350,rageclick,450,150
usr_350,mousemove,420,170
usr_350,mousemove,390,190
usr_350,mousemove,360,210
usr_350,rageclick,360,210
usr_351,mousemove,300,200
usr_351,mousemove,310,205
usr_351,mousemove,320,210
usr_351,mousemove,330,215
usr_351,mousemove,340,220
usr_351,mousemove,350,225
usr_351,click,350,210
usr_352,mousemove,200,250
usr_352,mousemove,210,255
usr_352,mousemove,220,260
usr_352,mousemove,230,265
usr_352,mousemove,240,270
usr_352,mousemove,250,275
usr_352,click,250,260
usr_353,mousemove,500,150
usr_353,mousemove,490,160
usr_353,mousemove,480,170
usr_353,mousemove,470,180
usr_353,mousemove,460,190
usr_353,mousemove,450,200
usr_353,mousemove,440,210
usr_353,mousemove,430,220
usr_353,mousemove,420,230
usr_353,mousemove,410,240
usr_353,click,410,240
usr_353,mousemove,450,260
usr_353,mousemove,490,280
usr_353,mousemove,530,300
usr_353,mousemove,570,320
usr_353,mousemove,610,340
usr_353,rageclick,600,350
usr_353,mousemove,580,340
usr_353,mousemove,560,330
usr_353,mousemove,540,320
usr_353,rageclick,540,320
usr_354,mousemove,200,150
usr_354,mousemove,210,160
usr_354,mousemove,220,170
usr_354,mousemove,230,180
usr_354,mousemove,240,190
usr_354,mousemove,250,200
usr_354,mousemove,260,210
usr_354,mousemove,270,220
usr_354,mousemove,280,230
usr_354,mousemove,290,240
usr_354,mousemove,300,250
usr_354,mousemove,310,260
usr_354,mousemove,320,270
usr_354,mousemove,330,280
usr_354,mousemove,340,290
usr_354,click,350,210
usr_354,mousemove,400,230
usr_354,mousemove,450,250
usr_354,mousemove,500,270
usr_354,mousemove,450,290
usr_354,mousemove,400,310
usr_354,rageclick,450,330
usr_354,mousemove,430,320
usr_354,mousemove,410,310
usr_354,mousemove,390,300
usr_354,rageclick,390,300
usr_355,mousemove,350,150
usr_355,mousemove,360,155
usr_355,mousemove,370,160
usr_355,mousemove,380,165
usr_355,mousemove,390,170
usr_355,mousemove,400,175
usr_355,click,400,160
usr_356,mousemove,250,250
usr_356,mousemove,260,255
usr_356,mousemove,270,260
usr_356,mousemove,280,265
usr_356,mousemove,290,270
usr_356,mousemove,300,275
usr_356,click,300,260
usr_357,mousemove,450,200
usr_357,mousemove,440,210
usr_357,mousemove,430,220
usr_357,mousemove,420,230
usr_357,mousemove,410,240
usr_357,mousemove,400,250
usr_357,mousemove,390,260
usr_357,mousemove,380,270
usr_357,mousemove,370,280
usr_357,mousemove,360,290
usr_357,click,360,260
usr_357,mousemove,400,270
usr_357,mousemove,440,280
usr_357,mousemove,480,290
usr_357,mousemove,520,300
usr_357,mousemove,560,310
usr_357,mousemove,600,320
usr_357,rageclick,550,350
usr_357,mousemove,520,340
usr_357,mousemove,490,330
usr_357,mousemove,460,320
usr_357,rageclick,460,320
usr_358,mousemove,150,200
usr_358,mousemove,160,210
usr_358,mousemove,170,220
usr_358,mousemove,180,230
usr_358,mousemove,190,240
usr_358,mousemove,200,250
usr_358,mousemove,210,260
usr_358,mousemove,220,270
usr_358,mousemove,230,280
usr_358,mousemove,240,290
usr_358,mousemove,250,300
usr_358,mousemove,260,310
usr_358,mousemove,270,320
usr_358,mousemove,280,330
usr_358,mousemove,290,340
usr_358,click,300,260
usr_358,mousemove,350,280
usr_358,mousemove,400,300
usr_358,mousemove,450,320
usr_358,mousemove,500,340
usr_358,mousemove,450,360
usr_358,rageclick,450,380
usr_358,mousemove,430,370
usr_358,mousemove,410,360
usr_358,mousemove,390,350
usr_358,rageclick,390,350
usr_359,mousemove,300,250
usr_359,mousemove,310,255
usr_359,mousemove,320,260
usr_359,mousemove,330,265
usr_359,mousemove,340,270
usr_359,mousemove,350,275
usr_359,click,350,260
usr_360,mousemove,200,150
usr_360,mousemove,210,155
usr_360,mousemove,220,160
usr_360,mousemove,230,165
usr_360,mousemove,240,170
usr_360,mousemove,250,175
usr_360,click,250,160
usr_361,mousemove,550,250
usr_361,mousemove,540,260
usr_361,mousemove,530,270
usr_361,mousemove,520,280
usr_361,mousemove,510,290
usr_361,mousemove,500,300
usr_361,mousemove,490,310
usr_361,mousemove,480,320
usr_361,mousemove,470,330
usr_361,mousemove,460,340
usr_361,click,460,310
usr_361,mousemove,420,330
usr_361,mousemove,380,350
usr_361,mousemove,340,370
usr_361,mousemove,300,390
usr_361,mousemove,260,410
usr_361,mousemove,220,430
usr_361,rageclick,200,450
usr_361,mousemove,250,440
usr_361,mousemove,300,430
usr_361,mousemove,350,420
usr_361,rageclick,350,420
usr_362,mousemove,300,200
usr_362,mousemove,310,210
usr_362,mousemove,320,220
usr_362,mousemove,330,230
usr_362,mousemove,340,240
usr_362,mousemove,350,250
usr_362,mousemove,360,260
usr_362,mousemove,370,270
usr_362,mousemove,380,280
usr_362,mousemove,390,290
usr_362,mousemove,400,300
usr_362,mousemove,410,310
usr_362,mousemove,420,320
usr_362,mousemove,430,330
usr_362,mousemove,440,340
usr_362,click,450,260
usr_362,mousemove,400,280
usr_362,mousemove,350,300
usr_362,mousemove,300,320
usr_362,mousemove,250,340
usr_362,mousemove,200,360
usr_362,mousemove,150,380
usr_362,rageclick,200,330
usr_362,mousemove,250,340
usr_362,mousemove,300,350
usr_362,mousemove,350,360
usr_362,rageclick,350,360
usr_363,mousemove,400,200
usr_363,mousemove,410,205
usr_363,mousemove,420,210
usr_363,mousemove,430,215
usr_363,mousemove,440,220
usr_363,mousemove,450,225
usr_363,click,450,210
usr_364,mousemove,250,300
usr_364,mousemove,260,305
usr_364,mousemove,270,310
usr_364,mousemove,280,315
usr_364,mousemove,290,320
usr_364,mousemove,300,325
usr_364,click,300,310
usr_365,mousemove,350,150
usr_365,mousemove,360,160
usr_365,mousemove,370,170
usr_365,mousemove,380,180
usr_365,mousemove,390,190
usr_365,mousemove,400,200
usr_365,mousemove,410,210
usr_365,mousemove,420,220
usr_365,mousemove,430,230
usr_365,mousemove,440,240
usr_365,click,440,210
usr_365,mousemove,400,230
usr_365,mousemove,360,250
usr_365,mousemove,320,270
usr_365,mousemove,280,290
usr_365,mousemove,240,310
usr_365,mousemove,200,330
usr_365,rageclick,150,350
usr_365,mousemove,180,340
usr_365,mousemove,210,330
usr_365,mousemove,240,320
usr_365,rageclick,240,320
usr_366,mousemove,200,150
usr_366,mousemove,210,160
usr_366,mousemove,220,170
usr_366,mousemove,230,180
usr_366,mousemove,240,190
usr_366,mousemove,250,200
usr_366,mousemove,260,210
usr_366,mousemove,270,220
usr_366,mousemove,280,230
usr_366,mousemove,290,240
usr_366,mousemove,300,250
usr_366,mousemove,310,260
usr_366,mousemove,320,270
usr_366,mousemove,330,280
usr_366,mousemove,340,290
usr_366,click,350,210
usr_366,mousemove,400,230
usr_366,mousemove,450,250
usr_366,mousemove,500,270
usr_366,mousemove,450,290
usr_366,mousemove,400,310
usr_366,rageclick,450,330
usr_366,mousemove,430,320
usr_366,mousemove,410,310
usr_366,mousemove,390,300
usr_366,rageclick,390,300
usr_367,mousemove,300,200
usr_367,mousemove,310,205
usr_367,mousemove,320,210
usr_367,mousemove,330,215
usr_367,mousemove,340,220
usr_367,mousemove,350,225
usr_367,click,350,210
usr_368,mousemove,200,250
usr_368,mousemove,210,255
usr_368,mousemove,220,260
usr_368,mousemove,230,265
usr_368,mousemove,240,270
usr_368,mousemove,250,275
usr_368,click,250,260
usr_369,mousemove,400,150
usr_369,mousemove,410,160
usr_369,mousemove,420,170
usr_369,mousemove,430,180
usr_369,mousemove,440,190
usr_369,mousemove,450,200
usr_369,mousemove,460,210
usr_369,mousemove,470,220
usr_369,mousemove,480,230
usr_369,mousemove,490,240
usr_369,click,490,210
usr_369,mousemove,440,230
usr_369,mousemove,390,250
usr_369,mousemove,340,270
usr_369,mousemove,290,290
usr_369,mousemove,240,310
usr_369,mousemove,190,330
usr_369,rageclick,250,400
usr_369,mousemove,280,390
usr_369,mousemove,310,380
usr_369,mousemove,340,370
usr_369,rageclick,340,370
usr_370,mousemove,300,200
usr_370,mousemove,310,210
usr_370,mousemove,320,220
usr_370,mousemove,330,230
usr_370,mousemove,340,240
usr_370,mousemove,350,250
usr_370,mousemove,360,260
usr_370,mousemove,370,270
usr_370,mousemove,380,280
usr_370,mousemove,390,290
usr_370,mousemove,400,300
usr_370,mousemove,410,310
usr_370,mousemove,420,320
usr_370,mousemove,430,330
usr_370,mousemove,440,340
usr_370,click,450,260
usr_370,mousemove,400,280
usr_370,mousemove,350,300
usr_370,mousemove,300,320
usr_370,mousemove,250,340
usr_370,mousemove,200,360
usr_370,mousemove,150,380
usr_370,rageclick,200,330
usr_370,mousemove,250,340
usr_370,mousemove,300,350
usr_370,mousemove,350,360
usr_370,rageclick,350,360
usr_371,mousemove,250,200
usr_371,mousemove,260,205
usr_371,mousemove,270,210
usr_371,mousemove,280,215
usr_371,mousemove,290,220
usr_371,mousemove,300,225
usr_371,click,300,210
usr_372,mousemove,350,250
usr_372,mousemove,360,255
usr_372,mousemove,370,260
usr_372,mousemove,380,265
usr_372,mousemove,390,270
usr_372,mousemove,400,275
usr_372,click,400,260
usr_373,mousemove,500,150
usr_373,mousemove,490,160
usr_373,mousemove,480,170
usr_373,mousemove,470,180
usr_373,mousemove,460,190
usr_373,mousemove,450,200
usr_373,mousemove,440,210
usr_373,mousemove,430,220
usr_373,mousemove,420,230
usr_373,mousemove,410,240
usr_373,click,410,240
usr_373,mousemove,450,260
usr_373,mousemove,490,280
usr_373,mousemove,530,300
usr_373,mousemove,570,320
usr_373,mousemove,610,340
usr_373,rageclick,600,350
usr_373,mousemove,580,340
usr_373,mousemove,560,330
usr_373,mousemove,540,320
usr_373,rageclick,540,320
usr_374,mousemove,200,150
usr_374,mousemove,210,160
usr_374,mousemove,220,170
usr_374,mousemove,230,180
usr_374,mousemove,240,190
usr_374,mousemove,250,200
usr_374,mousemove,260,210
usr_374,mousemove,270,220
usr_374,mousemove,280,230
usr_374,mousemove,290,240
usr_374,mousemove,300,250
usr_374,mousemove,310,260
usr_374,mousemove,320,270
usr_374,mousemove,330,280
usr_374,mousemove,340,290
usr_374,click,350,210
usr_374,mousemove,400,230
usr_374,mousemove,450,250
usr_374,mousemove,500,270
usr_374,mousemove,450,290
usr_374,mousemove,400,310
usr_374,rageclick,450,330
usr_374,mousemove,430,320
usr_374,mousemove,410,310
usr_374,mousemove,390,300
usr_374,rageclick,390,300
usr_375,mousemove,300,150
usr_375,mousemove,310,155
usr_375,mousemove,320,160
usr_375,mousemove,330,165
usr_375,mousemove,340,170
usr_375,mousemove,350,175
usr_375,click,350,160
usr_376,mousemove,200,200
usr_376,mousemove,210,205
usr_376,mousemove,220,210
usr_376,mousemove,230,215
usr_376,mousemove,240,220
usr_376,mousemove,250,225
usr_376,click,250,210
usr_377,mousemove,450,200
usr_377,mousemove,440,210
usr_377,mousemove,430,220
usr_377,mousemove,420,230
usr_377,mousemove,410,240
usr_377,mousemove,400,250
usr_377,mousemove,390,260
usr_377,mousemove,380,270
usr_377,mousemove,370,280
usr_377,mousemove,360,290
usr_377,click,360,260
usr_377,mousemove,400,270
usr_377,mousemove,440,280
usr_377,mousemove,480,290
usr_377,mousemove,520,300
usr_377,mousemove,560,310
usr_377,mousemove,600,320
usr_377,rageclick,550,350
usr_377,mousemove,520,340
usr_377,mousemove,490,330
usr_377,mousemove,460,320
usr_377,rageclick,460,320
usr_378,mousemove,150,300
usr_378,mousemove,160,310
usr_378,mousemove,170,320
usr_378,mousemove,180,330
usr_378,mousemove,190,340
usr_378,mousemove,200,350
usr_378,mousemove,210,360
usr_378,mousemove,220,370
usr_378,mousemove,230,380
usr_378,mousemove,240,390
usr_378,mousemove,250,400
usr_378,mousemove,260,410
usr_378,mousemove,270,420
usr_378,mousemove,280,430
usr_378,mousemove,290,440
usr_378,click,300,360
usr_378,mousemove,350,340
usr_378,mousemove,400,320
usr_378,mousemove,450,300
usr_378,mousemove,500,280
usr_378,rageclick,500,200
usr_378,mousemove,470,220
usr_378,mousemove,440,240
usr_378,mousemove,410,260
usr_378,rageclick,410,260
usr_379,mousemove,350,250
usr_379,mousemove,360,255
usr_379,mousemove,370,260
usr_379,mousemove,380,265
usr_379,mousemove,390,270
usr_379,mousemove,400,275
usr_379,click,400,260
usr_380,mousemove,250,150
usr_380,mousemove,260,155
usr_380,mousemove,270,160
usr_380,mousemove,280,165
usr_380,mousemove,290,170
usr_380,mousemove,300,175
usr_380,click,300,160
usr_381,mousemove,550,200
usr_381,mousemove,540,210
usr_381,mousemove,530,220
usr_381,mousemove,520,230
usr_381,mousemove,510,240
usr_381,mousemove,500,250
usr_381,mousemove,490,260
usr_381,mousemove,480,270
usr_381,mousemove,470,280
usr_381,mousemove,460,290
usr_381,click,460,260
usr_381,mousemove,420,280
usr_381,mousemove,380,300
usr_381,mousemove,340,320
usr_381,mousemove,300,340
usr_381,mousemove,260,360
usr_381,mousemove,220,380
usr_381,rageclick,300,400
usr_381,mousemove,320,390
usr_381,mousemove,340,380
usr_381,mousemove,360,370
usr_381,rageclick,360,370
usr_382,mousemove,100,250
usr_382,mousemove,110,260
usr_382,mousemove,120,270
usr_382,mousemove,130,280
usr_382,mousemove,140,290
usr_382,mousemove,150,300
usr_382,mousemove,160,310
usr_382,mousemove,170,320
usr_382,mousemove,180,330
usr_382,mousemove,190,340
usr_382,mousemove,200,350
usr_382,mousemove,210,360
usr_382,mousemove,220,370
usr_382,mousemove,230,380
usr_382,mousemove,240,390
usr_382,click,250,310
usr_382,mousemove,300,290
usr_382,mousemove,350,270
usr_382,mousemove,400,250
usr_382,mousemove,450,230
usr_382,rageclick,450,150
usr_382,mousemove,420,170
usr_382,mousemove,390,190
usr_382,mousemove,360,210
usr_382,rageclick,360,210
usr_383,mousemove,200,200
usr_383,mousemove,210,205
usr_383,mousemove,220,210
usr_383,mousemove,230,215
usr_383,mousemove,240,220
usr_383,mousemove,250,225
usr_383,click,250,210
usr_384,mousemove,300,300
usr_384,mousemove,310,305
usr_384,mousemove,320,310
usr_384,mousemove,330,315
usr_384,mousemove,340,320
usr_384,mousemove,350,325
usr_384,click,350,310
usr_385,mousemove,500,150
usr_385,mousemove,490,160
usr_385,mousemove,480,170
usr_385,mousemove,470,180
usr_385,mousemove,460,190
usr_385,mousemove,450,200
usr_385,mousemove,440,210
usr_385,mousemove,430,220
usr_385,mousemove,420,230
usr_385,mousemove,410,240
usr_385,click,410,240
usr_385,mousemove,450,260
usr_385,mousemove,490,280
usr_385,mousemove,530,300
usr_385,mousemove,570,320
usr_385,mousemove,610,340
usr_385,rageclick,600,350
usr_385,mousemove,580,340
usr_385,mousemove,560,330
usr_385,mousemove,540,320
usr_385,rageclick,540,320
usr_386,mousemove,200,150
usr_386,mousemove,210,160
usr_386,mousemove,220,170
usr_386,mousemove,230,180
usr_386,mousemove,240,190
usr_386,mousemove,250,200
usr_386,mousemove,260,210
usr_386,mousemove,270,220
usr_386,mousemove,280,230
usr_386,mousemove,290,240
usr_386,mousemove,300,250
usr_386,mousemove,310,260
usr_386,mousemove,320,270
usr_386,mousemove,330,280
usr_386,mousemove,340,290
usr_386,click,350,210
usr_386,mousemove,400,230
usr_386,mousemove,450,250
usr_386,mousemove,500,270
usr_386,mousemove,450,290
usr_386,mousemove,400,310
usr_386,rageclick,450,330
usr_386,mousemove,430,320
usr_386,mousemove,410,310
usr_386,mousemove,390,300
usr_386,rageclick,390,300
usr_387,mousemove,300,200
usr_387,mousemove,310,205
usr_387,mousemove,320,210
usr_387,mousemove,330,215
usr_387,mousemove,340,220
usr_387,mousemove,350,225
usr_387,click,350,210
usr_388,mousemove,200,250
usr_388,mousemove,210,255
usr_388,mousemove,220,260
usr_388,mousemove,230,265
usr_388,mousemove,240,270
usr_388,mousemove,250,275
usr_388,click,250,260
usr_389,mousemove,400,150
usr_389,mousemove,410,160
usr_389,mousemove,420,170
usr_389,mousemove,430,180
usr_389,mousemove,440,190
usr_389,mousemove,450,200
usr_389,mousemove,460,210
usr_389,mousemove,470,220
usr_389,mousemove,480,230
usr_389,mousemove,490,240
usr_389,click,490,210
usr_389,mousemove,440,230
usr_389,mousemove,390,250
usr_389,mousemove,340,270
usr_389,mousemove,290,290
usr_389,mousemove,240,310
usr_389,mousemove,190,330
usr_389,rageclick,250,400
usr_389,mousemove,280,390
usr_389,mousemove,310,380
usr_389,mousemove,340,370
usr_389,rageclick,340,370
usr_390,mousemove,300,200
usr_390,mousemove,310,210
usr_390,mousemove,320,220
usr_390,mousemove,330,230
usr_390,mousemove,340,240
usr_390,mousemove,350,250
usr_390,mousemove,360,260
usr_390,mousemove,370,270
usr_390,mousemove,380,280
usr_390,mousemove,390,290
usr_390,mousemove,400,300
usr_390,mousemove,410,310
usr_390,mousemove,420,320
usr_390,mousemove,430,330
usr_390,mousemove,440,340
usr_390,click,450,260
usr_390,mousemove,400,280
usr_390,mousemove,350,300
usr_390,mousemove,300,320
usr_390,mousemove,250,340
usr_390,mousemove,200,360
usr_390,mousemove,150,380
usr_390,rageclick,200,330
usr_390,mousemove,250,340
usr_390,mousemove,300,350
usr_390,mousemove,350,360
usr_390,rageclick,350,360
usr_391,mousemove,350,150
usr_391,mousemove,360,155
usr_391,mousemove,370,160
usr_391,mousemove,380,165
usr_391,mousemove,390,170
usr_391,mousemove,400,175
usr_391,click,400,160
usr_392,mousemove,250,250
usr_392,mousemove,260,255
usr_392,mousemove,270,260
usr_392,mousemove,280,265
usr_392,mousemove,290,270
usr_392,mousemove,300,275
usr_392,click,300,260
usr_393,mousemove,450,200
usr_393,mousemove,440,210
usr_393,mousemove,430,220
usr_393,mousemove,420,230
usr_393,mousemove,410,240
usr_393,mousemove,400,250
usr_393,mousemove,390,260
usr_393,mousemove,380,270
usr_393,mousemove,370,280
usr_393,mousemove,360,290
usr_393,click,360,260
usr_393,mousemove,400,270
usr_393,mousemove,440,280
usr_393,mousemove,480,290
usr_393,mousemove,520,300
usr_393,mousemove,560,310
usr_393,mousemove,600,320
usr_393,rageclick,550,350
usr_393,mousemove,520,340
usr_393,mousemove,490,330
usr_393,mousemove,460,320
usr_393,rageclick,460,320
usr_394,mousemove,150,300
usr_394,mousemove,160,310
usr_394,mousemove,170,320
usr_394,mousemove,180,330
usr_394,mousemove,190,340
usr_394,mousemove,200,350
usr_394,mousemove,210,360
usr_394,mousemove,220,370
usr_394,mousemove,230,380
usr_394,mousemove,240,390
usr_394,mousemove,250,400
usr_394,mousemove,260,410
usr_394,mousemove,270,420
usr_394,mousemove,280,430
usr_394,mousemove,290,440
usr_394,click,300,360
usr_394,mousemove,350,340
usr_394,mousemove,400,320
usr_394,mousemove,450,300
usr_394,mousemove,500,280
usr_394,rageclick,500,200
usr_394,mousemove,470,220
usr_394,mousemove,440,240
usr_394,mousemove,410,260
usr_394,rageclick,410,260
usr_395,mousemove,350,250
usr_395,mousemove,360,255
usr_395,mousemove,370,260
usr_395,mousemove,380,265
usr_395,mousemove,390,270
usr_395,mousemove,400,275
usr_395,click,400,260
usr_396,mousemove,250,150
usr_396,mousemove,260,155
usr_396,mousemove,270,160
usr_396,mousemove,280,165
usr_396,mousemove,290,170
usr_396,mousemove,300,175
usr_396,click,300,160
usr_397,mousemove,550,200
usr_397,mousemove,540,210
usr_397,mousemove,530,220
usr_397,mousemove,520,230
usr_397,mousemove,510,240
usr_397,mousemove,500,250
usr_397,mousemove,490,260
usr_397,mousemove,480,270
usr_397,mousemove,470,280
usr_397,mousemove,460,290
usr_397,click,460,260
usr_397,mousemove,420,280
usr_397,mousemove,380,300
usr_397,mousemove,340,320
usr_397,mousemove,300,340
usr_397,mousemove,260,360
usr_397,mousemove,220,380
usr_397,rageclick,300,400
usr_397,mousemove,320,390
usr_397,mousemove,340,380
usr_397,mousemove,360,370
usr_397,rageclick,360,370
usr_398,mousemove,100,250
usr_398,mousemove,110,260
usr_398,mousemove,120,270
usr_398,mousemove,130,280
usr_398,mousemove,140,290
usr_398,mousemove,150,300
usr_398,mousemove,160,310
usr_398,mousemove,170,320
usr_398,mousemove,180,330
usr_398,mousemove,190,340
usr_398,mousemove,200,350
usr_398,mousemove,210,360
usr_398,mousemove,220,370
usr_398,mousemove,230,380
usr_398,mousemove,240,390
usr_398,click,250,310
usr_398,mousemove,300,290
usr_398,mousemove,350,270
usr_398,mousemove,400,250
usr_398,mousemove,450,230
usr_398,rageclick,450,150
usr_398,mousemove,420,170
usr_398,mousemove,390,190
usr_398,mousemove,360,210
usr_398,rageclick,360,210
usr_399,mousemove,200,200
usr_399,mousemove,210,205
usr_399,mousemove,220,210
usr_399,mousemove,230,215
usr_399,mousemove,240,220
usr_399,mousemove,250,225
usr_399,click,250,210
usr_400,mousemove,300,300
usr_400,mousemove,310,305
usr_400,mousemove,320,310
usr_400,mousemove,330,315
usr_400,mousemove,340,320
usr_400,mousemove,350,325
usr_400,click,350,310
usr_401,mousemove,500,150
usr_401,mousemove,490,160
usr_401,mousemove,480,170
usr_401,mousemove,470,180
usr_401,mousemove,460,190
usr_401,mousemove,450,200
usr_401,mousemove,440,210
usr_401,mousemove,430,220
usr_401,mousemove,420,230
usr_401,mousemove,410,240
usr_401,click,410,240
usr_401,mousemove,450,260
usr_401,mousemove,490,280
usr_401,mousemove,530,300
usr_401,mousemove,570,320
usr_401,mousemove,610,340
usr_401,rageclick,600,350
usr_401,mousemove,580,340
usr_401,mousemove,560,330
usr_401,mousemove,540,320
usr_401,rageclick,540,320
usr_402,mousemove,200,150
usr_402,mousemove,210,160
usr_402,mousemove,220,170
usr_402,mousemove,230,180
usr_402,mousemove,240,190
usr_402,mousemove,250,200
usr_402,mousemove,260,210
usr_402,mousemove,270,220
usr_402,mousemove,280,230
usr_402,mousemove,290,240
usr_402,mousemove,300,250
usr_402,mousemove,310,260
usr_402,mousemove,320,270
usr_402,mousemove,330,280
usr_402,mousemove,340,290
usr_402,click,350,210
usr_402,mousemove,400,230
usr_402,mousemove,450,250
usr_402,mousemove,500,270
usr_402,mousemove,450,290
usr_402,mousemove,400,310
usr_402,rageclick,450,330
usr_402,mousemove,430,320
usr_402,mousemove,410,310
usr_402,mousemove,390,300
usr_402,rageclick,390,300
usr_403,mousemove,350,150
usr_403,mousemove,360,155
usr_403,mousemove,370,160
usr_403,mousemove,380,165
usr_403,mousemove,390,170
usr_403,mousemove,400,175
usr_403,click,400,160
usr_404,mousemove,250,250
usr_404,mousemove,260,255
usr_404,mousemove,270,260
usr_404,mousemove,280,265
usr_404,mousemove,290,270
usr_404,mousemove,300,275
usr_404,click,300,260
usr_405,mousemove,450,200
usr_405,mousemove,440,210
usr_405,mousemove,430,220
usr_405,mousemove,420,230
usr_405,mousemove,410,240
usr_405,mousemove,400,250
usr_405,mousemove,390,260
usr_405,mousemove,380,270
usr_405,mousemove,370,280
usr_405,mousemove,360,290
usr_405,click,360,260
usr_405,mousemove,400,270
usr_405,mousemove,440,280
usr_405,mousemove,480,290
usr_405,mousemove,520,300
usr_405,mousemove,560,310
usr_405,mousemove,600,320
usr_405,rageclick,550,350
usr_405,mousemove,520,340
usr_405,mousemove,490,330
usr_405,mousemove,460,320
usr_405,rageclick,460,320
usr_406,mousemove,150,300
usr_406,mousemove,160,310
usr_406,mousemove,170,320
usr_406,mousemove,180,330
usr_406,mousemove,190,340
usr_406,mousemove,200,350
usr_406,mousemove,210,360
usr_406,mousemove,220,370
usr_406,mousemove,230,380
usr_406,mousemove,240,390
usr_406,mousemove,250,400
usr_406,mousemove,260,410
usr_406,mousemove,270,420
usr_406,mousemove,280,430
usr_406,mousemove,290,440
usr_406,click,300,360
usr_406,mousemove,350,340
usr_406,mousemove,400,320
usr_406,mousemove,450,300
usr_406,mousemove,500,280
usr_406,rageclick,500,200
usr_406,mousemove,470,220
usr_406,mousemove,440,240
usr_406,mousemove,410,260
usr_406,rageclick,410,260
usr_407,mousemove,350,250
usr_407,mousemove,360,255
usr_407,mousemove,370,260
usr_407,mousemove,380,265
usr_407,mousemove,390,270
usr_407,mousemove,400,275
usr_407,click,400,260
usr_408,mousemove,250,150
usr_408,mousemove,260,155
usr_408,mousemove,270,160
usr_408,mousemove,280,165
usr_408,mousemove,290,170
usr_408,mousemove,300,175
usr_408,click,300,160
usr_409,mousemove,550,200
usr_409,mousemove,540,210
usr_409,mousemove,530,220
usr_409,mousemove,520,230
usr_409,mousemove,510,240
usr_409,mousemove,500,250
usr_409,mousemove,490,260
usr_409,mousemove,480,270
usr_409,mousemove,470,280
usr_409,mousemove,460,290
usr_409,click,460,260
usr_409,mousemove,420,280
usr_409,mousemove,380,300
usr_409,mousemove,340,320
usr_409,mousemove,300,340
usr_409,mousemove,260,360
usr_409,mousemove,220,380
usr_409,rageclick,300,400
usr_409,mousemove,320,390
usr_409,mousemove,340,380
usr_409,mousemove,360,370
usr_409,rageclick,360,370
usr_410,mousemove,100,250
usr_410,mousemove,110,260
usr_410,mousemove,120,270
usr_410,mousemove,130,280
usr_410,mousemove,140,290
usr_410,mousemove,150,300
usr_410,mousemove,160,310
usr_410,mousemove,170,320
usr_410,mousemove,180,330
usr_410,mousemove,190,340
usr_410,mousemove,200,350
usr_410,mousemove,210,360
usr_410,mousemove,220,370
usr_410,mousemove,230,380
usr_410,mousemove,240,390
usr_410,click,250,310
usr_410,mousemove,300,290
usr_410,mousemove,350,270
usr_410,mousemove,400,250
usr_410,mousemove,450,230
usr_410,rageclick,450,150
usr_410,mousemove,420,170
usr_410,mousemove,390,190
usr_410,mousemove,360,210
usr_410,rageclick,360,210
usr_411,mousemove,200,200
usr_411,mousemove,210,205
usr_411,mousemove,220,210
usr_411,mousemove,230,215
usr_411,mousemove,240,220
usr_411,mousemove,250,225
usr_411,click,250,210
usr_412,mousemove,300,300
usr_412,mousemove,310,305
usr_412,mousemove,320,310
usr_412,mousemove,330,315
usr_412,mousemove,340,320
usr_412,mousemove,350,325
usr_412,click,350,310
usr_413,mousemove,500,150
usr_413,mousemove,490,160
usr_413,mousemove,480,170
usr_413,mousemove,470,180
usr_413,mousemove,460,190
usr_413,mousemove,450,200
usr_413,mousemove,440,210
usr_413,mousemove,430,220
usr_413,mousemove,420,230
usr_413,mousemove,410,240
usr_413,click,410,240
usr_413,mousemove,450,260
usr_413,mousemove,490,280
usr_413,mousemove,530,300
usr_413,mousemove,570,320
usr_413,mousemove,610,340
usr_413,rageclick,600,350
usr_413,mousemove,580,340
usr_413,mousemove,560,330
usr_413,mousemove,540,320
usr_413,rageclick,540,320
usr_414,mousemove,200,150
usr_414,mousemove,210,160
usr_414,mousemove,220,170
usr_414,mousemove,230,180
usr_414,mousemove,240,190
usr_414,mousemove,250,200
usr_414,mousemove,260,210
usr_414,mousemove,270,220
usr_414,mousemove,280,230
usr_414,mousemove,290,240
usr_414,mousemove,300,250
usr_414,mousemove,310,260
usr_414,mousemove,320,270
usr_414,mousemove,330,280
usr_414,mousemove,340,290
usr_414,click,350,210
usr_414,mousemove,400,230
usr_414,mousemove,450,250
usr_414,mousemove,500,270
usr_414,mousemove,450,290
usr_414,mousemove,400,310
usr_414,rageclick,450,330
usr_414,mousemove,430,320
usr_414,mousemove,410,310
usr_414,mousemove,390,300
usr_414,rageclick,390,300
usr_415,mousemove,300,150
usr_415,mousemove,310,155
usr_415,mousemove,320,160
usr_415,mousemove,330,165
usr_415,mousemove,340,170
usr_415,mousemove,350,175
usr_415,click,350,160
usr_416,mousemove,200,200
usr_416,mousemove,210,205
usr_416,mousemove,220,210
usr_416,mousemove,230,215
usr_416,mousemove,240,220
usr_416,mousemove,250,225
usr_416,click,250,210
usr_417,mousemove,450,200
usr_417,mousemove,440,210
usr_417,mousemove,430,220
usr_417,mousemove,420,230
usr_417,mousemove,410,240
usr_417,mousemove,400,250
usr_417,mousemove,390,260
usr_417,mousemove,380,270
usr_417,mousemove,370,280
usr_417,mousemove,360,290
usr_417,click,360,260
usr_417,mousemove,400,270
usr_417,mousemove,440,280
usr_417,mousemove,480,290
usr_417,mousemove,520,300
usr_417,mousemove,560,310
usr_417,mousemove,600,320
usr_417,rageclick,550,350
usr_417,mousemove,520,340
usr_417,mousemove,490,330
usr_417,mousemove,460,320
usr_417,rageclick,460,320
usr_418,mousemove,150,300
usr_418,mousemove,160,310
usr_418,mousemove,170,320
usr_418,mousemove,180,330
usr_418,mousemove,190,340
usr_418,mousemove,200,350
usr_418,mousemove,210,360
usr_418,mousemove,220,370
usr_418,mousemove,230,380
usr_418,mousemove,240,390
usr_418,mousemove,250,400
usr_418,mousemove,260,410
usr_418,mousemove,270,420
usr_418,mousemove,280,430
usr_418,mousemove,290,440
usr_418,click,300,360
usr_418,mousemove,350,340
usr_418,mousemove,400,320
usr_418,mousemove,450,300
usr_418,mousemove,500,280
usr_418,rageclick,500,200
usr_418,mousemove,470,220
usr_418,mousemove,440,240
usr_418,mousemove,410,260
usr_418,rageclick,410,260
usr_419,mousemove,350,250
usr_419,mousemove,360,255
usr_419,mousemove,370,260
usr_419,mousemove,380,265
usr_419,mousemove,390,270
usr_419,mousemove,400,275
usr_419,click,400,260
usr_420,mousemove,250,150
usr_420,mousemove,260,155
usr_420,mousemove,270,160
usr_420,mousemove,280,165
usr_420,mousemove,290,170
usr_420,mousemove,300,175
usr_420,click,300,160
usr_421,mousemove,550,200
usr_421,mousemove,540,210
usr_421,mousemove,530,220
usr_421,mousemove,520,230
usr_421,mousemove,510,240
usr_421,mousemove,500,250
usr_421,mousemove,490,260
usr_421,mousemove,480,270
usr_421,mousemove,470,280
usr_421,mousemove,460,290
usr_421,click,460,260
usr_421,mousemove,420,280
usr_421,mousemove,380,300
usr_421,mousemove,340,320
usr_421,mousemove,300,340
usr_421,mousemove,260,360
usr_421,mousemove,220,380
usr_421,rageclick,300,400
usr_421,mousemove,320,390
usr_421,mousemove,340,380
usr_421,mousemove,360,370
usr_421,rageclick,360,370
usr_422,mousemove,100,250
usr_422,mousemove,110,260
usr_422,mousemove,120,270
usr_422,mousemove,130,280
usr_422,mousemove,140,290
usr_422,mousemove,150,300
usr_422,mousemove,160,310
usr_422,mousemove,170,320
usr_422,mousemove,180,330
usr_422,mousemove,190,340
usr_422,mousemove,200,350
usr_422,mousemove,210,360
usr_422,mousemove,220,370
usr_422,mousemove,230,380
usr_422,mousemove,240,390
usr_422,click,250,310
usr_422,mousemove,300,290
usr_422,mousemove,350,270
usr_422,mousemove,400,250
usr_422,mousemove,450,230
usr_422,rageclick,450,150
usr_422,mousemove,420,170
usr_422,mousemove,390,190
usr_422,mousemove,360,210
usr_422,rageclick,360,210
usr_423,mousemove,200,200
usr_423,mousemove,210,205
usr_423,mousemove,220,210
usr_423,mousemove,230,215
usr_423,mousemove,240,220
usr_423,mousemove,250,225
usr_423,click,250,210
usr_424,mousemove,300,300
usr_424,mousemove,310,305
usr_424,mousemove,320,310
usr_424,mousemove,330,315
usr_424,mousemove,340,320
usr_424,mousemove,350,325
usr_424,click,350,310
usr_425,mousemove,500,150
usr_425,mousemove,490,160
usr_425,mousemove,480,170
usr_425,mousemove,470,180
usr_425,mousemove,460,190
usr_425,mousemove,450,200
usr_425,mousemove,440,210
usr_425,mousemove,430,220
usr_425,mousemove,420,230
usr_425,mousemove,410,240
usr_425,click,410,240
usr_425,mousemove,450,260
usr_425,mousemove,490,280
usr_425,mousemove,530,300
usr_425,mousemove,570,320
usr_425,mousemove,610,340
usr_425,rageclick,600,350
usr_425,mousemove,580,340
usr_425,mousemove,560,330
usr_425,mousemove,540,320
usr_425,rageclick,540,320
usr_426,mousemove,200,150
usr_426,mousemove,210,160
usr_426,mousemove,220,170
usr_426,mousemove,230,180
usr_426,mousemove,240,190
usr_426,mousemove,250,200
usr_426,mousemove,260,210
usr_426,mousemove,270,220
usr_426,mousemove,280,230
usr_426,mousemove,290,240
usr_426,mousemove,300,250
usr_426,mousemove,310,260
usr_426,mousemove,320,270
usr_426,mousemove,330,280
usr_426,mousemove,340,290
usr_426,click,350,210
usr_426,mousemove,400,230
usr_426,mousemove,450,250
usr_426,mousemove,500,270
usr_426,mousemove,450,290
usr_426,mousemove,400,310
usr_426,rageclick,450,330
usr_426,mousemove,430,320
usr_426,mousemove,410,310
usr_426,mousemove,390,300
usr_426,rageclick,390,300
usr_427,mousemove,350,150
usr_427,mousemove,360,155
usr_427,mousemove,370,160
usr_427,mousemove,380,165
usr_427,mousemove,390,170
usr_427,mousemove,400,175
usr_427,click,400,160
usr_428,mousemove,250,250
usr_428,mousemove,260,255
usr_428,mousemove,270,260
usr_428,mousemove,280,265
usr_428,mousemove,290,270
usr_428,mousemove,300,275
usr_428,click,300,260
usr_429,mousemove,450,200
usr_429,mousemove,440,210
usr_429,mousemove,430,220
usr_429,mousemove,420,230
usr_429,mousemove,410,240
usr_429,mousemove,400,250
usr_429,mousemove,390,260
usr_429,mousemove,380,270
usr_429,mousemove,370,280
usr_429,mousemove,360,290
usr_429,click,360,260
usr_429,mousemove,400,270
usr_429,mousemove,440,280
usr_429,mousemove,480,290
usr_429,mousemove,520,300
usr_429,mousemove,560,310
usr_429,mousemove,600,320
usr_429,rageclick,550,350
usr_429,mousemove,520,340
usr_429,mousemove,490,330
usr_429,mousemove,460,320
usr_429,rageclick,460,320
usr_430,mousemove,150,300
usr_430,mousemove,160,310
usr_430,mousemove,170,320
usr_430,mousemove,180,330
usr_430,mousemove,190,340
usr_430,mousemove,200,350
usr_430,mousemove,210,360
usr_430,mousemove,220,370
usr_430,mousemove,230,380
usr_430,mousemove,240,390
usr_430,mousemove,250,400
usr_430,mousemove,260,410
usr_430,mousemove,270,420
usr_430,mousemove,280,430
usr_430,mousemove,290,440
usr_430,click,300,360
usr_430,mousemove,350,340
usr_430,mousemove,400,320
usr_430,mousemove,450,300
usr_430,mousemove,500,280
usr_430,rageclick,500,200
usr_430,mousemove,470,220
usr_430,mousemove,440,240
usr_430,mousemove,410,260
usr_430,rageclick,410,260
usr_431,mousemove,350,250
usr_431,mousemove,360,255
usr_431,mousemove,370,260
usr_431,mousemove,380,265
usr_431,mousemove,390,270
usr_431,mousemove,400,275
usr_431,click,400,260
usr_432,mousemove,250,150
usr_432,mousemove,260,155
usr_432,mousemove,270,160
usr_432,mousemove,280,165
usr_432,mousemove,290,170
usr_432,mousemove,300,175
usr_432,click,300,160
usr_433,mousemove,550,200
usr_433,mousemove,540,210
usr_433,mousemove,530,220
usr_433,mousemove,520,230
usr_433,mousemove,510,240
usr_433,mousemove,500,250
usr_433,mousemove,490,260
usr_433,mousemove,480,270
usr_433,mousemove,470,280
usr_433,mousemove,460,290
usr_433,click,460,260
usr_433,mousemove,420,280
usr_433,mousemove,380,300
usr_433,mousemove,340,320
usr_433,mousemove,300,340
usr_433,mousemove,260,360
usr_433,mousemove,220,380
usr_433,rageclick,300,400
usr_433,mousemove,320,390
usr_433,mousemove,340,380
usr_433,mousemove,360,370
usr_433,rageclick,360,370
usr_434,mousemove,100,250
usr_434,mousemove,110,260
usr_434,mousemove,120,270
usr_434,mousemove,130,280
usr_434,mousemove,140,290
usr_434,mousemove,150,300
usr_434,mousemove,160,310
usr_434,mousemove,170,320
usr_434,mousemove,180,330
usr_434,mousemove,190,340
usr_434,mousemove,200,350
usr_434,mousemove,210,360
usr_434,mousemove,220,370
usr_434,mousemove,230,380
usr_434,mousemove,240,390
usr_434,click,250,310
usr_434,mousemove,300,290
usr_434,mousemove,350,270
usr_434,mousemove,400,250
usr_434,mousemove,450,230
usr_434,rageclick,450,150
usr_434,mousemove,420,170
usr_434,mousemove,390,190
usr_434,mousemove,360,210
usr_434,rageclick,360,210
usr_435,mousemove,200,200
usr_435,mousemove,210,205
usr_435,mousemove,220,210
usr_435,mousemove,230,215
usr_435,mousemove,240,220
usr_435,mousemove,250,225
usr_435,click,250,210
usr_436,mousemove,300,300
usr_436,mousemove,310,305
usr_436,mousemove,320,310
usr_436,mousemove,330,315
usr_436,mousemove,340,320
usr_436,mousemove,350,325
usr_436,click,350,310
usr_437,mousemove,500,150
usr_437,mousemove,490,160
usr_437,mousemove,480,170
usr_437,mousemove,470,180
usr_437,mousemove,460,190
usr_437,mousemove,450,200
usr_437,mousemove,440,210
usr_437,mousemove,430,220
usr_437,mousemove,420,230
usr_437,mousemove,410,240
usr_437,click,410,240
usr_437,mousemove,450,260
usr_437,mousemove,490,280
usr_437,mousemove,530,300
usr_437,mousemove,570,320
usr_437,mousemove,610,340
usr_437,rageclick,600,350
usr_437,mousemove,580,340
usr_437,mousemove,560,330
usr_437,mousemove,540,320
usr_437,rageclick,540,320
usr_438,mousemove,200,150
usr_438,mousemove,210,160
usr_438,mousemove,220,170
usr_438,mousemove,230,180
usr_438,mousemove,240,190
usr_438,mousemove,250,200
usr_438,mousemove,260,210
usr_438,mousemove,270,220
usr_438,mousemove,280,230
usr_438,mousemove,290,240
usr_438,mousemove,300,250
usr_438,mousemove,310,260
usr_438,mousemove,320,270
usr_438,mousemove,330,280
usr_438,mousemove,340,290
usr_438,click,350,210
usr_438,mousemove,400,230
usr_438,mousemove,450,250
usr_438,mousemove,500,270
usr_438,mousemove,450,290
usr_438,mousemove,400,310
usr_438,rageclick,450,330
usr_438,mousemove,430,320
usr_438,mousemove,410,310
usr_438,mousemove,390,300
usr_438,rageclick,390,300
usr_439,mousemove,350,150
usr_439,mousemove,360,155
usr_439,mousemove,370,160
usr_439,mousemove,380,165
usr_439,mousemove,390,170
usr_439,mousemove,400,175
usr_439,click,400,160
usr_440,mousemove,250,250
usr_440,mousemove,260,255
usr_440,mousemove,270,260
usr_440,mousemove,280,265
usr_440,mousemove,290,270
usr_440,mousemove,300,275
usr_440,click,300,260
usr_441,mousemove,450,200
usr_441,mousemove,440,210
usr_441,mousemove,430,220
usr_441,mousemove,420,230
usr_441,mousemove,410,240
usr_441,mousemove,400,250
usr_441,mousemove,390,260
usr_441,mousemove,380,270
usr_441,mousemove,370,280
usr_441,mousemove,360,290
usr_441,click,360,260
usr_441,mousemove,400,270
usr_441,mousemove,440,280
usr_441,mousemove,480,290
usr_441,mousemove,520,300
usr_441,mousemove,560,310
usr_441,mousemove,600,320
usr_441,rageclick,550,350
usr_441,mousemove,520,340
usr_441,mousemove,490,330
usr_441,mousemove,460,320
usr_441,rageclick,460,320
usr_442,mousemove,150,300
usr_442,mousemove,160,310
usr_442,mousemove,170,320
usr_442,mousemove,180,330
usr_442,mousemove,190,340
usr_442,mousemove,200,350
usr_442,mousemove,210,360
usr_442,mousemove,220,370
usr_442,mousemove,230,380
usr_442,mousemove,240,390
usr_442,mousemove,250,400
usr_442,mousemove,260,410
usr_442,mousemove,270,420
usr_442,mousemove,280,430
usr_442,mousemove,290,440
usr_442,click,300,360
usr_442,mousemove,350,340
usr_442,mousemove,400,320
usr_442,mousemove,450,300
usr_442,mousemove,500,280
usr_442,rageclick,500,200
usr_442,mousemove,470,220
usr_442,mousemove,440,240
usr_442,mousemove,410,260
usr_442,rageclick,410,260
usr_443,mousemove,350,250
usr_443,mousemove,360,255
usr_443,mousemove,370,260
usr_443,mousemove,380,265
usr_443,mousemove,390,270
usr_443,mousemove,400,275
usr_443,click,400,260
usr_444,mousemove,250,150
usr_444,mousemove,260,155
usr_444,mousemove,270,160
usr_444,mousemove,280,165
usr_444,mousemove,290,170
usr_444,mousemove,300,175
usr_444,click,300,160
usr_445,mousemove,550,200
usr_445,mousemove,540,210
usr_445,mousemove,530,220
usr_445,mousemove,520,230
usr_445,mousemove,510,240
usr_445,mousemove,500,250
usr_445,mousemove,490,260
usr_445,mousemove,480,270
usr_445,mousemove,470,280
usr_445,mousemove,460,290
usr_445,click,460,260
usr_445,mousemove,420,280
usr_445,mousemove,380,300
usr_445,mousemove,340,320
usr_445,mousemove,300,340
usr_445,mousemove,260,360
usr_445,mousemove,220,380
usr_445,rageclick,300,400
usr_445,mousemove,320,390
usr_445,mousemove,340,380
usr_445,mousemove,360,370
usr_445,rageclick,360,370
usr_446,mousemove,100,250
usr_446,mousemove,110,260
usr_446,mousemove,120,270
usr_446,mousemove,130,280
usr_446,mousemove,140,290
usr_446,mousemove,150,300
usr_446,mousemove,160,310
usr_446,mousemove,170,320
usr_446,mousemove,180,330
usr_446,mousemove,190,340
usr_446,mousemove,200,350
usr_446,mousemove,210,360
usr_446,mousemove,220,370
usr_446,mousemove,230,380
usr_446,mousemove,240,390
usr_446,click,250,310
usr_446,mousemove,300,290
usr_446,mousemove,350,270
usr_446,mousemove,400,250
usr_446,mousemove,450,230
usr_446,rageclick,450,150
usr_446,mousemove,420,170
usr_446,mousemove,390,190
usr_446,mousemove,360,210
usr_446,rageclick,360,210
usr_447,mousemove,200,200
usr_447,mousemove,210,205
usr_447,mousemove,220,210
usr_447,mousemove,230,215
usr_447,mousemove,240,220
usr_447,mousemove,250,225
usr_447,click,250,210
usr_448,mousemove,300,300
usr_448,mousemove,310,305
usr_448,mousemove,320,310
usr_448,mousemove,330,315
usr_448,mousemove,340,320
usr_448,mousemove,350,325
usr_448,click,350,310
usr_449,mousemove,500,150
usr_449,mousemove,490,160
usr_449,mousemove,480,170
usr_449,mousemove,470,180
usr_449,mousemove,460,190
usr_449,mousemove,450,200
usr_449,mousemove,440,210
usr_449,mousemove,430,220
usr_449,mousemove,420,230
usr_449,mousemove,410,240
usr_449,click,410,240
usr_449,mousemove,450,260
usr_449,mousemove,490,280
usr_449,mousemove,530,300
usr_449,mousemove,570,320
usr_449,mousemove,610,340
usr_449,rageclick,600,350
usr_449,mousemove,580,340
usr_449,mousemove,560,330
usr_449,mousemove,540,320
usr_449,rageclick,540,320
usr_450,mousemove,200,150
usr_450,mousemove,210,160
usr_450,mousemove,220,170
usr_450,mousemove,230,180
usr_450,mousemove,240,190
usr_450,mousemove,250,200
usr_450,mousemove,260,210
usr_450,mousemove,270,220
usr_450,mousemove,280,230
usr_450,mousemove,290,240
usr_450,mousemove,300,250
usr_450,mousemove,310,260
usr_450,mousemove,320,270
usr_450,mousemove,330,280
usr_450,mousemove,340,290
usr_450,click,350,210
usr_450,mousemove,400,230
usr_450,mousemove,450,250
usr_450,mousemove,500,270
usr_450,mousemove,450,290
usr_450,mousemove,400,310
usr_450,rageclick,450,330
usr_450,mousemove,430,320
usr_450,mousemove,410,310
usr_450,mousemove,390,300
usr_450,rageclick,390,300
usr_451,mousemove,350,150
usr_451,mousemove,360,155
usr_451,mousemove,370,160
usr_451,mousemove,380,165
usr_451,mousemove,390,170
usr_451,mousemove,400,175
usr_451,click,400,160
usr_452,mousemove,250,250
usr_452,mousemove,260,255
usr_452,mousemove,270,260
usr_452,mousemove,280,265
usr_452,mousemove,290,270
usr_452,mousemove,300,275
usr_452,click,300,260
usr_453,mousemove,450,200
usr_453,mousemove,440,210
usr_453,mousemove,430,220
usr_453,mousemove,420,230
usr_453,mousemove,410,240
usr_453,mousemove,400,250
usr_453,mousemove,390,260
usr_453,mousemove,380,270
usr_453,mousemove,370,280
usr_453,mousemove,360,290
usr_453,click,360,260
usr_453,mousemove,400,270
usr_453,mousemove,440,280
usr_453,mousemove,480,290
usr_453,mousemove,520,300
usr_453,mousemove,560,310
usr_453,mousemove,600,320
usr_453,rageclick,550,350
usr_453,mousemove,520,340
usr_453,mousemove,490,330
usr_453,mousemove,460,320
usr_453,rageclick,460,320
usr_454,mousemove,150,300
usr_454,mousemove,160,310
usr_454,mousemove,170,320
usr_454,mousemove,180,330
usr_454,mousemove,190,340
usr_454,mousemove,200,350
usr_454,mousemove,210,360
usr_454,mousemove,220,370
usr_454,mousemove,230,380
usr_454,mousemove,240,390
usr_454,mousemove,250,400
usr_454,mousemove,260,410
usr_454,mousemove,270,420
usr_454,mousemove,280,430
usr_454,mousemove,290,440
usr_454,click,300,360
usr_454,mousemove,350,340
usr_454,mousemove,400,320
usr_454,mousemove,450,300
usr_454,mousemove,500,280
usr_454,rageclick,500,200
usr_454,mousemove,470,220
usr_454,mousemove,440,240
usr_454,mousemove,410,260
usr_454,rageclick,410,260
usr_455,mousemove,350,250
usr_455,mousemove,360,255
usr_455,mousemove,370,260
usr_455,mousemove,380,265
usr_455,mousemove,390,270
usr_455,mousemove,400,275
usr_455,click,400,260
usr_456,mousemove,250,150
usr_456,mousemove,260,155
usr_456,mousemove,270,160
usr_456,mousemove,280,165
usr_456,mousemove,290,170
usr_456,mousemove,300,175
usr_456,click,300,160
usr_457,mousemove,550,200
usr_457,mousemove,540,210
usr_457,mousemove,530,220
usr_457,mousemove,520,230
usr_457,mousemove,510,240
usr_457,mousemove,500,250
usr_457,mousemove,490,260
usr_457,mousemove,480,270
usr_457,mousemove,470,280
usr_457,mousemove,460,290
usr_457,click,460,260
usr_457,mousemove,420,280
usr_457,mousemove,380,300
usr_457,mousemove,340,320
usr_457,mousemove,300,340
usr_457,mousemove,260,360
usr_457,mousemove,220,380
usr_457,rageclick,300,400
usr_457,mousemove,320,390
usr_457,mousemove,340,380
usr_457,mousemove,360,370
usr_457,rageclick,360,370
usr_458,mousemove,100,250
usr_458,mousemove,110,260
usr_458,mousemove,120,270
usr_458,mousemove,130,280
usr_458,mousemove,140,290
usr_458,mousemove,150,300
usr_458,mousemove,160,310
usr_458,mousemove,170,320
usr_458,mousemove,180,330
usr_458,mousemove,190,340
usr_458,mousemove,200,350
usr_458,mousemove,210,360
usr_458,mousemove,220,370
usr_458,mousemove,230,380
usr_458,mousemove,240,390
usr_458,click,250,310
usr_458,mousemove,300,290
usr_458,mousemove,350,270
usr_458,mousemove,400,250
usr_458,mousemove,450,230
usr_458,rageclick,450,150
usr_458,mousemove,420,170
usr_458,mousemove,390,190
usr_458,mousemove,360,210
usr_458,rageclick,360,210
usr_459,mousemove,200,200
usr_459,mousemove,210,205
usr_459,mousemove,220,210
usr_459,mousemove,230,215
usr_459,mousemove,240,220
usr_459,mousemove,250,225
usr_459,click,250,210
usr_460,mousemove,300,300
usr_460,mousemove,310,305
usr_460,mousemove,320,310
usr_460,mousemove,330,315
usr_460,mousemove,340,320
usr_460,mousemove,350,325
usr_460,click,350,310
usr_461,mousemove,500,150
usr_461,mousemove,490,160
usr_461,mousemove,480,170
usr_461,mousemove,470,180
usr_461,mousemove,460,190
usr_461,mousemove,450,200
usr_461,mousemove,440,210
usr_461,mousemove,430,220
usr_461,mousemove,420,230
usr_461,mousemove,410,240
usr_461,click,410,240
usr_461,mousemove,450,260
usr_461,mousemove,490,280
usr_461,mousemove,530,300
usr_461,mousemove,570,320
usr_461,mousemove,610,340
usr_461,rageclick,600,350
usr_461,mousemove,580,340
usr_461,mousemove,560,330
usr_461,mousemove,540,320
usr_461,rageclick,540,320
usr_462,mousemove,200,150
usr_462,mousemove,210,160
usr_462,mousemove,220,170
usr_462,mousemove,230,180
usr_462,mousemove,240,190
usr_462,mousemove,250,200
usr_462,mousemove,260,210
usr_462,mousemove,270,220
usr_462,mousemove,280,230
usr_462,mousemove,290,240
usr_462,mousemove,300,250
usr_462,mousemove,310,260
usr_462,mousemove,320,270
usr_462,mousemove,330,280
usr_462,mousemove,340,290
usr_462,click,350,210
usr_462,mousemove,400,230
usr_462,mousemove,450,250
usr_462,mousemove,500,270
usr_462,mousemove,450,290
usr_462,mousemove,400,310
usr_462,rageclick,450,330
usr_462,mousemove,430,320
usr_462,mousemove,410,310
usr_462,mousemove,390,300
usr_462,rageclick,390,300
usr_463,mousemove,350,150
usr_463,mousemove,360,155
usr_463,mousemove,370,160
usr_463,mousemove,380,165
usr_463,mousemove,390,170
usr_463,mousemove,400,175
usr_463,click,400,160
usr_464,mousemove,250,250
usr_464,mousemove,260,255
usr_464,mousemove,270,260
usr_464,mousemove,280,265
usr_464,mousemove,290,270
usr_464,mousemove,300,275
usr_464,click,300,260
usr_465,mousemove,450,200
usr_465,mousemove,440,210
usr_465,mousemove,430,220
usr_465,mousemove,420,230
usr_465,mousemove,410,240
usr_465,mousemove,400,250
usr_465,mousemove,390,260
usr_465,mousemove,380,270
usr_465,mousemove,370,280
usr_465,mousemove,360,290
usr_465,click,360,260
usr_465,mousemove,400,270
usr_465,mousemove,440,280
usr_465,mousemove,480,290
usr_465,mousemove,520,300
usr_465,mousemove,560,310
usr_465,mousemove,600,320
usr_465,rageclick,550,350
usr_465,mousemove,520,340
usr_465,mousemove,490,330
usr_465,mousemove,460,320
usr_465,rageclick,460,320
usr_466,mousemove,150,300
usr_466,mousemove,160,310
usr_466,mousemove,170,320
usr_466,mousemove,180,330
usr_466,mousemove,190,340
usr_466,mousemove,200,350
usr_466,mousemove,210,360
usr_466,mousemove,220,370
usr_466,mousemove,230,380
usr_466,mousemove,240,390
usr_466,mousemove,250,400
usr_466,mousemove,260,410
usr_466,mousemove,270,420
usr_466,mousemove,280,430
usr_466,mousemove,290,440
usr_466,click,300,360
usr_466,mousemove,350,340
usr_466,mousemove,400,320
usr_466,mousemove,450,300
usr_466,mousemove,500,280
usr_466,rageclick,500,200
usr_466,mousemove,470,220
usr_466,mousemove,440,240
usr_466,mousemove,410,260
usr_466,rageclick,410,260
usr_467,mousemove,350,250
usr_467,mousemove,360,255
usr_467,mousemove,370,260
usr_467,mousemove,380,265
usr_467,mousemove,390,270
usr_467,mousemove,400,275
usr_467,click,400,260
usr_468,mousemove,250,150
usr_468,mousemove,260,155
usr_468,mousemove,270,160
usr_468,mousemove,280,165
usr_468,mousemove,290,170
usr_468,mousemove,300,175
usr_468,click,300,160
usr_469,mousemove,550,200
usr_469,mousemove,540,210
usr_469,mousemove,530,220
usr_469,mousemove,520,230
usr_469,mousemove,510,240
usr_469,mousemove,500,250
usr_469,mousemove,490,260
usr_469,mousemove,480,270
usr_469,mousemove,470,280
usr_469,mousemove,460,290
usr_469,click,460,260
usr_469,mousemove,420,280
usr_469,mousemove,380,300
usr_469,mousemove,340,320
usr_469,mousemove,300,340
usr_469,mousemove,260,360
usr_469,mousemove,220,380
usr_469,rageclick,300,400
usr_469,mousemove,320,390
usr_469,mousemove,340,380
usr_469,mousemove,360,370
usr_469,rageclick,360,370
usr_470,mousemove,100,250
usr_470,mousemove,110,260
usr_470,mousemove,120,270
usr_470,mousemove,130,280
usr_470,mousemove,140,290
usr_470,mousemove,150,300
usr_470,mousemove,160,310
usr_470,mousemove,170,320
usr_470,mousemove,180,330
usr_470,mousemove,190,340
usr_470,mousemove,200,350
usr_470,mousemove,210,360
usr_470,mousemove,220,370
usr_470,mousemove,230,380
usr_470,mousemove,240,390
usr_470,click,250,310
usr_470,mousemove,300,290
usr_470,mousemove,350,270
usr_470,mousemove,400,250
usr_470,mousemove,450,230
usr_470,rageclick,450,150
usr_470,mousemove,420,170
usr_470,mousemove,390,190
usr_470,mousemove,360,210
usr_470,rageclick,360,210
usr_471,mousemove,200,200
usr_471,mousemove,210,205
usr_471,mousemove,220,210
usr_471,mousemove,230,215
usr_471,mousemove,240,220
usr_471,mousemove,250,225
usr_471,click,250,210
usr_472,mousemove,300,300
usr_472,mousemove,310,305
usr_472,mousemove,320,310
usr_472,mousemove,330,315
usr_472,mousemove,340,320
usr_472,mousemove,350,325
usr_472,click,350,310
usr_473,mousemove,500,150
usr_473,mousemove,490,160
usr_473,mousemove,480,170
usr_473,mousemove,470,180
usr_473,mousemove,460,190
usr_473,mousemove,450,200
usr_473,mousemove,440,210
usr_473,mousemove,430,220
usr_473,mousemove,420,230
usr_473,mousemove,410,240
usr_473,click,410,240
usr_473,mousemove,450,260
usr_473,mousemove,490,280
usr_473,mousemove,530,300
usr_473,mousemove,570,320
usr_473,mousemove,610,340
usr_473,rageclick,600,350
usr_473,mousemove,580,340
usr_473,mousemove,560,330
usr_473,mousemove,540,320
usr_473,rageclick,540,320
usr_474,mousemove,200,150
usr_474,mousemove,210,160
usr_474,mousemove,220,170
usr_474,mousemove,230,180
usr_474,mousemove,240,190
usr_474,mousemove,250,200
usr_474,mousemove,260,210
usr_474,mousemove,270,220
usr_474,mousemove,280,230
usr_474,mousemove,290,240
usr_474,mousemove,300,250
usr_474,mousemove,310,260
usr_474,mousemove,320,270
usr_474,mousemove,330,280
usr_474,mousemove,340,290
usr_474,click,350,210
usr_474,mousemove,400,230
usr_474,mousemove,450,250
usr_474,mousemove,500,270
usr_474,mousemove,450,290
usr_474,mousemove,400,310
usr_474,rageclick,450,330
usr_474,mousemove,430,320
usr_474,mousemove,410,310
usr_474,mousemove,390,300
usr_474,rageclick,390,300
usr_475,mousemove,350,150
usr_475,mousemove,360,155
usr_475,mousemove,370,160
usr_475,mousemove,380,165
usr_475,mousemove,390,170
usr_475,mousemove,400,175
usr_475,click,400,160
usr_476,mousemove,250,250
usr_476,mousemove,260,255
usr_476,mousemove,270,260
usr_476,mousemove,280,265
usr_476,mousemove,290,270
usr_476,mousemove,300,275
usr_476,click,300,260
usr_477,mousemove,450,200
usr_477,mousemove,440,210
usr_477,mousemove,430,220
usr_477,mousemove,420,230
usr_477,mousemove,410,240
usr_477,mousemove,400,250
usr_477,mousemove,390,260
usr_477,mousemove,380,270
usr_477,mousemove,370,280
usr_477,mousemove,360,290
usr_477,click,360,260
usr_477,mousemove,400,270
usr_477,mousemove,440,280
usr_477,mousemove,480,290
usr_477,mousemove,520,300
usr_477,mousemove,560,310
usr_477,mousemove,600,320
usr_477,rageclick,550,350
usr_477,mousemove,520,340
usr_477,mousemove,490,330
usr_477,mousemove,460,320
usr_477,rageclick,460,320
usr_478,mousemove,150,300
usr_478,mousemove,160,310
usr_478,mousemove,170,320
usr_478,mousemove,180,330
usr_478,mousemove,190,340
usr_478,mousemove,200,350
usr_478,mousemove,210,360
usr_478,mousemove,220,370
usr_478,mousemove,230,380
usr_478,mousemove,240,390
usr_478,mousemove,250,400
usr_478,mousemove,260,410
usr_478,mousemove,270,420
usr_478,mousemove,280,430
usr_478,mousemove,290,440
usr_478,click,300,360
usr_478,mousemove,350,340
usr_478,mousemove,400,320
usr_478,mousemove,450,300
usr_478,mousemove,500,280
usr_478,rageclick,500,200
usr_478,mousemove,470,220
usr_478,mousemove,440,240
usr_478,mousemove,410,260
usr_478,rageclick,410,260
usr_479,mousemove,350,250
usr_479,mousemove,360,255
usr_479,mousemove,370,260
usr_479,mousemove,380,265
usr_479,mousemove,390,270
usr_479,mousemove,400,275
usr_479,click,400,260
usr_480,mousemove,250,150
usr_480,mousemove,260,155
usr_480,mousemove,270,160
usr_480,mousemove,280,165
usr_480,mousemove,290,170
usr_480,mousemove,300,175
usr_480,click,300,160
usr_481,mousemove,550,200
usr_481,mousemove,540,210
usr_481,mousemove,530,220
usr_481,mousemove,520,230
usr_481,mousemove,510,240
usr_481,mousemove,500,250
usr_481,mousemove,490,260
usr_481,mousemove,480,270
usr_481,mousemove,470,280
usr_481,mousemove,460,290
usr_481,click,460,260
usr_481,mousemove,420,280
usr_481,mousemove,380,300
usr_481,mousemove,340,320
usr_481,mousemove,300,340
usr_481,mousemove,260,360
usr_481,mousemove,220,380
usr_481,rageclick,300,400
usr_481,mousemove,320,390
usr_481,mousemove,340,380
usr_481,mousemove,360,370
usr_481,rageclick,360,370
usr_482,mousemove,100,250
usr_482,mousemove,110,260
usr_482,mousemove,120,270
usr_482,mousemove,130,280
usr_482,mousemove,140,290
usr_482,mousemove,150,300
usr_482,mousemove,160,310
usr_482,mousemove,170,320
usr_482,mousemove,180,330
usr_482,mousemove,190,340
usr_482,mousemove,200,350
usr_482,mousemove,210,360
usr_482,mousemove,220,370
usr_482,mousemove,230,380
usr_482,mousemove,240,390
usr_482,click,250,310
usr_482,mousemove,300,290
usr_482,mousemove,350,270
usr_482,mousemove,400,250
usr_482,mousemove,450,230
usr_482,rageclick,450,150
usr_482,mousemove,420,170
usr_482,mousemove,390,190
usr_482,mousemove,360,210
usr_482,rageclick,360,210
usr_483,mousemove,200,200
usr_483,mousemove,210,205
usr_483,mousemove,220,210
usr_483,mousemove,230,215
usr_483,mousemove,240,220
usr_483,mousemove,250,225
usr_483,click,250,210
usr_484,mousemove,300,300
usr_484,mousemove,310,305
usr_484,mousemove,320,310
usr_484,mousemove,330,315
usr_484,mousemove,340,320
usr_484,mousemove,350,325
usr_484,click,350,310
usr_485,mousemove,500,150
usr_485,mousemove,490,160
usr_485,mousemove,480,170
usr_485,mousemove,470,180
usr_485,mousemove,460,190
usr_485,mousemove,450,200
usr_485,mousemove,440,210
usr_485,mousemove,430,220
usr_485,mousemove,420,230
usr_485,mousemove,410,240
usr_485,click,410,240
usr_485,mousemove,450,260
usr_485,mousemove,490,280
usr_485,mousemove,530,300
usr_485,mousemove,570,320
usr_485,mousemove,610,340
usr_485,rageclick,600,350
usr_485,mousemove,580,340
usr_485,mousemove,560,330
usr_485,mousemove,540,320
usr_485,rageclick,540,320
usr_486,mousemove,200,150
usr_486,mousemove,210,160
usr_486,mousemove,220,170
usr_486,mousemove,230,180
usr_486,mousemove,240,190
usr_486,mousemove,250,200
usr_486,mousemove,260,210
usr_486,mousemove,270,220
usr_486,mousemove,280,230
usr_486,mousemove,290,240
usr_486,mousemove,300,250
usr_486,mousemove,310,260
usr_486,mousemove,320,270
usr_486,mousemove,330,280
usr_486,mousemove,340,290
usr_486,click,350,210
usr_486,mousemove,400,230
usr_486,mousemove,450,250
usr_486,mousemove,500,270
usr_486,mousemove,450,290
usr_486,mousemove,400,310
usr_486,rageclick,450,330
usr_486,mousemove,430,320
usr_486,mousemove,410,310
usr_486,mousemove,390,300
usr_486,rageclick,390,300
usr_487,mousemove,350,150
usr_487,mousemove,360,155
usr_487,mousemove,370,160
usr_487,mousemove,380,165
usr_487,mousemove,390,170
usr_487,mousemove,400,175
usr_487,click,400,160
usr_488,mousemove,250,250
usr_488,mousemove,260,255
usr_488,mousemove,270,260
usr_488,mousemove,280,265
usr_488,mousemove,290,270
usr_488,mousemove,300,275
usr_488,click,300,260
usr_489,mousemove,450,200
usr_489,mousemove,440,210
usr_489,mousemove,430,220
usr_489,mousemove,420,230
usr_489,mousemove,410,240
usr_489,mousemove,400,250
usr_489,mousemove,390,260
usr_489,mousemove,380,270
usr_489,mousemove,370,280
usr_489,mousemove,360,290
usr_489,click,360,260
usr_489,mousemove,400,270
usr_489,mousemove,440,280
usr_489,mousemove,480,290
usr_489,mousemove,520,300
usr_489,mousemove,560,310
usr_489,mousemove,600,320
usr_489,rageclick,550,350
usr_489,mousemove,520,340
usr_489,mousemove,490,330
usr_489,mousemove,460,320
usr_489,rageclick,460,320
usr_490,mousemove,150,300
usr_490,mousemove,160,310
usr_490,mousemove,170,320
usr_490,mousemove,180,330
usr_490,mousemove,190,340
usr_490,mousemove,200,350
usr_490,mousemove,210,360
usr_490,mousemove,220,370
usr_490,mousemove,230,380
usr_490,mousemove,240,390
usr_490,mousemove,250,400
usr_490,mousemove,260,410
usr_490,mousemove,270,420
usr_490,mousemove,280,430
usr_490,mousemove,290,440
usr_490,click,300,360
usr_490,mousemove,350,340
usr_490,mousemove,400,320
usr_490,mousemove,450,300
usr_490,mousemove,500,280
usr_490,rageclick,500,200
usr_490,mousemove,470,220
usr_490,mousemove,440,240
usr_490,mousemove,410,260
usr_490,rageclick,410,260
usr_491,mousemove,350,250
usr_491,mousemove,360,255
usr_491,mousemove,370,260
usr_491,mousemove,380,265
usr_491,mousemove,390,270
usr_491,mousemove,400,275
usr_491,click,400,260
usr_492,mousemove,250,150
usr_492,mousemove,260,155
usr_492,mousemove,270,160
usr_492,mousemove,280,165
usr_492,mousemove,290,170
usr_492,mousemove,300,175
usr_492,click,300,160
usr_493,mousemove,550,200
usr_493,mousemove,540,210
usr_493,mousemove,530,220
usr_493,mousemove,520,230
usr_493,mousemove,510,240
usr_493,mousemove,500,250
usr_493,mousemove,490,260
usr_493,mousemove,480,270
usr_493,mousemove,470,280
usr_493,mousemove,460,290
usr_493,click,460,260
usr_493,mousemove,420,280
usr_493,mousemove,380,300
usr_493,mousemove,340,320
usr_493,mousemove,300,340
usr_493,mousemove,260,360
usr_493,mousemove,220,380
usr_493,rageclick,300,400
usr_493,mousemove,320,390
usr_493,mousemove,340,380
usr_493,mousemove,360,370
usr_493,rageclick,360,370
usr_494,mousemove,100,250
usr_494,mousemove,110,260
usr_494,mousemove,120,270
usr_494,mousemove,130,280
usr_494,mousemove,140,290
usr_494,mousemove,150,300
usr_494,mousemove,160,310
usr_494,mousemove,170,320
usr_494,mousemove,180,330
usr_494,mousemove,190,340
usr_494,mousemove,200,350
usr_494,mousemove,210,360
usr_494,mousemove,220,370
usr_494,mousemove,230,380
usr_494,mousemove,240,390
usr_494,click,250,310
usr_494,mousemove,300,290
usr_494,mousemove,350,270
usr_494,mousemove,400,250
usr_494,mousemove,450,230
usr_494,rageclick,450,150
usr_494,mousemove,420,170
usr_494,mousemove,390,190
usr_494,mousemove,360,210
usr_494,rageclick,360,210
usr_495,mousemove,200,200
usr_495,mousemove,210,205
usr_495,mousemove,220,210
usr_495,mousemove,230,215
usr_495,mousemove,240,220
usr_495,mousemove,250,225
usr_495,click,250,210
usr_496,mousemove,300,300
usr_496,mousemove,310,305
usr_496,mousemove,320,310
usr_496,mousemove,330,315
usr_496,mousemove,340,320
usr_496,mousemove,350,325
usr_496,click,350,310
usr_497,mousemove,500,150
usr_497,mousemove,490,160
usr_497,mousemove,480,170
usr_497,mousemove,470,180
usr_497,mousemove,460,190
usr_497,mousemove,450,200
usr_497,mousemove,440,210
usr_497,mousemove,430,220
usr_497,mousemove,420,230
usr_497,mousemove,410,240
usr_497,click,410,240
usr_497,mousemove,450,260
usr_497,mousemove,490,280
usr_497,mousemove,530,300
usr_497,mousemove,570,320
usr_497,mousemove,610,340
usr_497,rageclick,600,350
usr_497,mousemove,580,340
usr_497,mousemove,560,330
usr_497,mousemove,540,320
usr_497,rageclick,540,320
usr_498,mousemove,200,150
usr_498,mousemove,210,160
usr_498,mousemove,220,170
usr_498,mousemove,230,180
usr_498,mousemove,240,190
usr_498,mousemove,250,200
usr_498,mousemove,260,210
usr_498,mousemove,270,220
usr_498,mousemove,280,230
usr_498,mousemove,290,240
usr_498,mousemove,300,250
usr_498,mousemove,310,260
usr_498,mousemove,320,270
usr_498,mousemove,330,280
usr_498,mousemove,340,290
usr_498,click,350,210
usr_498,mousemove,400,230
usr_498,mousemove,450,250
usr_498,mousemove,500,270
usr_498,mousemove,450,290
usr_498,mousemove,400,310
usr_498,rageclick,450,330
usr_498,mousemove,430,320
usr_498,mousemove,410,310
usr_498,mousemove,390,300
usr_498,rageclick,390,300
usr_499,mousemove,350,150
usr_499,mousemove,360,155
usr_499,mousemove,370,160
usr_499,mousemove,380,165
usr_499,mousemove,390,170
usr_499,mousemove,400,175
usr_499,click,400,160
usr_500,mousemove,250,250
usr_500,mousemove,260,255
usr_500,mousemove,270,260
usr_500,mousemove,280,265
usr_500,mousemove,290,270
usr_500,mousemove,300,275
usr_500,click,300,260
