File_Name,Directory,Size_Bytes,Extension
target_5000_urls.txt,data,129616,.txt
fig7_mouse_heatmaps.png,data/figures,251159,.png
fig1_scraping_outcome.png,data/figures,185488,.png
fig8_nasa_tlx.png,data/figures,188707,.png
fig2_dark_pattern_prevalence.png,data/figures,140980,.png
fig4_decision_latency.png,data/figures,187244,.png
fig3_task_success.png,data/figures,120446,.png
fig9_correlation.png,data/figures,187860,.png
batch_77_dataset.csv,data/batches,28184,.csv
batch_34_dataset.csv,data/batches,23275,.csv
batch_53_dataset.csv,data/batches,18195,.csv
batch_7_dataset.csv,data/batches,23079,.csv
batch_12_dataset.csv,data/batches,22605,.csv
batch_20_dataset.csv,data/batches,16053,.csv
batch_52_dataset.csv,data/batches,18499,.csv
batch_1_dataset.csv,data/batches,26954,.csv
batch_44_dataset.csv,data/batches,20748,.csv
batch_65_dataset.csv,data/batches,12805,.csv
batch_24_dataset.csv,data/batches,17852,.csv
batch_11_dataset.csv,data/batches,29788,.csv
batch_16_dataset.csv,data/batches,14252,.csv
batch_63_dataset.csv,data/batches,14823,.csv
batch_61_dataset.csv,data/batches,12885,.csv
batch_49_dataset.csv,data/batches,19131,.csv
batch_90_dataset.csv,data/batches,12263,.csv
batch_87_dataset.csv,data/batches,21890,.csv
batch_54_dataset.csv,data/batches,49542,.csv
batch_70_dataset.csv,data/batches,18985,.csv
batch_81_dataset.csv,data/batches,13640,.csv
batch_99_dataset.csv,data/batches,10565,.csv
batch_17_dataset.csv,data/batches,34584,.csv
batch_85_dataset.csv,data/batches,13005,.csv
batch_95_dataset.csv,data/batches,8535,.csv
batch_92_dataset.csv,data/batches,13798,.csv
batch_80_dataset.csv,data/batches,15142,.csv
master_cookie_banner_dataset_5000.csv,data/batches,1705732,.csv
batch_33_dataset.csv,data/batches,13909,.csv
batch_64_dataset.csv,data/batches,12651,.csv
batch_40_dataset.csv,data/batches,25178,.csv
batch_2_dataset.csv,data/batches,14335,.csv
batch_50_dataset.csv,data/batches,11166,.csv
batch_3_dataset.csv,data/batches,16695,.csv
batch_23_dataset.csv,data/batches,18665,.csv
batch_79_dataset.csv,data/batches,23422,.csv
batch_67_dataset.csv,data/batches,14187,.csv
batch_6_dataset.csv,data/batches,15608,.csv
batch_71_dataset.csv,data/batches,14548,.csv
batch_93_dataset.csv,data/batches,11155,.csv
batch_94_dataset.csv,data/batches,8830,.csv
batch_15_dataset.csv,data/batches,21748,.csv
batch_74_dataset.csv,data/batches,14773,.csv
batch_18_dataset.csv,data/batches,19003,.csv
batch_84_dataset.csv,data/batches,6554,.csv
batch_76_dataset.csv,data/batches,8883,.csv
batch_78_dataset.csv,data/batches,16337,.csv
batch_38_dataset.csv,data/batches,14243,.csv
batch_8_dataset.csv,data/batches,16662,.csv
batch_10_dataset.csv,data/batches,26885,.csv
batch_45_dataset.csv,data/batches,19117,.csv
batch_41_dataset.csv,data/batches,13581,.csv
batch_48_dataset.csv,data/batches,14674,.csv
batch_36_dataset.csv,data/batches,17001,.csv
batch_46_dataset.csv,data/batches,17730,.csv
batch_68_dataset.csv,data/batches,24884,.csv
batch_9_dataset.csv,data/batches,20954,.csv
batch_73_dataset.csv,data/batches,20580,.csv
batch_91_dataset.csv,data/batches,7922,.csv
batch_62_dataset.csv,data/batches,9771,.csv
batch_72_dataset.csv,data/batches,19088,.csv
batch_58_dataset.csv,data/batches,13361,.csv
batch_30_dataset.csv,data/batches,15295,.csv
batch_21_dataset.csv,data/batches,26749,.csv
batch_60_dataset.csv,data/batches,19297,.csv
batch_35_dataset.csv,data/batches,10567,.csv
batch_97_dataset.csv,data/batches,17481,.csv
batch_89_dataset.csv,data/batches,12555,.csv
batch_56_dataset.csv,data/batches,14043,.csv
batch_25_dataset.csv,data/batches,23341,.csv
batch_27_dataset.csv,data/batches,15168,.csv
batch_22_dataset.csv,data/batches,18126,.csv
batch_96_dataset.csv,data/batches,13536,.csv
batch_37_dataset.csv,data/batches,28211,.csv
batch_59_dataset.csv,data/batches,16695,.csv
batch_39_dataset.csv,data/batches,12399,.csv
batch_75_dataset.csv,data/batches,13496,.csv
batch_100_dataset.csv,data/batches,10567,.csv
batch_4_dataset.csv,data/batches,13412,.csv
batch_42_dataset.csv,data/batches,13516,.csv
batch_43_dataset.csv,data/batches,18210,.csv
batch_86_dataset.csv,data/batches,11826,.csv
batch_28_dataset.csv,data/batches,14289,.csv
batch_13_dataset.csv,data/batches,13475,.csv
batch_83_dataset.csv,data/batches,11452,.csv
batch_66_dataset.csv,data/batches,14068,.csv
batch_32_dataset.csv,data/batches,21303,.csv
batch_26_dataset.csv,data/batches,15542,.csv
batch_55_dataset.csv,data/batches,16781,.csv
batch_29_dataset.csv,data/batches,14234,.csv
batch_31_dataset.csv,data/batches,25114,.csv
batch_5_dataset.csv,data/batches,16989,.csv
batch_19_dataset.csv,data/batches,15318,.csv
batch_69_dataset.csv,data/batches,12225,.csv
batch_98_dataset.csv,data/batches,14588,.csv
batch_82_dataset.csv,data/batches,16086,.csv
batch_57_dataset.csv,data/batches,29550,.csv
batch_51_dataset.csv,data/batches,17207,.csv
batch_47_dataset.csv,data/batches,12697,.csv
batch_14_dataset.csv,data/batches,21126,.csv
batch_88_dataset.csv,data/batches,11743,.csv
autoescuelaindurain.es.png,data/batches/screenshots,1035161,.png
multiloja.com.br.png,data/batches/screenshots,2725249,.png
gepsa.pt.png,data/batches/screenshots,681066,.png
gegen-hartz.de.png,data/batches/screenshots,3125483,.png
b-quik.com.png,data/batches/screenshots,689220,.png
womanwithin.com.png,data/batches/screenshots,9208299,.png
aliscom.com.png,data/batches/screenshots,798151,.png
lexisnexisrisk.com.png,data/batches/screenshots,1823518,.png
bldup.net.png,data/batches/screenshots,8512,.png
msubmit.net.png,data/batches/screenshots,15851,.png
hobbycraft.co.uk.png,data/batches/screenshots,42317,.png
cleardaily.au.png,data/batches/screenshots,429872,.png
physicsandmathstutor.com.png,data/batches/screenshots,134721,.png
69shuba.com.png,data/batches/screenshots,42439,.png
ilovekino.online.png,data/batches/screenshots,2839317,.png
minfot.se.png,data/batches/screenshots,4530316,.png
zotabetcasino.org.png,data/batches/screenshots,6320412,.png
motorsportshub.com.png,data/batches/screenshots,1908140,.png
c9.io.png,data/batches/screenshots,721362,.png
fngml.com.png,data/batches/screenshots,1882162,.png
me-qr.com.png,data/batches/screenshots,4157383,.png
correios.com.br.png,data/batches/screenshots,28110,.png
monet.lt.png,data/batches/screenshots,599739,.png
fawesome.tv.png,data/batches/screenshots,43595,.png
porn-loop.net.png,data/batches/screenshots,1752971,.png
vogo.family.png,data/batches/screenshots,894277,.png
hoyolab.com.png,data/batches/screenshots,585377,.png
goduke.com.png,data/batches/screenshots,161416,.png
wooldom.ru.png,data/batches/screenshots,723553,.png
uncenz.com.png,data/batches/screenshots,39977,.png
destatis.de.png,data/batches/screenshots,477052,.png
movielink.mv.png,data/batches/screenshots,42290,.png
lamidix.com.png,data/batches/screenshots,89701,.png
clickr.pro.png,data/batches/screenshots,107288,.png
fire-emblem-heroes.com.png,data/batches/screenshots,2718341,.png
raygum.com.png,data/batches/screenshots,9202497,.png
bleublanczebre.fr.png,data/batches/screenshots,81495,.png
antiviruspure.com.png,data/batches/screenshots,1528523,.png
sefaz.rs.gov.br.png,data/batches/screenshots,566328,.png
tucows.com.png,data/batches/screenshots,1932428,.png
vs12.com.png,data/batches/screenshots,1633085,.png
dofundo.gr.png,data/batches/screenshots,4210720,.png
turnto.com.png,data/batches/screenshots,22523,.png
heavydutykits.com.png,data/batches/screenshots,12682,.png
hubstaff.com.png,data/batches/screenshots,2773585,.png
shoppingin.eu.png,data/batches/screenshots,41690,.png
porngameshub.com.png,data/batches/screenshots,1808216,.png
talentforce.ru.png,data/batches/screenshots,13521,.png
desawarbazar.com.png,data/batches/screenshots,114707,.png
bqsex.com.png,data/batches/screenshots,1379774,.png
pixhentai.com.png,data/batches/screenshots,1371893,.png
politico.eu.png,data/batches/screenshots,2120160,.png
smart-flash.jp.png,data/batches/screenshots,1902789,.png
caia.org.png,data/batches/screenshots,995719,.png
korelogic.com.png,data/batches/screenshots,436185,.png
recettes24.fr.png,data/batches/screenshots,1632124,.png
clayco.in.png,data/batches/screenshots,3955209,.png
beltz.de.png,data/batches/screenshots,2560239,.png
wonga.co.za.png,data/batches/screenshots,82001,.png
spotistats.app.png,data/batches/screenshots,12918,.png
vkontakte.ru.png,data/batches/screenshots,747821,.png
sexkomix2.com.png,data/batches/screenshots,3067503,.png
iwin-fortune.com.png,data/batches/screenshots,5630266,.png
anime-report.com.png,data/batches/screenshots,79215,.png
empire88-187.xyz.png,data/batches/screenshots,1289503,.png
responsibletravel.com.png,data/batches/screenshots,4870053,.png
pornbomb.tv.png,data/batches/screenshots,6299446,.png
kustomerapp.com.png,data/batches/screenshots,29718,.png
rouletteinsider.co.uk.png,data/batches/screenshots,910152,.png
lidl.co.uk.png,data/batches/screenshots,1377381,.png
authy.com.png,data/batches/screenshots,1052907,.png
eltronik.net.pl.png,data/batches/screenshots,1663266,.png
upe.br.png,data/batches/screenshots,713118,.png
tciindonesia.com.png,data/batches/screenshots,1437684,.png
equidia.fr.png,data/batches/screenshots,1688003,.png
axiom.ai.png,data/batches/screenshots,927917,.png
lance.com.br.png,data/batches/screenshots,3426299,.png
bluebillywig.com.png,data/batches/screenshots,2063000,.png
berry.edu.png,data/batches/screenshots,2559607,.png
kucoin.com.png,data/batches/screenshots,653041,.png
machineryline.ie.png,data/batches/screenshots,795413,.png
nabj.org.png,data/batches/screenshots,40523,.png
abt-sportsline.de.png,data/batches/screenshots,4268514,.png
maileg.com.png,data/batches/screenshots,2091285,.png
macfit.com.png,data/batches/screenshots,37267,.png
mediaprimemedia.co.uk.png,data/batches/screenshots,2147200,.png
braintreeandwithamtimes.co.uk.png,data/batches/screenshots,3458314,.png
lunarpalaceworld.com.png,data/batches/screenshots,643094,.png
scor.dk.png,data/batches/screenshots,2260131,.png
atlasobscura.com.png,data/batches/screenshots,81951,.png
sterkinekor.com.png,data/batches/screenshots,8297399,.png
desimms69.cards.png,data/batches/screenshots,1879638,.png
computable.nl.png,data/batches/screenshots,3813352,.png
rakuten.com.png,data/batches/screenshots,1037448,.png
premion.com.png,data/batches/screenshots,7086340,.png
tr7triumph.com.png,data/batches/screenshots,922863,.png
hospitalityclub.org.png,data/batches/screenshots,236911,.png
50webs.com.png,data/batches/screenshots,372831,.png
lachainemeteo.com.png,data/batches/screenshots,28103,.png
syougo.jp.png,data/batches/screenshots,1832658,.png
nileyouth.net.png,data/batches/screenshots,407337,.png
zulip.com.png,data/batches/screenshots,997465,.png
klub-ok.by.png,data/batches/screenshots,1295861,.png
itspl.net.png,data/batches/screenshots,159691,.png
amateurfrancais.fr.png,data/batches/screenshots,531072,.png
kinoafisha.info.png,data/batches/screenshots,1509050,.png
vidnoe.net.png,data/batches/screenshots,617045,.png
max4live.info.png,data/batches/screenshots,41836,.png
blogger.com.png,data/batches/screenshots,617963,.png
ama.ab.ca.png,data/batches/screenshots,3472211,.png
themonic.com.png,data/batches/screenshots,284451,.png
9v08.com.png,data/batches/screenshots,152152,.png
cao.go.jp.png,data/batches/screenshots,2379265,.png
ana.co.jp.png,data/batches/screenshots,3101531,.png
mhtdesign.net.png,data/batches/screenshots,1445404,.png
hayward-pool.com.png,data/batches/screenshots,2190700,.png
planyway.com.png,data/batches/screenshots,732411,.png
yottachess.com.png,data/batches/screenshots,42082,.png
onlinejobs.ph.png,data/batches/screenshots,173401,.png
wizer-training.com.png,data/batches/screenshots,1112173,.png
mangools.com.png,data/batches/screenshots,4738959,.png
vantrue.com.png,data/batches/screenshots,2019665,.png
nadeko.net.png,data/batches/screenshots,870761,.png
hobo-web.co.uk.png,data/batches/screenshots,974438,.png
equinox.io.png,data/batches/screenshots,10293,.png
disabiliforum.com.png,data/batches/screenshots,807661,.png
anl.gov.png,data/batches/screenshots,39794,.png
kuhustle.com.png,data/batches/screenshots,107288,.png
charlestonroadregistry.com.png,data/batches/screenshots,531911,.png
nofilmschool.com.png,data/batches/screenshots,1084753,.png
ergalia.gr.png,data/batches/screenshots,2152770,.png
luckymarketmonthly.nl.png,data/batches/screenshots,504348,.png
blogunok.com.png,data/batches/screenshots,1856681,.png
ka555m5.com.png,data/batches/screenshots,573572,.png
ittefaq.com.bd.png,data/batches/screenshots,38808,.png
akkyhosting22.mx.png,data/batches/screenshots,35309,.png
zurich.com.mx.png,data/batches/screenshots,1529414,.png
trovit.be.png,data/batches/screenshots,97410,.png
doubleclick.net.png,data/batches/screenshots,2549699,.png
windguru.cz.png,data/batches/screenshots,517641,.png
eran.sk.png,data/batches/screenshots,39263,.png
push-web.site.png,data/batches/screenshots,122052,.png
asos.com.png,data/batches/screenshots,27281,.png
finn.no.png,data/batches/screenshots,858953,.png
allcamps.fr.png,data/batches/screenshots,1868851,.png
softbalance.ru.png,data/batches/screenshots,2351256,.png
all-free-download.com.png,data/batches/screenshots,155034,.png
rapanuiclothing.com.png,data/batches/screenshots,5268493,.png
visualcapitalist.com.png,data/batches/screenshots,7033779,.png
toucanhobby.com.png,data/batches/screenshots,26291,.png
samsungfire.com.png,data/batches/screenshots,155848,.png
zedinspection.com.png,data/batches/screenshots,490163,.png
jfdaily.com.png,data/batches/screenshots,374326,.png
foodics.com.png,data/batches/screenshots,1322858,.png
nydus.org.png,data/batches/screenshots,39362,.png
traxnyc.com.png,data/batches/screenshots,11546782,.png
bijliftt.com.png,data/batches/screenshots,14610,.png
imovelweb.com.br.png,data/batches/screenshots,37072,.png
ck44.nl.png,data/batches/screenshots,8512,.png
369--vip.com.png,data/batches/screenshots,786465,.png
lit.cz.png,data/batches/screenshots,1513469,.png
optidigital.com.png,data/batches/screenshots,1148186,.png
dzhyp.de.png,data/batches/screenshots,920145,.png
icbase.com.png,data/batches/screenshots,620479,.png
livrepizzas.fr.png,data/batches/screenshots,88642,.png
vasabladet.fi.png,data/batches/screenshots,2578033,.png
purlbee.com.png,data/batches/screenshots,40796,.png
tudors.com.png,data/batches/screenshots,40522,.png
programadelfin.org.mx.png,data/batches/screenshots,1609701,.png
moss.co.uk.png,data/batches/screenshots,8687946,.png
xnxx-ru.com.png,data/batches/screenshots,3014277,.png
dittoparty.com.png,data/batches/screenshots,2495393,.png
theins.ru.png,data/batches/screenshots,4435120,.png
story.rs.png,data/batches/screenshots,1168486,.png
pedal.ir.png,data/batches/screenshots,4118056,.png
usinflationcalculator.com.png,data/batches/screenshots,1771819,.png
giaoducthoidai.vn.png,data/batches/screenshots,2133071,.png
marvel-casino.net.png,data/batches/screenshots,4159383,.png
dawn.com.png,data/batches/screenshots,40963,.png
apartments.com.png,data/batches/screenshots,27520,.png
elementalgame.com.png,data/batches/screenshots,42450,.png
printerval.com.png,data/batches/screenshots,35641,.png
lidl.com.png,data/batches/screenshots,998682,.png
googlesource.com.png,data/batches/screenshots,554898,.png
domain.com.au.png,data/batches/screenshots,27607,.png
xbanx.info.png,data/batches/screenshots,1413510,.png
charitynavigator.org.png,data/batches/screenshots,1966296,.png
torontopearson.com.png,data/batches/screenshots,86531,.png
keloland.com.png,data/batches/screenshots,23966,.png
freeslots.com.png,data/batches/screenshots,781064,.png
pewresearch.org.png,data/batches/screenshots,2904310,.png
homeyohmy.com.png,data/batches/screenshots,2817105,.png
allydvm.com.png,data/batches/screenshots,2240495,.png
tcsheriff.org.png,data/batches/screenshots,213122,.png
diamondplaynow.com.png,data/batches/screenshots,635567,.png
newnonmun.com.png,data/batches/screenshots,225258,.png
golfcabrio.de.png,data/batches/screenshots,343916,.png
yuziyd.com.png,data/batches/screenshots,592935,.png
spokeo.com.png,data/batches/screenshots,12673,.png
extremechat.com.png,data/batches/screenshots,41941,.png
google.pl.png,data/batches/screenshots,41745,.png
bctnpy.org.png,data/batches/screenshots,1796470,.png
github.com.png,data/batches/screenshots,2425060,.png
recambioscoches.es.png,data/batches/screenshots,43447,.png
theme404.com.png,data/batches/screenshots,3346026,.png
inso.pl.png,data/batches/screenshots,785888,.png
monicaandandy.com.png,data/batches/screenshots,8528022,.png
learnreligions.com.png,data/batches/screenshots,33623,.png
nrcresearchpress.com.png,data/batches/screenshots,43478,.png
fair-spins-casino.com.png,data/batches/screenshots,5132089,.png
kunasystems.com.png,data/batches/screenshots,2632068,.png
brookfieldrp.com.png,data/batches/screenshots,4606834,.png
mjyx.com.png,data/batches/screenshots,5153173,.png
justia.com.png,data/batches/screenshots,40580,.png
mailshell.net.png,data/batches/screenshots,29610,.png
aci.it.png,data/batches/screenshots,2394521,.png
blitz.bg.png,data/batches/screenshots,36772,.png
wright.edu.png,data/batches/screenshots,3628912,.png
tjnkhxyy.com.png,data/batches/screenshots,8512,.png
bebee.com.png,data/batches/screenshots,1553739,.png
invictastores.com.png,data/batches/screenshots,2533628,.png
zchtaczzt.cc.png,data/batches/screenshots,10836657,.png
alljapanbaseball.net.png,data/batches/screenshots,2199586,.png
prismhr.com.png,data/batches/screenshots,1612470,.png
d2gserver.com.png,data/batches/screenshots,21656,.png
crowngreenofficial.org.png,data/batches/screenshots,2726970,.png
obucaminja.rs.png,data/batches/screenshots,2659400,.png
maiocchistore.it.png,data/batches/screenshots,967791,.png
starjepang.one.png,data/batches/screenshots,2605302,.png
do.am.png,data/batches/screenshots,168736,.png
imajeans.fr.png,data/batches/screenshots,9345240,.png
hac.gov.tr.png,data/batches/screenshots,8512,.png
evrikagames.com.png,data/batches/screenshots,236895,.png
playarenax.in.png,data/batches/screenshots,3038288,.png
terrylove.com.png,data/batches/screenshots,624492,.png
getbike.my.png,data/batches/screenshots,41278,.png
archipelago-architectures.ch.png,data/batches/screenshots,1228940,.png
stickertalk.com.png,data/batches/screenshots,42160,.png
ace81s.com.png,data/batches/screenshots,3048362,.png
eenadu.net.png,data/batches/screenshots,3568545,.png
mywinterhaven.com.png,data/batches/screenshots,1340435,.png
slotventure.nl.png,data/batches/screenshots,544013,.png
virological.org.png,data/batches/screenshots,480952,.png
filemood.com.png,data/batches/screenshots,44276,.png
adsco.re.png,data/batches/screenshots,17221,.png
waxy.org.png,data/batches/screenshots,899517,.png
jhltonline.org.png,data/batches/screenshots,41172,.png
housinganywhere.com.png,data/batches/screenshots,1140587,.png
inpa.gov.it.png,data/batches/screenshots,1793075,.png
spiceworks.com.png,data/batches/screenshots,1544013,.png
booknotification.com.png,data/batches/screenshots,2881175,.png
pg-toto.com.png,data/batches/screenshots,8134303,.png
jysk.de.png,data/batches/screenshots,2756207,.png
tekpon.com.png,data/batches/screenshots,1976045,.png
eastmoney.com.png,data/batches/screenshots,4141159,.png
avax.network.png,data/batches/screenshots,1452936,.png
stocking-tease.com.png,data/batches/screenshots,44401,.png
adventistmission.org.png,data/batches/screenshots,19522,.png
mostbet-india24.in.png,data/batches/screenshots,81482,.png
zarinp.al.png,data/batches/screenshots,245794,.png
denverpost.com.png,data/batches/screenshots,1341109,.png
blismedia.com.png,data/batches/screenshots,12682,.png
physicsworld.com.png,data/batches/screenshots,3940103,.png
agorapos.com.png,data/batches/screenshots,2182357,.png
wyndhamrewardsdebit.com.png,data/batches/screenshots,45539,.png
fenbilimleri.com.png,data/batches/screenshots,3625875,.png
aftonbladet.se.png,data/batches/screenshots,3304980,.png
bvb.de.png,data/batches/screenshots,3306684,.png
iz.ru.png,data/batches/screenshots,2611378,.png
karma-riuk.com.png,data/batches/screenshots,3284326,.png
sitezoogle.com.png,data/batches/screenshots,212029,.png
wholewell.online.png,data/batches/screenshots,606784,.png
curzenncloud.fr.png,data/batches/screenshots,61454,.png
vuce.gob.pe.png,data/batches/screenshots,382669,.png
harica.gr.png,data/batches/screenshots,1321691,.png
jobiri.com.png,data/batches/screenshots,4046838,.png
tutorperini.com.png,data/batches/screenshots,1991944,.png
sueddeutsche.de.png,data/batches/screenshots,4766036,.png
mg-uae.com.png,data/batches/screenshots,3275604,.png
senrigan.info.png,data/batches/screenshots,3072491,.png
apoelfc.com.cy.png,data/batches/screenshots,3137276,.png
splice.com.png,data/batches/screenshots,82327,.png
gamesexpose.com.png,data/batches/screenshots,1090692,.png
ipsw.me.png,data/batches/screenshots,389875,.png
marybaldwin.edu.png,data/batches/screenshots,2575350,.png
as-web.jp.png,data/batches/screenshots,2411480,.png
canlidizi14.com.png,data/batches/screenshots,80875,.png
deutschebahn.com.png,data/batches/screenshots,1588199,.png
xn--42cah7d0cxcvbbb9x.com.png,data/batches/screenshots,772143,.png
gs1.org.png,data/batches/screenshots,16242,.png
pexa.com.au.png,data/batches/screenshots,621350,.png
netcraze.link.png,data/batches/screenshots,39879,.png
gateway.fm.png,data/batches/screenshots,1043597,.png
businessinsider.nl.png,data/batches/screenshots,1243657,.png
swellgayporn.com.png,data/batches/screenshots,2004661,.png
webstaurantstore.com.png,data/batches/screenshots,43310,.png
adg.de.png,data/batches/screenshots,3765248,.png
so-ten.jp.png,data/batches/screenshots,309412,.png
zeon.com.my.png,data/batches/screenshots,3195302,.png
epri.com.png,data/batches/screenshots,10880,.png
specbench.org.png,data/batches/screenshots,1326359,.png
kssg.ch.png,data/batches/screenshots,1645681,.png
emaar.com.png,data/batches/screenshots,2223873,.png
plancke.io.png,data/batches/screenshots,8512,.png
nejm.org.png,data/batches/screenshots,41721,.png
sportwetten24.com.png,data/batches/screenshots,2923574,.png
kpn.com.png,data/batches/screenshots,40699,.png
keitaro.io.png,data/batches/screenshots,824231,.png
jdi5.com.png,data/batches/screenshots,8512,.png
jet.casino.png,data/batches/screenshots,80748,.png
aoshearman.com.png,data/batches/screenshots,1363019,.png
loader.media.png,data/batches/screenshots,604512,.png
cpsbtransnzoia.co.ke.png,data/batches/screenshots,609146,.png
timestables.co.uk.png,data/batches/screenshots,1362506,.png
bassols.es.png,data/batches/screenshots,4492829,.png
suicidegirls.com.png,data/batches/screenshots,12673,.png
indusindinsurance.com.png,data/batches/screenshots,1936704,.png
clarionledger.com.png,data/batches/screenshots,1584200,.png
primespinonline.com.png,data/batches/screenshots,836356,.png
usma.edu.png,data/batches/screenshots,118608,.png
yadro.ru.png,data/batches/screenshots,15172,.png
schuurman-schoenen.nl.png,data/batches/screenshots,1598592,.png
mailplus.co.uk.png,data/batches/screenshots,527521,.png
ethiopianairlines.com.png,data/batches/screenshots,60142,.png
droch.click.png,data/batches/screenshots,2827708,.png
24.ie.png,data/batches/screenshots,3230385,.png
tiendascorripio.com.do.png,data/batches/screenshots,2299070,.png
tstllc.net.png,data/batches/screenshots,1242804,.png
iqhs.pl.png,data/batches/screenshots,3481578,.png
securitylab.ru.png,data/batches/screenshots,34518,.png
lasso.io.png,data/batches/screenshots,1612759,.png
moneysavingexpert.com.png,data/batches/screenshots,44193,.png
hover.com.png,data/batches/screenshots,620875,.png
online.nl.png,data/batches/screenshots,865213,.png
ejoinme.org.png,data/batches/screenshots,323902,.png
nineninebra.cc.png,data/batches/screenshots,81107,.png
homecontrols.com.png,data/batches/screenshots,808304,.png
starlightnet.work.png,data/batches/screenshots,8512,.png
daffodil-bd.com.png,data/batches/screenshots,1288904,.png
weather.gov.sg.png,data/batches/screenshots,650192,.png
consumerreports.org.png,data/batches/screenshots,2731425,.png
heritage.org.png,data/batches/screenshots,2284861,.png
relive.com.png,data/batches/screenshots,4261510,.png
thehentai.net.png,data/batches/screenshots,1033345,.png
uscareerinstitute.edu.png,data/batches/screenshots,1783074,.png
me.to.png,data/batches/screenshots,8512,.png
nbcconnecticut.com.png,data/batches/screenshots,3594028,.png
rule34video.com.png,data/batches/screenshots,1326236,.png
poliziadistato.it.png,data/batches/screenshots,1075470,.png
naub.edu.ng.png,data/batches/screenshots,3036683,.png
apa.az.png,data/batches/screenshots,11280,.png
conpax-products.com.png,data/batches/screenshots,26250,.png
4id.ro.png,data/batches/screenshots,320127,.png
scents.nl.png,data/batches/screenshots,25942,.png
netcologne.de.png,data/batches/screenshots,430867,.png
rebonus.com.png,data/batches/screenshots,3059015,.png
wallpaperaccess.com.png,data/batches/screenshots,82115,.png
dnsever.com.png,data/batches/screenshots,185436,.png
topcoder.com.png,data/batches/screenshots,1156102,.png
screener.in.png,data/batches/screenshots,141264,.png
tunein.com.png,data/batches/screenshots,97085,.png
vkvideo.lat.png,data/batches/screenshots,34000,.png
nuvemprofissional.com.br.png,data/batches/screenshots,15010,.png
lol49.cards.png,data/batches/screenshots,1446547,.png
nimi.co.in.png,data/batches/screenshots,1246093,.png
hotjar.com.png,data/batches/screenshots,712827,.png
jhuapl.edu.png,data/batches/screenshots,1955664,.png
saksfifthavenue.com.png,data/batches/screenshots,2036371,.png
aznude.com.png,data/batches/screenshots,4019225,.png
kseattle.com.png,data/batches/screenshots,1871615,.png
tissus-price.com.png,data/batches/screenshots,1415362,.png
cryptolinkforearn.com.png,data/batches/screenshots,29447,.png
nurderbtsv.de.png,data/batches/screenshots,343158,.png
bricks-co.com.png,data/batches/screenshots,12682,.png
follow.it.png,data/batches/screenshots,1054932,.png
wooof.co.uk.png,data/batches/screenshots,1273254,.png
make-it-in-germany.com.png,data/batches/screenshots,8512,.png
dailykos.com.png,data/batches/screenshots,8512,.png
wdrb.com.png,data/batches/screenshots,8303454,.png
nissenren.co.jp.png,data/batches/screenshots,1158391,.png
ninjal.ac.jp.png,data/batches/screenshots,1990497,.png
financebuzz.com.png,data/batches/screenshots,1543143,.png
inmaculada.edu.pe.png,data/batches/screenshots,6433039,.png
oxcs.net.png,data/batches/screenshots,101194,.png
r6h8t6.com.png,data/batches/screenshots,135560,.png
escortsandbabes.com.au.png,data/batches/screenshots,41083,.png
blhotffc.cc.png,data/batches/screenshots,12330970,.png
utj.edu.mx.png,data/batches/screenshots,2728104,.png
kartes.lv.png,data/batches/screenshots,1295149,.png
nginx.com.png,data/batches/screenshots,43271,.png
xcite.com.png,data/batches/screenshots,3555865,.png
ti-films.com.png,data/batches/screenshots,3099488,.png
unasus.gov.br.png,data/batches/screenshots,545572,.png
dadata.ru.png,data/batches/screenshots,784851,.png
rajaslotoplay.xyz.png,data/batches/screenshots,82672,.png
encuentromoda.com.png,data/batches/screenshots,3314165,.png
fqxi.org.png,data/batches/screenshots,1662159,.png
mavibet971.com.png,data/batches/screenshots,42817,.png
riversolutionsdutch.nl.png,data/batches/screenshots,953820,.png
fotscore.com.png,data/batches/screenshots,169083,.png
dime.jp.png,data/batches/screenshots,2983004,.png
swisclima.ch.png,data/batches/screenshots,2294726,.png
exposestrat.com.png,data/batches/screenshots,871396,.png
google.cm.png,data/batches/screenshots,191065,.png
ladyc.it.png,data/batches/screenshots,39660,.png
monuv.com.br.png,data/batches/screenshots,2642120,.png
debijenkorf.nl.png,data/batches/screenshots,41448,.png
dsnews.com.png,data/batches/screenshots,985964,.png
iguatemi365.com.png,data/batches/screenshots,82626,.png
vidalytics.com.png,data/batches/screenshots,1651866,.png
adulthub.online.png,data/batches/screenshots,191045,.png
ccidnet.com.png,data/batches/screenshots,1160322,.png
cityonlines.com.png,data/batches/screenshots,1038060,.png
spinorbit.id.png,data/batches/screenshots,928510,.png
noulcatalog.ro.png,data/batches/screenshots,1297095,.png
pkbypaskal.it.png,data/batches/screenshots,645007,.png
winsim.de.png,data/batches/screenshots,2600896,.png
epic.com.cy.png,data/batches/screenshots,33865,.png
hotntubes.com.png,data/batches/screenshots,3592270,.png
lws.fr.png,data/batches/screenshots,35247,.png
yellowmessenger.com.png,data/batches/screenshots,903052,.png
ras.hk.png,data/batches/screenshots,1905765,.png
kurumesi-bentou.com.png,data/batches/screenshots,3185784,.png
gardena.com.png,data/batches/screenshots,5006968,.png
mp3cow.com.png,data/batches/screenshots,154649,.png
woodyscorp.com.png,data/batches/screenshots,1020500,.png
sexvietlive.net.png,data/batches/screenshots,1008792,.png
seversk.ru.png,data/batches/screenshots,537988,.png
dagenshandel.se.png,data/batches/screenshots,4226290,.png
thespun.com.png,data/batches/screenshots,31838,.png
stock-templates.com.png,data/batches/screenshots,4124452,.png
katapult.io.png,data/batches/screenshots,769310,.png
amplify.com.png,data/batches/screenshots,1871021,.png
veedo.ru.png,data/batches/screenshots,1500363,.png
eddiebauer.com.png,data/batches/screenshots,3175199,.png
ithinkfi.org.png,data/batches/screenshots,3054337,.png
toneki-media.com.png,data/batches/screenshots,81774,.png
lefildevosidees.com.png,data/batches/screenshots,82656,.png
floqast.app.png,data/batches/screenshots,781287,.png
knownsrv.com.png,data/batches/screenshots,908612,.png
eldeber.com.bo.png,data/batches/screenshots,6492757,.png
bizportal.gov.za.png,data/batches/screenshots,340844,.png
inszoom.com.png,data/batches/screenshots,1278789,.png
gldn.com.png,data/batches/screenshots,3090952,.png
rinkai.eu.png,data/batches/screenshots,55803,.png
nestia.com.png,data/batches/screenshots,1782278,.png
ringlogix.com.png,data/batches/screenshots,1170433,.png
terabyteshop.com.br.png,data/batches/screenshots,45569,.png
eveeno.com.png,data/batches/screenshots,1720573,.png
seek.com.png,data/batches/screenshots,40718,.png
aircowell.com.png,data/batches/screenshots,2162117,.png
congtykinhbac.com.png,data/batches/screenshots,623023,.png
loccitaneaubresil.com.png,data/batches/screenshots,3355995,.png
freicon.ru.png,data/batches/screenshots,1140216,.png
2casino.site.png,data/batches/screenshots,9378,.png
kidsafe.com.png,data/batches/screenshots,661707,.png
psdstack.com.png,data/batches/screenshots,5319086,.png
esquelasdeasturias.com.png,data/batches/screenshots,552629,.png
pristineauction.com.png,data/batches/screenshots,42826,.png
cgd.pt.png,data/batches/screenshots,1915707,.png
thinkific.com.png,data/batches/screenshots,40074,.png
redtoolstore.com.png,data/batches/screenshots,81606,.png
fixbos88fresh.com.png,data/batches/screenshots,43159,.png
cnsnews.com.png,data/batches/screenshots,1150435,.png
medtronic.com.png,data/batches/screenshots,4658950,.png
howtogeek.com.png,data/batches/screenshots,3092268,.png
quasa.io.png,data/batches/screenshots,2534832,.png
swap-bot.com.png,data/batches/screenshots,335732,.png
mcpsp.com.png,data/batches/screenshots,2676713,.png
olke.az.png,data/batches/screenshots,2380627,.png
trustpilot.com.png,data/batches/screenshots,678926,.png
hockeyhebdo.com.png,data/batches/screenshots,1277648,.png
imeitools.com.png,data/batches/screenshots,535889,.png
amazon.es.png,data/batches/screenshots,2668019,.png
trailhead.com.png,data/batches/screenshots,1948405,.png
dbs.cl.png,data/batches/screenshots,899867,.png
alfa-chemical.com.png,data/batches/screenshots,3847145,.png
r2.dev.png,data/batches/screenshots,9575,.png
feinidi.com.png,data/batches/screenshots,3158022,.png
akkodis.com.png,data/batches/screenshots,693632,.png
ctinews.com.png,data/batches/screenshots,15247764,.png
velolive.com.png,data/batches/screenshots,2735413,.png
jkpaysys.gov.in.png,data/batches/screenshots,718810,.png
lekkerensimpel.com.png,data/batches/screenshots,4081686,.png
hirkereso.hu.png,data/batches/screenshots,1463335,.png
icefishinggame.dk.png,data/batches/screenshots,1012667,.png
gsg.co.id.png,data/batches/screenshots,639215,.png
hikingproject.com.png,data/batches/screenshots,2843223,.png
damatteo.se.png,data/batches/screenshots,2314853,.png
arabfinance.com.png,data/batches/screenshots,3170075,.png
lasisa.net.png,data/batches/screenshots,3541056,.png
cepax.com.png,data/batches/screenshots,1399841,.png
salfausados.cl.png,data/batches/screenshots,39623,.png
nwahomepage.com.png,data/batches/screenshots,23986,.png
sonhodospesoficial.com.br.png,data/batches/screenshots,1573237,.png
volantinofacile.it.png,data/batches/screenshots,443317,.png
gentoo.org.png,data/batches/screenshots,623600,.png
dirtgame.com.png,data/batches/screenshots,33731,.png
google.com.ag.png,data/batches/screenshots,42220,.png
digital-web.com.png,data/batches/screenshots,3192423,.png
chaussuresfillion.ca.png,data/batches/screenshots,82066,.png
scu.edu.cn.png,data/batches/screenshots,8512,.png
bizmetry.io.png,data/batches/screenshots,4199140,.png
soba-profi.ch.png,data/batches/screenshots,355410,.png
kiwa.com.png,data/batches/screenshots,2874010,.png
spainhouses.net.png,data/batches/screenshots,42270,.png
dotscreen.com.png,data/batches/screenshots,536230,.png
kildalemarine.co.uk.png,data/batches/screenshots,1115252,.png
v5qmr9nz.com.png,data/batches/screenshots,948216,.png
aussiehouseswap.com.au.png,data/batches/screenshots,933943,.png
picodi.com.png,data/batches/screenshots,461658,.png
tumblrviewer.com.png,data/batches/screenshots,29601,.png
pantheonsite.io.png,data/batches/screenshots,1186306,.png
decorcenter.pe.png,data/batches/screenshots,6306581,.png
nowifi.cn.png,data/batches/screenshots,26397,.png
hongkongairport.com.png,data/batches/screenshots,130079,.png
idealo.co.uk.png,data/batches/screenshots,26421,.png
gestunusd.com.png,data/batches/screenshots,18535,.png
gopdiyaliz.com.png,data/batches/screenshots,1045754,.png
sharelink-3.shop.png,data/batches/screenshots,14070,.png
blinkit.com.png,data/batches/screenshots,238634,.png
streamcompanies.com.png,data/batches/screenshots,3522315,.png
usemotion.com.png,data/batches/screenshots,2291297,.png
taxfix.com.png,data/batches/screenshots,1135448,.png
coches.com.png,data/batches/screenshots,1580248,.png
youtv.de.png,data/batches/screenshots,6536256,.png
telia.com.png,data/batches/screenshots,4225828,.png
griffith.edu.au.png,data/batches/screenshots,40990,.png
interpals.net.png,data/batches/screenshots,1394120,.png
sidrachain.com.png,data/batches/screenshots,146696,.png
5element.by.png,data/batches/screenshots,1610343,.png
arts.gov.png,data/batches/screenshots,2399040,.png
braintreegateway.com.png,data/batches/screenshots,37651,.png
mango-office.ru.png,data/batches/screenshots,3893289,.png
tdtu.edu.vn.png,data/batches/screenshots,4114149,.png
r.pl.png,data/batches/screenshots,1355268,.png
dto.jp.png,data/batches/screenshots,40357,.png
min2win.ru.png,data/batches/screenshots,1682871,.png
fundable.com.png,data/batches/screenshots,2172541,.png
keepersecurity.eu.png,data/batches/screenshots,1199003,.png
toahangs.ir.png,data/batches/screenshots,16747,.png
cloudflareinsights.com.png,data/batches/screenshots,108377,.png
listrakbi.com.png,data/batches/screenshots,21809,.png
husqvarna.com.png,data/batches/screenshots,72936,.png
cifraclub.com.br.png,data/batches/screenshots,925949,.png
mhiapps.com.png,data/batches/screenshots,60982,.png
ntnu.no.png,data/batches/screenshots,3811474,.png
17yaarwin.com.png,data/batches/screenshots,686909,.png
check24.de.png,data/batches/screenshots,1179949,.png
grupointegrado.br.png,data/batches/screenshots,2849307,.png
tennistonic.com.png,data/batches/screenshots,80952,.png
ooedoonsen.jp.png,data/batches/screenshots,5805104,.png
nb.rs.png,data/batches/screenshots,1309182,.png
elektrikforen.de.png,data/batches/screenshots,148856,.png
betpawa.co.mz.png,data/batches/screenshots,13744,.png
an.no.png,data/batches/screenshots,3073286,.png
aj2532.bid.png,data/batches/screenshots,10509,.png
icontext.ru.png,data/batches/screenshots,1692115,.png
nipponham.co.jp.png,data/batches/screenshots,5741436,.png
mpmux.com.png,data/batches/screenshots,1093433,.png
digitalgenius.com.png,data/batches/screenshots,1404377,.png
siteplug.com.png,data/batches/screenshots,321385,.png
teveclub.hu.png,data/batches/screenshots,684773,.png
boscoandroxys.com.png,data/batches/screenshots,1572498,.png
1cbit.ru.png,data/batches/screenshots,33275,.png
signifyd.com.png,data/batches/screenshots,617125,.png
mypcorp.com.png,data/batches/screenshots,1340367,.png
clearfinanceeuropa.nl.png,data/batches/screenshots,429084,.png
ohiohistory.org.png,data/batches/screenshots,1369066,.png
amazon.de.png,data/batches/screenshots,4051798,.png
globaltix.com.png,data/batches/screenshots,81776,.png
crosskey.fi.png,data/batches/screenshots,966035,.png
airg.com.png,data/batches/screenshots,1264153,.png
bundesregierung.de.png,data/batches/screenshots,4209166,.png
70thexplorers.com.png,data/batches/screenshots,549712,.png
increaserev.com.png,data/batches/screenshots,316184,.png
realestate.com.au.png,data/batches/screenshots,8512,.png
usitc.gov.png,data/batches/screenshots,27314,.png
urbandictionary.store.png,data/batches/screenshots,1103207,.png
googirl.jp.png,data/batches/screenshots,1491544,.png
innovationmanagement.net.png,data/batches/screenshots,2890544,.png
nimila.net.png,data/batches/screenshots,3338354,.png
niceincontact.com.png,data/batches/screenshots,439905,.png
force.com.png,data/batches/screenshots,27627,.png
crossout.net.png,data/batches/screenshots,7438047,.png
20min.ch.png,data/batches/screenshots,3580424,.png
escaladenotas.cl.png,data/batches/screenshots,566054,.png
thesill.com.png,data/batches/screenshots,1644603,.png
natboard.edu.in.png,data/batches/screenshots,1301339,.png
muyzorras.xxx.png,data/batches/screenshots,1180347,.png
morningstar.com.png,data/batches/screenshots,25971,.png
brewersassociation.org.png,data/batches/screenshots,1891935,.png
dicegamedepot.com.png,data/batches/screenshots,2068491,.png
bookmyshow.com.png,data/batches/screenshots,82115,.png
penangport.com.my.png,data/batches/screenshots,2360622,.png
plako.net.png,data/batches/screenshots,2301248,.png
yometro.com.png,data/batches/screenshots,1184921,.png
qplex.ru.png,data/batches/screenshots,87168,.png
internetwarriors.net.png,data/batches/screenshots,45124,.png
spycams.ru.png,data/batches/screenshots,2011886,.png
targetdeal.ro.png,data/batches/screenshots,954519,.png
soha.vn.png,data/batches/screenshots,656968,.png
hopkinsmedicine.org.png,data/batches/screenshots,82439,.png
aha.org.png,data/batches/screenshots,1846604,.png
x-downloader.com.png,data/batches/screenshots,924466,.png
donaldson.com.png,data/batches/screenshots,973170,.png
smu.edu.sg.png,data/batches/screenshots,4220501,.png
anime1.me.png,data/batches/screenshots,25601,.png
kenyaraha.com.png,data/batches/screenshots,3001859,.png
here.com.png,data/batches/screenshots,3489570,.png
fueber.org.png,data/batches/screenshots,1212207,.png
ineocloud.com.br.png,data/batches/screenshots,15010,.png
chervo.com.png,data/batches/screenshots,1874948,.png
vacationrenter.com.png,data/batches/screenshots,82141,.png
arubanetworks.com.png,data/batches/screenshots,27748,.png
gandi.net.png,data/batches/screenshots,833513,.png
rfm.fr.png,data/batches/screenshots,1509396,.png
geosociety.org.png,data/batches/screenshots,1520792,.png
airav.io.png,data/batches/screenshots,39068,.png
hubspotpagebuilder.eu.png,data/batches/screenshots,25307,.png
caxa.com.png,data/batches/screenshots,92331,.png
heavengames.com.png,data/batches/screenshots,361103,.png
voyado.com.png,data/batches/screenshots,445559,.png
itravel2000.com.png,data/batches/screenshots,1189638,.png
typingtest.com.png,data/batches/screenshots,1016098,.png
faviconkit.net.png,data/batches/screenshots,1455551,.png
pushnami.com.png,data/batches/screenshots,802685,.png
automotor.pe.png,data/batches/screenshots,2003460,.png
bulutvm.com.png,data/batches/screenshots,281286,.png
love.hu.png,data/batches/screenshots,1443556,.png
kilo.ai.png,data/batches/screenshots,460722,.png
hellotalk.com.png,data/batches/screenshots,3667175,.png
streamguys.com.png,data/batches/screenshots,1144454,.png
jins.cc.png,data/batches/screenshots,554363,.png
fliphtml5.com.png,data/batches/screenshots,3577784,.png
busybox.net.png,data/batches/screenshots,15827003,.png
myforecast.com.png,data/batches/screenshots,13979,.png
katonikhan.com.png,data/batches/screenshots,671452,.png
unishivaji.ac.in.png,data/batches/screenshots,932146,.png
addpoll.com.png,data/batches/screenshots,121777,.png
senigallianotizie.it.png,data/batches/screenshots,8709316,.png
mzstatic.com.png,data/batches/screenshots,1354663,.png
wo-cloud.com.png,data/batches/screenshots,8512,.png
ecn.cz.png,data/batches/screenshots,161192,.png
ntppool.org.png,data/batches/screenshots,471207,.png
privateflare.com.png,data/batches/screenshots,1269218,.png
webookmarks.com.png,data/batches/screenshots,368320,.png
chartink.com.png,data/batches/screenshots,2680464,.png
paramount.tech.png,data/batches/screenshots,1862030,.png
to-ti.in.png,data/batches/screenshots,2415740,.png
omegle.nu.png,data/batches/screenshots,1389534,.png
jd-f.de.png,data/batches/screenshots,2407567,.png
hostgator.mx.png,data/batches/screenshots,267988,.png
visionslots247.com.png,data/batches/screenshots,900699,.png
bundesanzeiger-verlag.de.png,data/batches/screenshots,1123978,.png
tcsion.com.png,data/batches/screenshots,1052302,.png
detroitnews.com.png,data/batches/screenshots,1126796,.png
militarytour.com.png,data/batches/screenshots,40547,.png
esic.gov.in.png,data/batches/screenshots,706479,.png
visitcorpuschristi.com.png,data/batches/screenshots,1152967,.png
myonlinetraininghub.com.png,data/batches/screenshots,44057,.png
coinstats.app.png,data/batches/screenshots,858193,.png
opswarpy.com.png,data/batches/screenshots,1223482,.png
addressguru.in.png,data/batches/screenshots,1087837,.png
vodafone.pt.png,data/batches/screenshots,1151812,.png
checkhost.io.png,data/batches/screenshots,1245197,.png
telerik.com.png,data/batches/screenshots,644422,.png
badaisltgacor.com.png,data/batches/screenshots,1214276,.png
vecer.com.png,data/batches/screenshots,39490,.png
thscprts.com.png,data/batches/screenshots,9685,.png
stuweb.co.uk.png,data/batches/screenshots,1774355,.png
musely.com.png,data/batches/screenshots,1589779,.png
mangolanguages.com.png,data/batches/screenshots,1196725,.png
gamer520.com.png,data/batches/screenshots,471685,.png
ongnet.ru.png,data/batches/screenshots,434107,.png
tgstat.com.png,data/batches/screenshots,174253,.png
howmanyfps.com.png,data/batches/screenshots,41685,.png
leggo.it.png,data/batches/screenshots,1992795,.png
cpasfo.blue.png,data/batches/screenshots,81883,.png
tricolor.tv.png,data/batches/screenshots,89414,.png
fox9.com.png,data/batches/screenshots,4468793,.png
spaceq.ca.png,data/batches/screenshots,3513549,.png
darknaija.com.png,data/batches/screenshots,5139861,.png
prreqcroab.icu.png,data/batches/screenshots,8512,.png
tps.ca.png,data/batches/screenshots,39528,.png
poprostupycha.com.pl.png,data/batches/screenshots,1514874,.png
mbokepindo.com.png,data/batches/screenshots,1399765,.png
charlestyrwhitt.com.png,data/batches/screenshots,1862732,.png
exidecare.com.png,data/batches/screenshots,445331,.png
hardverapro.hu.png,data/batches/screenshots,2798374,.png
aapt.org.png,data/batches/screenshots,2073950,.png
8k.com.png,data/batches/screenshots,8532,.png
justamericanjackets.com.png,data/batches/screenshots,2985095,.png
mural.co.png,data/batches/screenshots,1682840,.png
api-gogles.com.png,data/batches/screenshots,10293,.png
chinavendors.com.png,data/batches/screenshots,43304,.png
skyrock.net.png,data/batches/screenshots,5466353,.png
91-yawningpg.com.png,data/batches/screenshots,324256,.png
nordwestbahn.de.png,data/batches/screenshots,1269520,.png
unicosearch.com.png,data/batches/screenshots,79655,.png
ancestrycdn.com.png,data/batches/screenshots,9499,.png
1c.ru.png,data/batches/screenshots,706414,.png
gaiju-kujo.co.jp.png,data/batches/screenshots,6573905,.png
bluehubs.au.png,data/batches/screenshots,723886,.png
jinshuju.net.png,data/batches/screenshots,3214758,.png
rajabets5.com.png,data/batches/screenshots,3294633,.png
theia.org.png,data/batches/screenshots,1993010,.png
quark.cn.png,data/batches/screenshots,1587981,.png
j-3-x-r.com.png,data/batches/screenshots,8508,.png
one-dom5.com.png,data/batches/screenshots,21775,.png
turbo.ai.png,data/batches/screenshots,866437,.png
redbullerzbergrodeo.com.png,data/batches/screenshots,5657576,.png
zajo.com.png,data/batches/screenshots,80315,.png
buchstaben.com.png,data/batches/screenshots,4636904,.png
eurojackpot.de.png,data/batches/screenshots,635698,.png
dja.com.png,data/batches/screenshots,88964,.png
omegleweb.io.png,data/batches/screenshots,40903,.png
hohetauern.at.png,data/batches/screenshots,2153508,.png
olxgroup.com.png,data/batches/screenshots,1099482,.png
sitagliptininfo.com.png,data/batches/screenshots,734844,.png
jchr.org.png,data/batches/screenshots,518186,.png
bizimhesap.com.png,data/batches/screenshots,81450,.png
sinube.mx.png,data/batches/screenshots,670357,.png
getfirefox.com.png,data/batches/screenshots,2228699,.png
googleusercontent.com.png,data/batches/screenshots,44038,.png
bouldernordic.com.png,data/batches/screenshots,1257066,.png
are.na.png,data/batches/screenshots,297352,.png
imgbb.com.png,data/batches/screenshots,123798,.png
socccd.edu.png,data/batches/screenshots,5100935,.png
azstatetss.org.png,data/batches/screenshots,402750,.png
7-11.com.tw.png,data/batches/screenshots,709434,.png
funformulagames.com.png,data/batches/screenshots,5969142,.png
leopardscourier.com.png,data/batches/screenshots,1960057,.png
etahub.com.png,data/batches/screenshots,13489,.png
virtualglobetrotting.com.png,data/batches/screenshots,8318018,.png
makerworld.com.png,data/batches/screenshots,41490,.png
malt.ch.png,data/batches/screenshots,39128,.png
ermak-termo.ru.png,data/batches/screenshots,2414822,.png
kateandmark.in.png,data/batches/screenshots,2249855,.png
ucf.edu.png,data/batches/screenshots,1772186,.png
ipapi.co.png,data/batches/screenshots,3339327,.png
qatarairways.com.png,data/batches/screenshots,27309,.png
football.com.png,data/batches/screenshots,178128,.png
digitaldreamdoor.com.png,data/batches/screenshots,1780725,.png
splashid.com.png,data/batches/screenshots,661713,.png
casino8273.fun.png,data/batches/screenshots,8512,.png
yy77.team.png,data/batches/screenshots,81128,.png
amiri365.com.png,data/batches/screenshots,8513,.png
edong.com.png,data/batches/screenshots,485000,.png
thecrystalcouncil.com.png,data/batches/screenshots,2139686,.png
bccannabisstores.com.png,data/batches/screenshots,121476,.png
avbebe.com.png,data/batches/screenshots,3518469,.png
effoysira.com.png,data/batches/screenshots,844807,.png
ornl.gov.png,data/batches/screenshots,2516985,.png
amartgc.com.png,data/batches/screenshots,19279,.png
cheater.fun.png,data/batches/screenshots,543116,.png
mh-chine.com.png,data/batches/screenshots,40607,.png
oanda.com.png,data/batches/screenshots,2009310,.png
spiked-online.com.png,data/batches/screenshots,1927166,.png
cryptomaniaks.com.png,data/batches/screenshots,44860,.png
imgsrc.ru.png,data/batches/screenshots,3869334,.png
exposureevents.com.png,data/batches/screenshots,13197,.png
lcatterton.com.png,data/batches/screenshots,2761946,.png
infini.fr.png,data/batches/screenshots,525315,.png
paytm.com.png,data/batches/screenshots,1476485,.png
inkl.com.png,data/batches/screenshots,2014746,.png
qafqazinfo.az.png,data/batches/screenshots,2825573,.png
ftapi.com.png,data/batches/screenshots,574362,.png
vinnistore.ca.png,data/batches/screenshots,15010,.png
javadoc.io.png,data/batches/screenshots,122665,.png
zerohedge.com.png,data/batches/screenshots,1784296,.png
stevehoffman.tv.png,data/batches/screenshots,41624,.png
propertypro.co.ug.png,data/batches/screenshots,1109292,.png
webtekno.com.png,data/batches/screenshots,2208758,.png
codesehat.ir.png,data/batches/screenshots,31435,.png
mongodb.com.png,data/batches/screenshots,838251,.png
banglachotikahinii.com.png,data/batches/screenshots,3736195,.png
swhcr.com.png,data/batches/screenshots,935192,.png
atmail.com.png,data/batches/screenshots,548031,.png
theworld.org.png,data/batches/screenshots,9219621,.png
tkan-dlya-mebeli-1.ru.png,data/batches/screenshots,64978,.png
kzn.ru.png,data/batches/screenshots,13499,.png
anota.ai.png,data/batches/screenshots,80206,.png
eikou.com.png,data/batches/screenshots,1204827,.png
cbs17.com.png,data/batches/screenshots,23944,.png
excell.net.png,data/batches/screenshots,2466696,.png
ovseg.com.png,data/batches/screenshots,3143849,.png
hdporncomics.com.png,data/batches/screenshots,41443,.png
rezmagic.com.png,data/batches/screenshots,162775,.png
superdry.ie.png,data/batches/screenshots,84034,.png
threemovers.com.png,data/batches/screenshots,1171475,.png
e-boks.com.png,data/batches/screenshots,1740952,.png
ahjzu.edu.cn.png,data/batches/screenshots,1026980,.png
pxr.be.png,data/batches/screenshots,579732,.png
ctrip.com.png,data/batches/screenshots,1072358,.png
academicearth.org.png,data/batches/screenshots,333060,.png
sexshawaz.com.png,data/batches/screenshots,1410044,.png
nice.org.uk.png,data/batches/screenshots,12673,.png
fringster.com.png,data/batches/screenshots,286134,.png
scottishrugby.org.png,data/batches/screenshots,5720966,.png
alsket.lt.png,data/batches/screenshots,183988,.png
twstalker.com.png,data/batches/screenshots,41032,.png
ncrangola.com.png,data/batches/screenshots,1457947,.png
digikey.gr.png,data/batches/screenshots,40792,.png
betterteam.com.png,data/batches/screenshots,579757,.png
omegahospitals.com.png,data/batches/screenshots,4164575,.png
duh.de.png,data/batches/screenshots,11495571,.png
clips4sale.com.png,data/batches/screenshots,5749851,.png
elevatus.io.png,data/batches/screenshots,3143877,.png
quilljs.com.png,data/batches/screenshots,257803,.png
openstreetmap.org.png,data/batches/screenshots,1412413,.png
headway.co.png,data/batches/screenshots,41276,.png
kitmondo.com.png,data/batches/screenshots,41108,.png
mi.gov.png,data/batches/screenshots,26698,.png
kabum.com.br.png,data/batches/screenshots,2166608,.png
prehrajto.cz.png,data/batches/screenshots,73309,.png
inquisitr.com.png,data/batches/screenshots,1733094,.png
n01darts.com.png,data/batches/screenshots,536659,.png
gazeta.press.png,data/batches/screenshots,1506422,.png
thekalyanijewellers.com.png,data/batches/screenshots,4881245,.png
cj.co.kr.png,data/batches/screenshots,2778299,.png
shift.com.ar.png,data/batches/screenshots,1883966,.png
fishbrain.com.png,data/batches/screenshots,40785,.png
baletu.com.png,data/batches/screenshots,571830,.png
gh-proxy.com.png,data/batches/screenshots,723705,.png
loveflowers.ru.png,data/batches/screenshots,10977611,.png
navicamls.net.png,data/batches/screenshots,921566,.png
dobrowin51.com.png,data/batches/screenshots,3033562,.png
laodong.vn.png,data/batches/screenshots,5189682,.png
ncase.me.png,data/batches/screenshots,607241,.png
fa.ru.png,data/batches/screenshots,1768503,.png
landscapeindustrycareers.org.png,data/batches/screenshots,2485943,.png
iheartmedia.com.png,data/batches/screenshots,2399648,.png
sea.sc.gov.br.png,data/batches/screenshots,846902,.png
santanderopenacademy.com.png,data/batches/screenshots,549204,.png
sinoptik.bg.png,data/batches/screenshots,1277095,.png
catholic.org.png,data/batches/screenshots,1243317,.png
adwebcode.gr.png,data/batches/screenshots,12918,.png
serverufa.ru.png,data/batches/screenshots,2497654,.png
wurth.sk.png,data/batches/screenshots,26883,.png
madfanboy.com.png,data/batches/screenshots,3482073,.png
blogwithoutborders.co.uk.png,data/batches/screenshots,1160339,.png
gxou.com.cn.png,data/batches/screenshots,957755,.png
epsagroup.com.png,data/batches/screenshots,6130942,.png
1xbet-oxsf.top.png,data/batches/screenshots,20644,.png
yalenkino.club.png,data/batches/screenshots,331603,.png
ondasys.de.png,data/batches/screenshots,151852,.png
biography.com.png,data/batches/screenshots,12939,.png
iberley.es.png,data/batches/screenshots,856476,.png
paragoncinemas.com.my.png,data/batches/screenshots,117927,.png
google.co.zw.png,data/batches/screenshots,46240,.png
mangaupdates.com.png,data/batches/screenshots,15384,.png
emailmatrix.ru.png,data/batches/screenshots,4533471,.png
animalporn.tube.png,data/batches/screenshots,42694,.png
simply.com.png,data/batches/screenshots,1196189,.png
theme-sphere.com.png,data/batches/screenshots,1337067,.png
indianofficexxx.com.png,data/batches/screenshots,10326416,.png
car4cash.com.png,data/batches/screenshots,359075,.png
trepy.jp.png,data/batches/screenshots,1596046,.png
arktimes.com.png,data/batches/screenshots,3550297,.png
futbolenvivochile.com.png,data/batches/screenshots,2497517,.png
swissotel.com.png,data/batches/screenshots,791057,.png
sutterhealth.org.png,data/batches/screenshots,19519,.png
baccaratoasisspark.com.png,data/batches/screenshots,1138805,.png
hentai.name.png,data/batches/screenshots,1121561,.png
arcticfoxes.net.png,data/batches/screenshots,68825,.png
boschsecurity.com.png,data/batches/screenshots,2596866,.png
archive.org.png,data/batches/screenshots,96290,.png
fictionme.net.png,data/batches/screenshots,4041284,.png
indexjournal.com.png,data/batches/screenshots,2242414,.png
lafourmicreative.fr.png,data/batches/screenshots,16120,.png
vojvodjanski.com.png,data/batches/screenshots,3983923,.png
elcorteingles.es.png,data/batches/screenshots,26951,.png
azzablog.com.png,data/batches/screenshots,2143498,.png
commentcamarche.net.png,data/batches/screenshots,2315775,.png
psychologicalscience.org.png,data/batches/screenshots,2666511,.png
despegar.com.png,data/batches/screenshots,31895,.png
jpost.com.png,data/batches/screenshots,1777772,.png
ignou.ac.in.png,data/batches/screenshots,515446,.png
serbenfiquista.com.png,data/batches/screenshots,2339215,.png
campfiregames.cn.png,data/batches/screenshots,4053847,.png
consolevariations.com.png,data/batches/screenshots,772290,.png
idmap.ai.png,data/batches/screenshots,686828,.png
mykundali.com.png,data/batches/screenshots,547747,.png
primebetz.net.png,data/batches/screenshots,3734586,.png
mtl.com.png,data/batches/screenshots,41700,.png
teachable.com.png,data/batches/screenshots,2987255,.png
id-austria.gv.at.png,data/batches/screenshots,1090434,.png
vavadaze23f.com.png,data/batches/screenshots,9355,.png
restaurantdive.com.png,data/batches/screenshots,2337333,.png
airavirtual.com.png,data/batches/screenshots,41277,.png
superwinspherebase.nl.png,data/batches/screenshots,827580,.png
calgaryherald.com.png,data/batches/screenshots,1074406,.png
nrich.ai.png,data/batches/screenshots,3036302,.png
hesmar.com.png,data/batches/screenshots,731266,.png
webyn.ai.png,data/batches/screenshots,1386126,.png
palmbeachhotelbali.com.png,data/batches/screenshots,40743,.png
amhost.net.png,data/batches/screenshots,219736,.png
xiaoyakankan.tv.png,data/batches/screenshots,82252,.png
nanjing.gov.cn.png,data/batches/screenshots,3204328,.png
intaco.com.png,data/batches/screenshots,1678337,.png
189.cn.png,data/batches/screenshots,8512,.png
learningsuite.io.png,data/batches/screenshots,2996210,.png
skatbank.de.png,data/batches/screenshots,3420864,.png
leprogres.fr.png,data/batches/screenshots,1340764,.png
themegrill.com.png,data/batches/screenshots,998291,.png
life360.com.png,data/batches/screenshots,81665,.png
cgood.ru.png,data/batches/screenshots,835167,.png
dishaonlineclasses.com.png,data/batches/screenshots,3741181,.png
khaleejtimes.com.png,data/batches/screenshots,3670819,.png
sporting.pt.png,data/batches/screenshots,4554253,.png
camwh.com.png,data/batches/screenshots,688893,.png
goffice.click.png,data/batches/screenshots,22125,.png
worldfuturefund.org.png,data/batches/screenshots,94031,.png
yap.app.png,data/batches/screenshots,68936,.png
crypto.com.png,data/batches/screenshots,2619747,.png
zvuch.com.png,data/batches/screenshots,34930,.png
valuepulse.uk.png,data/batches/screenshots,856088,.png
shadertoy.com.png,data/batches/screenshots,42272,.png
eltiempo.es.png,data/batches/screenshots,40556,.png
sejda.com.png,data/batches/screenshots,943794,.png
bargainblinds.co.nz.png,data/batches/screenshots,2414547,.png
primerahora.com.png,data/batches/screenshots,4462832,.png
hostmyradio.com.png,data/batches/screenshots,24491,.png
flirtkontakt.sk.png,data/batches/screenshots,2755090,.png
enphaseenergy.com.png,data/batches/screenshots,3531735,.png
quantummetric.com.png,data/batches/screenshots,132622,.png
dropboxforum.com.png,data/batches/screenshots,654638,.png
nomorflix.icu.png,data/batches/screenshots,728605,.png
kolesa.ru.png,data/batches/screenshots,2578909,.png
renattandgo.com.png,data/batches/screenshots,7639965,.png
artanlife.com.png,data/batches/screenshots,2097270,.png
happinessandfood.com.png,data/batches/screenshots,2824716,.png
localflirt.com.png,data/batches/screenshots,1454032,.png
agaval.com.png,data/batches/screenshots,81050,.png
zeitverschiebung.net.png,data/batches/screenshots,1266406,.png
provence-alpes-cotedazur.com.png,data/batches/screenshots,3547947,.png
ausleisure.com.au.png,data/batches/screenshots,3159027,.png
musescore.com.png,data/batches/screenshots,34857,.png
dws.com.png,data/batches/screenshots,3246361,.png
vyprvpn.com.png,data/batches/screenshots,1080648,.png
sandaya.fr.png,data/batches/screenshots,2606307,.png
beeswax.com.png,data/batches/screenshots,111641,.png
sift.com.png,data/batches/screenshots,897279,.png
yeltuor.com.au.png,data/batches/screenshots,3404723,.png
ietf.org.png,data/batches/screenshots,450436,.png
vinted.com.png,data/batches/screenshots,3254089,.png
stape.au.png,data/batches/screenshots,1012909,.png
kalakar.io.png,data/batches/screenshots,2503947,.png
dutchgrown.com.png,data/batches/screenshots,6423560,.png
magnumtogeltoto.com.png,data/batches/screenshots,18535,.png
qpyou.cn.png,data/batches/screenshots,1102736,.png
linke.to.png,data/batches/screenshots,15628,.png
bostonproper.com.png,data/batches/screenshots,5702148,.png
qub.ac.uk.png,data/batches/screenshots,40853,.png
easyr.com.au.png,data/batches/screenshots,4341302,.png
tapad.com.png,data/batches/screenshots,2454143,.png
rappi.com.br.png,data/batches/screenshots,40706,.png
douglas.ca.png,data/batches/screenshots,6107742,.png
clever.com.png,data/batches/screenshots,673248,.png
met.police.uk.png,data/batches/screenshots,40611,.png
motionelements.com.png,data/batches/screenshots,2895891,.png
patria.cz.png,data/batches/screenshots,1723005,.png
sentinel-hub.com.png,data/batches/screenshots,763491,.png
agorarn.com.br.png,data/batches/screenshots,14398,.png
goobox.fr.png,data/batches/screenshots,453947,.png
itglue.com.png,data/batches/screenshots,1102101,.png
kofiannanfoundation.org.png,data/batches/screenshots,1243004,.png
impressum-generator.de.png,data/batches/screenshots,883670,.png
dodois.io.png,data/batches/screenshots,12918,.png
mobisafar.com.png,data/batches/screenshots,1868928,.png
daibau.sk.png,data/batches/screenshots,40550,.png
filmnet.ir.png,data/batches/screenshots,4022268,.png
kitakyu-air.jp.png,data/batches/screenshots,1930515,.png
telkomsel.com.png,data/batches/screenshots,2497777,.png
ethiotelecom.et.png,data/batches/screenshots,1964615,.png
thc.org.png,data/batches/screenshots,379895,.png
ehime-np.co.jp.png,data/batches/screenshots,3517276,.png
fr.de.png,data/batches/screenshots,3241567,.png
alvaromoreno.com.png,data/batches/screenshots,3972044,.png
chicagobusiness.com.png,data/batches/screenshots,27476,.png
un.org.png,data/batches/screenshots,12673,.png
prydwen.gg.png,data/batches/screenshots,42577,.png
zalando.es.png,data/batches/screenshots,39350,.png
dhx4dstar.in.png,data/batches/screenshots,41060,.png
smashwords.com.png,data/batches/screenshots,82896,.png
motorola.in.png,data/batches/screenshots,13795600,.png
asuprep.org.png,data/batches/screenshots,86287,.png
aipictors.com.png,data/batches/screenshots,4487223,.png
sportisimo.sk.png,data/batches/screenshots,41342,.png
hihi2.com.png,data/batches/screenshots,766604,.png
pagalnew.com.png,data/batches/screenshots,878762,.png
youpin898.com.png,data/batches/screenshots,726213,.png
euppublishing.com.png,data/batches/screenshots,43669,.png
openldap.org.png,data/batches/screenshots,129133,.png
tithe.ly.png,data/batches/screenshots,1194536,.png
mopub.com.png,data/batches/screenshots,1397888,.png
openinframap.org.png,data/batches/screenshots,60629,.png
quotidiano.net.png,data/batches/screenshots,4756385,.png
bongacams.com.png,data/batches/screenshots,42513,.png
playhub.com.br.png,data/batches/screenshots,1044969,.png
fiken.no.png,data/batches/screenshots,1367154,.png
rythmhealth.com.png,data/batches/screenshots,3221735,.png
footpathmap.co.uk.png,data/batches/screenshots,507746,.png
eolas.fr.png,data/batches/screenshots,1445749,.png
jus77bung.xyz.png,data/batches/screenshots,81994,.png
pushking.net.png,data/batches/screenshots,474615,.png
speedtest.co.za.png,data/batches/screenshots,45033,.png
google.dev.png,data/batches/screenshots,714626,.png
gsmarena.com.png,data/batches/screenshots,2525334,.png
plurk.com.png,data/batches/screenshots,2439925,.png
pci.org.png,data/batches/screenshots,2118312,.png
dalyfeds.com.png,data/batches/screenshots,361345,.png
seciu.edu.uy.png,data/batches/screenshots,2702017,.png
gjto.or.kr.png,data/batches/screenshots,635939,.png
roundlakebeachil.gov.png,data/batches/screenshots,2108510,.png
ddmmain.in.png,data/batches/screenshots,5645011,.png
achmea.nl.png,data/batches/screenshots,2592035,.png
internetlivestats.com.png,data/batches/screenshots,315597,.png
axis.com.png,data/batches/screenshots,3183643,.png
interactivebrokers.co.jp.png,data/batches/screenshots,1782237,.png
pantscraper.com.png,data/batches/screenshots,3627090,.png
browserleaks.org.png,data/batches/screenshots,611167,.png
bluestacks.com.png,data/batches/screenshots,2514189,.png
edna.ru.png,data/batches/screenshots,754076,.png
amazonses.com.png,data/batches/screenshots,536508,.png
giftmall.co.jp.png,data/batches/screenshots,3686610,.png
uom.gr.png,data/batches/screenshots,21656,.png
football.by.png,data/batches/screenshots,3015442,.png
tp6.top.png,data/batches/screenshots,94018,.png
messengernews.net.png,data/batches/screenshots,1536436,.png
bifrostgaming.com.png,data/batches/screenshots,43614,.png
flextg.com.png,data/batches/screenshots,2064846,.png
nctsn.org.png,data/batches/screenshots,565997,.png
mysimplething.online.png,data/batches/screenshots,82816,.png
pornoxo.com.png,data/batches/screenshots,41421,.png
gamejolt.com.png,data/batches/screenshots,63621,.png
shanghaicityhotels.com.png,data/batches/screenshots,10069,.png
metastatus.com.png,data/batches/screenshots,192320,.png
socialpointgames.com.png,data/batches/screenshots,8512,.png
hattrick.org.png,data/batches/screenshots,42789,.png
come2play.com.png,data/batches/screenshots,2244156,.png
bizrate.com.png,data/batches/screenshots,40917,.png
fifarosters.com.png,data/batches/screenshots,650994,.png
garmtech.com.png,data/batches/screenshots,482305,.png
skyline168.vip.png,data/batches/screenshots,636575,.png
the22koreanwar.org.png,data/batches/screenshots,3442869,.png
opengateloans.com.png,data/batches/screenshots,1265576,.png
mrgcdn.ru.png,data/batches/screenshots,17344,.png
auw.com.png,data/batches/screenshots,1625275,.png
zoom.us.png,data/batches/screenshots,3137883,.png
beminimalist.co.png,data/batches/screenshots,2127214,.png
amanngirrbach.com.png,data/batches/screenshots,2068534,.png
apklike.store.png,data/batches/screenshots,1089996,.png
veritas.com.png,data/batches/screenshots,27095,.png
rajwap.biz.png,data/batches/screenshots,6286803,.png
airbus.com.png,data/batches/screenshots,4950700,.png
fdown.net.png,data/batches/screenshots,41365,.png
11kk.love.png,data/batches/screenshots,80609,.png
finelo.com.png,data/batches/screenshots,1541229,.png
busty-mom.com.png,data/batches/screenshots,13489,.png
qvc.jp.png,data/batches/screenshots,4800383,.png
incarnage.com.png,data/batches/screenshots,4682104,.png
civicaepay.co.uk.png,data/batches/screenshots,81949,.png
islamicboard.com.png,data/batches/screenshots,800411,.png
pdfdrive.com.png,data/batches/screenshots,586327,.png
fitchratings.com.png,data/batches/screenshots,203859,.png
balagh.ir.png,data/batches/screenshots,1969299,.png
govtrack.us.png,data/batches/screenshots,908701,.png
metacritic.com.png,data/batches/screenshots,1260451,.png
tachart.com.png,data/batches/screenshots,1519469,.png
parentsquare.com.png,data/batches/screenshots,1640721,.png
bokepindoh.xxx.png,data/batches/screenshots,969522,.png
benstokman.me.png,data/batches/screenshots,2913864,.png
botasot.info.png,data/batches/screenshots,2540792,.png
indiaforums.com.png,data/batches/screenshots,2262575,.png
mediaset.it.png,data/batches/screenshots,5130285,.png
tchibo.de.png,data/batches/screenshots,5330039,.png
ems1.com.png,data/batches/screenshots,2143105,.png
huolala.cn.png,data/batches/screenshots,924378,.png
veporn.com.png,data/batches/screenshots,509614,.png
wundermix.de.png,data/batches/screenshots,1059506,.png
firebaseapp.com.png,data/batches/screenshots,638644,.png
dehasher.com.png,data/batches/screenshots,42091,.png
wwlp.com.png,data/batches/screenshots,24136,.png
imageshack.com.png,data/batches/screenshots,1093571,.png
redmanshop.com.png,data/batches/screenshots,6975716,.png
webpeople.nl.png,data/batches/screenshots,924546,.png
euro.com.pl.png,data/batches/screenshots,33538,.png
t.me.png,data/batches/screenshots,939645,.png
ydparty08.net.png,data/batches/screenshots,1676935,.png
myshopify.com.png,data/batches/screenshots,9749,.png
prothomalo.com.png,data/batches/screenshots,1084748,.png
rencontre-ados.net.png,data/batches/screenshots,39768,.png
mtv.co.uk.png,data/batches/screenshots,3611591,.png
bhaskar.com.png,data/batches/screenshots,1871979,.png
upmc.com.png,data/batches/screenshots,1712239,.png
cjp.nl.png,data/batches/screenshots,577726,.png
galicia.ar.png,data/batches/screenshots,609099,.png
thebeaches360.com.png,data/batches/screenshots,684577,.png
fda.gov.tw.png,data/batches/screenshots,22848,.png
getnetset.com.png,data/batches/screenshots,23555,.png
nintendo.com.png,data/batches/screenshots,142476,.png
gamifiera.com.png,data/batches/screenshots,2135197,.png
iands.org.png,data/batches/screenshots,2346183,.png
tanishq.co.in.png,data/batches/screenshots,36131,.png
ventraip.net.au.png,data/batches/screenshots,1403750,.png
pc.gov.au.png,data/batches/screenshots,993310,.png
mosir.ostrowiec.pl.png,data/batches/screenshots,1619852,.png
autoscout24.fr.png,data/batches/screenshots,379150,.png
dofus-retro.com.png,data/batches/screenshots,40719,.png
newsprime.co.kr.png,data/batches/screenshots,2159607,.png
myrecoverdeletedphoto.com.png,data/batches/screenshots,612643,.png
mi9.com.png,data/batches/screenshots,39777,.png
mensa.org.png,data/batches/screenshots,4213437,.png
schaeffler.de.png,data/batches/screenshots,776862,.png
blogspot.de.png,data/batches/screenshots,648358,.png
eldebate.com.png,data/batches/screenshots,5464588,.png
mobiltna.com.png,data/batches/screenshots,602000,.png
catalog-taisho.com.png,data/batches/screenshots,600209,.png
criminalelement.com.png,data/batches/screenshots,2205534,.png
eonnext.com.png,data/batches/screenshots,831527,.png
dcshoes.mx.png,data/batches/screenshots,2384791,.png
touristrequirements.info.png,data/batches/screenshots,762932,.png
lpn.co.th.png,data/batches/screenshots,1124718,.png
socialwolvez.com.png,data/batches/screenshots,420604,.png
supcase.com.png,data/batches/screenshots,4273659,.png
eon.com.png,data/batches/screenshots,39969,.png
ioh.co.id.png,data/batches/screenshots,12603,.png
betclic.pt.png,data/batches/screenshots,20018,.png
purdueglobal.edu.png,data/batches/screenshots,1524458,.png
tate.org.uk.png,data/batches/screenshots,252208,.png
niu.com.png,data/batches/screenshots,3892954,.png
restream.io.png,data/batches/screenshots,291151,.png
webnovelvip.com.png,data/batches/screenshots,1086390,.png
umanitoba.ca.png,data/batches/screenshots,3365897,.png
filter303porto.com.png,data/batches/screenshots,3188760,.png
virgilio.it.png,data/batches/screenshots,4069069,.png
blogdiario.com.png,data/batches/screenshots,8512,.png
till-weber.de.png,data/batches/screenshots,886571,.png
upv.es.png,data/batches/screenshots,6801753,.png
randkuj.my.png,data/batches/screenshots,5152378,.png
nmcorp.video.png,data/batches/screenshots,12918,.png
fleetwoodmac.net.png,data/batches/screenshots,42038,.png
radiko.jp.png,data/batches/screenshots,369066,.png
itsnicethat.com.png,data/batches/screenshots,1475847,.png
mirzap.ru.png,data/batches/screenshots,1372984,.png
dussmann.com.png,data/batches/screenshots,927022,.png
gasbuddy.com.png,data/batches/screenshots,82863,.png
ndsplitter.com.png,data/batches/screenshots,90362,.png
minna.cc.png,data/batches/screenshots,794859,.png
optimizely.com.png,data/batches/screenshots,1653431,.png
oleantimesherald.com.png,data/batches/screenshots,3539455,.png
southyorkshire-ca.gov.uk.png,data/batches/screenshots,80515,.png
jqueryscript.net.png,data/batches/screenshots,1358609,.png
ucad.sn.png,data/batches/screenshots,4152089,.png
racefans.net.png,data/batches/screenshots,1634565,.png
powderham.co.uk.png,data/batches/screenshots,404468,.png
0pe.kr.png,data/batches/screenshots,117967,.png
mobilier-deco.com.png,data/batches/screenshots,6379337,.png
danword.com.png,data/batches/screenshots,41746,.png
afn.by.png,data/batches/screenshots,525758,.png
rapelust.com.png,data/batches/screenshots,494293,.png
cricdiction.com.png,data/batches/screenshots,1467557,.png
clickbank.net.png,data/batches/screenshots,2114418,.png
bootstrapmade.com.png,data/batches/screenshots,1925555,.png
scout-gps.ru.png,data/batches/screenshots,1384066,.png
goldbet.it.png,data/batches/screenshots,27068,.png
vorobeva-weddings.ru.png,data/batches/screenshots,4224995,.png
buecher.de.png,data/batches/screenshots,63848,.png
ordnancesurvey.co.uk.png,data/batches/screenshots,2353469,.png
brzeg24.pl.png,data/batches/screenshots,81196,.png
trendsend.com.png,data/batches/screenshots,3537752,.png
purpleport.com.png,data/batches/screenshots,2451475,.png
hotpads.com.png,data/batches/screenshots,23152,.png
virtu.com.png,data/batches/screenshots,338589,.png
luckyorange.net.png,data/batches/screenshots,107997,.png
tee-on.com.png,data/batches/screenshots,2065653,.png
planalto.gov.br.png,data/batches/screenshots,21671,.png
agencyrevolution.com.png,data/batches/screenshots,725100,.png
raspeouro.io.png,data/batches/screenshots,406115,.png
freelancer.co.nz.png,data/batches/screenshots,4093224,.png
fielmann.de.png,data/batches/screenshots,1674764,.png
vinahentai.asia.png,data/batches/screenshots,4480738,.png
skillcup.ru.png,data/batches/screenshots,1756623,.png
hintfilmizle.com.png,data/batches/screenshots,81298,.png
realtor.com.png,data/batches/screenshots,8512,.png
amazon.co.uk.png,data/batches/screenshots,2755457,.png
zbporn.com.png,data/batches/screenshots,4773071,.png
trumpf.com.png,data/batches/screenshots,2608164,.png
crazysexstory.com.png,data/batches/screenshots,568711,.png
myjiedian.com.png,data/batches/screenshots,42065,.png
avalan.com.png,data/batches/screenshots,1732084,.png
drpciv-romania.ro.png,data/batches/screenshots,958961,.png
dmm.com.png,data/batches/screenshots,6889830,.png
fc2.com.png,data/batches/screenshots,177538,.png
theonion.com.png,data/batches/screenshots,2971977,.png
ctyun.cn.png,data/batches/screenshots,983602,.png
bdgest.com.png,data/batches/screenshots,81681,.png
teamcycles.com.png,data/batches/screenshots,13342138,.png
professoracademy.com.png,data/batches/screenshots,2158145,.png
ew.com.png,data/batches/screenshots,33623,.png
euronet.nl.png,data/batches/screenshots,36421,.png
myanimeshelf.com.png,data/batches/screenshots,41859,.png
smartrankedlist.com.png,data/batches/screenshots,1461638,.png
darkreader.app.png,data/batches/screenshots,43062,.png
javgg.net.png,data/batches/screenshots,36505,.png
oemfordpartsoutlet.com.png,data/batches/screenshots,80451,.png
amil.com.br.png,data/batches/screenshots,26952,.png
goodhousekeeping.com.png,data/batches/screenshots,2581503,.png
mcsweeneys.net.png,data/batches/screenshots,782862,.png
weareher.com.png,data/batches/screenshots,1603586,.png
littlegreenbutton.com.png,data/batches/screenshots,2689071,.png
lndeter.es.png,data/batches/screenshots,1720004,.png
cafe24.com.png,data/batches/screenshots,50819,.png
easy-clothes.com.png,data/batches/screenshots,1913952,.png
rfab.ai.png,data/batches/screenshots,236569,.png
corotiso.com.png,data/batches/screenshots,1237582,.png
yellowhat.jp.png,data/batches/screenshots,4544219,.png
selby.com.au.png,data/batches/screenshots,4219755,.png
sas.com.png,data/batches/screenshots,649652,.png
sistemaoficinainteligente.com.br.png,data/batches/screenshots,95849,.png
speedserve.site.png,data/batches/screenshots,814137,.png
aade.gr.png,data/batches/screenshots,26811,.png
i24slot.org.png,data/batches/screenshots,5969060,.png
shopee.sg.png,data/batches/screenshots,8513,.png
thechesedfund.com.png,data/batches/screenshots,8787,.png
totalplay.com.mx.png,data/batches/screenshots,20014,.png
sxmb.com.vn.png,data/batches/screenshots,843268,.png
genial.ly.png,data/batches/screenshots,180986,.png
mail-orderbride.info.png,data/batches/screenshots,19869,.png
siam55e.com.png,data/batches/screenshots,3155931,.png
tfw2005.com.png,data/batches/screenshots,40943,.png
flix360.com.png,data/batches/screenshots,142198,.png
vlxx.moi.png,data/batches/screenshots,1305103,.png
goldurban.com.png,data/batches/screenshots,2237026,.png
jurgenlehl.jp.png,data/batches/screenshots,1620717,.png
avocat.fr.png,data/batches/screenshots,1273907,.png
zombeek.cz.png,data/batches/screenshots,630289,.png
federalregister.gov.png,data/batches/screenshots,102633,.png
bbbobo.com.tw.png,data/batches/screenshots,628277,.png
altillo.com.png,data/batches/screenshots,42811,.png
dc.gen.tr.png,data/batches/screenshots,10249,.png
vidizzy.com.png,data/batches/screenshots,1003702,.png
deltarune.wiki.png,data/batches/screenshots,518574,.png
wequilt.com.au.png,data/batches/screenshots,3327403,.png
confidentialphonelookup.com.png,data/batches/screenshots,1424786,.png
fetlife.com.png,data/batches/screenshots,14067,.png
baomee.info.png,data/batches/screenshots,4151180,.png
spincrush011.com.png,data/batches/screenshots,777703,.png
ohchr.org.png,data/batches/screenshots,40222,.png
sbercloud.ru.png,data/batches/screenshots,107348,.png
blogprimeblog.nl.png,data/batches/screenshots,444411,.png
domainparking.ru.png,data/batches/screenshots,327529,.png
rome2rio.com.png,data/batches/screenshots,41998,.png
theamericanconservative.com.png,data/batches/screenshots,4929388,.png
kentek.ru.png,data/batches/screenshots,1237580,.png
ascopubs.org.png,data/batches/screenshots,42315,.png
lovetesteronline.com.png,data/batches/screenshots,1269207,.png
bcbsnc.com.png,data/batches/screenshots,2197052,.png
dailyverses.net.png,data/batches/screenshots,3392130,.png
veritonic.com.png,data/batches/screenshots,2224704,.png
xhsocial.com.png,data/batches/screenshots,1423459,.png
seattlegreatwheel.com.png,data/batches/screenshots,7358179,.png
lojack.com.png,data/batches/screenshots,13489,.png
inauth.com.png,data/batches/screenshots,111854,.png
omp.ru.png,data/batches/screenshots,702035,.png
destadgorinchem.nl.png,data/batches/screenshots,16248,.png
xgn.nl.png,data/batches/screenshots,38983,.png
foodbasics.ca.png,data/batches/screenshots,42084,.png
evolute-ufa.ru.png,data/batches/screenshots,990245,.png
posteo.de.png,data/batches/screenshots,16120,.png
dapoxetined.org.png,data/batches/screenshots,238849,.png
answers.com.png,data/batches/screenshots,1222890,.png
memegenerator.es.png,data/batches/screenshots,1495438,.png
houzz.co.uk.png,data/batches/screenshots,31178,.png
xn----7sbaabako6cg4bxggpi0t.xn--p1acf.png,data/batches/screenshots,1299354,.png
fonts.net.png,data/batches/screenshots,330082,.png
asouthernsoul.com.png,data/batches/screenshots,2076366,.png
tonnel.network.png,data/batches/screenshots,52631,.png
cleverline.co.uk.png,data/batches/screenshots,494588,.png
berkshirehathaway.com.png,data/batches/screenshots,99431,.png
eyesonff.com.png,data/batches/screenshots,2654202,.png
library.ke.png,data/batches/screenshots,5033467,.png
storicang.it.png,data/batches/screenshots,26943,.png
barkbox.com.png,data/batches/screenshots,41105,.png
omron.co.jp.png,data/batches/screenshots,26406,.png
royalmansour.com.png,data/batches/screenshots,2438250,.png
smartocto.com.png,data/batches/screenshots,2072024,.png
www-881bet.com.png,data/batches/screenshots,475727,.png
syrup.co.kr.png,data/batches/screenshots,752297,.png
penwing.org.png,data/batches/screenshots,95849,.png
zawya.com.png,data/batches/screenshots,2625351,.png
leemancar.ru.png,data/batches/screenshots,62050,.png
mwiah.com.png,data/batches/screenshots,4609861,.png
vampirerave.com.png,data/batches/screenshots,851805,.png
thlivehub.com.png,data/batches/screenshots,7918342,.png
runews24.ru.png,data/batches/screenshots,4777558,.png
publi24.ro.png,data/batches/screenshots,40145,.png
mailerlite.com.png,data/batches/screenshots,1539517,.png
theoi.com.png,data/batches/screenshots,974301,.png
azure.net.png,data/batches/screenshots,1522605,.png
magazord.com.br.png,data/batches/screenshots,707017,.png
rongrit.com.png,data/batches/screenshots,40586,.png
optell.com.png,data/batches/screenshots,1485352,.png
pchubonline.com.png,data/batches/screenshots,42060,.png
keyt.com.png,data/batches/screenshots,2250942,.png
kit-mail3.com.png,data/batches/screenshots,1395234,.png
divulgadorinteligente.com.png,data/batches/screenshots,2009715,.png
ultimatespecs.com.png,data/batches/screenshots,604170,.png
888jogo.app.png,data/batches/screenshots,22875,.png
yourdomainprovider.net.png,data/batches/screenshots,8512,.png
funiviaetna.com.png,data/batches/screenshots,6397329,.png
dkttc.ac.th.png,data/batches/screenshots,2788563,.png
kitbuy.vn.png,data/batches/screenshots,729632,.png
wb.com.png,data/batches/screenshots,988122,.png
tippmix.hu.png,data/batches/screenshots,1088555,.png
qqmercy-b3.com.png,data/batches/screenshots,81980,.png
titanhubvip360.com.png,data/batches/screenshots,1027165,.png
tmz.com.png,data/batches/screenshots,3988976,.png
lex.com.my.png,data/batches/screenshots,1809729,.png
aarnet.net.au.png,data/batches/screenshots,1701326,.png
group.bnpparibas.png,data/batches/screenshots,27196,.png
fortunajuegos.com.png,data/batches/screenshots,16325,.png
drpc.org.png,data/batches/screenshots,11835,.png
shrimp.sk.png,data/batches/screenshots,1047205,.png
filmyfly.racing.png,data/batches/screenshots,1222825,.png
4wheelparts.com.png,data/batches/screenshots,82124,.png
drawio.com.png,data/batches/screenshots,685824,.png
smartomato.ru.png,data/batches/screenshots,2520211,.png
alturacu.com.png,data/batches/screenshots,1270462,.png
flybondi.com.png,data/batches/screenshots,30543,.png
ypsomed.com.png,data/batches/screenshots,1457957,.png
realgeeks.com.png,data/batches/screenshots,1162813,.png
edgeboston.com.png,data/batches/screenshots,44883,.png
sport.es.png,data/batches/screenshots,3476335,.png
share-dns.com.png,data/batches/screenshots,97301,.png
serietotaal.nl.png,data/batches/screenshots,41284,.png
walletconnect.org.png,data/batches/screenshots,929299,.png
blackbox.ai.png,data/batches/screenshots,243456,.png
visitsouthdevon.co.uk.png,data/batches/screenshots,2302511,.png
lewa-gmbh.de.png,data/batches/screenshots,1731526,.png
theraspecs.com.png,data/batches/screenshots,3812020,.png
sbds.in.png,data/batches/screenshots,3127607,.png
mans.edu.eg.png,data/batches/screenshots,2714784,.png
targetads.io.png,data/batches/screenshots,1392012,.png
baidupcs.com.png,data/batches/screenshots,10076,.png
sman3ternate.sch.id.png,data/batches/screenshots,3037067,.png
lgthinq.com.png,data/batches/screenshots,26797,.png
ultrafootball.com.png,data/batches/screenshots,8637458,.png
alkosto.com.png,data/batches/screenshots,26641,.png
shop-apotheke.com.png,data/batches/screenshots,1391589,.png
wrtv.com.png,data/batches/screenshots,3115025,.png
dlf.in.png,data/batches/screenshots,202168,.png
blockspace.media.png,data/batches/screenshots,43446,.png
fiercebiotech.com.png,data/batches/screenshots,1105029,.png
3d-bbc.co.uk.png,data/batches/screenshots,35810,.png
mangarw.com.png,data/batches/screenshots,2155821,.png
safedog.cn.png,data/batches/screenshots,1101257,.png
funinstar.com.png,data/batches/screenshots,1157527,.png
gazeta.ua.png,data/batches/screenshots,2498874,.png
nic.bot.png,data/batches/screenshots,1673073,.png
gameinformer.com.png,data/batches/screenshots,6951762,.png
xn--42cieo3ioesdn.live.png,data/batches/screenshots,1574356,.png
mangakimi.com.png,data/batches/screenshots,5339184,.png
mcg.net.png,data/batches/screenshots,731323,.png
solararenagroup.com.png,data/batches/screenshots,453784,.png
vakantiehuisjes.be.png,data/batches/screenshots,3625339,.png
cardsmobile.ru.png,data/batches/screenshots,1234003,.png
budu-5.ru.png,data/batches/screenshots,107029,.png
rusplt.ru.png,data/batches/screenshots,2479597,.png
disneyplus.com.png,data/batches/screenshots,3119171,.png
espn.in.png,data/batches/screenshots,1887909,.png
zalando.de.png,data/batches/screenshots,35803,.png
utcluj.ro.png,data/batches/screenshots,2338649,.png
ennovelas-tv.com.png,data/batches/screenshots,12918,.png
fnote.net.png,data/batches/screenshots,37669,.png
radioonline.com.pt.png,data/batches/screenshots,314576,.png
joypersonalcare.com.png,data/batches/screenshots,2818249,.png
tuasaude.com.png,data/batches/screenshots,2172883,.png
torbobit.net.png,data/batches/screenshots,8653,.png
trust.com.png,data/batches/screenshots,2985838,.png
huskiapps.com.png,data/batches/screenshots,1022642,.png
voys.nl.png,data/batches/screenshots,117374,.png
bernsteins.com.png,data/batches/screenshots,306215,.png
baofyy03.tv.png,data/batches/screenshots,2340143,.png
localjobmatcher.com.png,data/batches/screenshots,772806,.png
pamono.com.png,data/batches/screenshots,866355,.png
hackster.io.png,data/batches/screenshots,81540,.png
primeblackjackstudio.nl.png,data/batches/screenshots,982999,.png
r-staffing.co.jp.png,data/batches/screenshots,982898,.png
act-africa.org.png,data/batches/screenshots,1415363,.png
dlxz.net.png,data/batches/screenshots,1443314,.png
fapcat.com.png,data/batches/screenshots,42964,.png
bpclvts.in.png,data/batches/screenshots,14610,.png
dewalangit77ori.com.png,data/batches/screenshots,1501074,.png
sk-kaken.co.jp.png,data/batches/screenshots,340029,.png
macmillaneducation.direct.png,data/batches/screenshots,1051469,.png
millersauctioneers.co.uk.png,data/batches/screenshots,790110,.png
archerlaw.com.png,data/batches/screenshots,1608585,.png
sunnyd.com.png,data/batches/screenshots,5202314,.png
opry.com.png,data/batches/screenshots,2064149,.png
optica.org.png,data/batches/screenshots,86032,.png
ringcentral.com.png,data/batches/screenshots,3017815,.png
contentsserved.com.png,data/batches/screenshots,8512,.png
charlatan.ca.png,data/batches/screenshots,40768,.png
sugardeco.kr.png,data/batches/screenshots,2785231,.png
godinprints.org.png,data/batches/screenshots,1772175,.png
letscast.fm.png,data/batches/screenshots,2286190,.png
google.cn.png,data/batches/screenshots,30752,.png
zyy123.com.png,data/batches/screenshots,157695,.png
dyson.com.tr.png,data/batches/screenshots,3142670,.png
security-next.com.png,data/batches/screenshots,937179,.png
google.ps.png,data/batches/screenshots,46240,.png
unicab.org.png,data/batches/screenshots,1204350,.png
messengernewspapers.co.uk.png,data/batches/screenshots,3094310,.png
nbcnewyork.com.png,data/batches/screenshots,3980980,.png
highradius.com.png,data/batches/screenshots,513615,.png
cfuv.ru.png,data/batches/screenshots,17279,.png
myprovence.fr.png,data/batches/screenshots,1012968,.png
bleepingcomputer.com.png,data/batches/screenshots,41429,.png
businessday.ng.png,data/batches/screenshots,2442745,.png
makia.com.png,data/batches/screenshots,4323865,.png
africultures.com.png,data/batches/screenshots,3516683,.png
your-storagebox.de.png,data/batches/screenshots,333560,.png
kamihome.com.png,data/batches/screenshots,210212,.png
bumn.go.id.png,data/batches/screenshots,1089776,.png
digisport.ro.png,data/batches/screenshots,3893015,.png
myamipro.com.png,data/batches/screenshots,815123,.png
omicsonline.org.png,data/batches/screenshots,965080,.png
homestead.com.png,data/batches/screenshots,42977,.png
mybeautyself.it.png,data/batches/screenshots,41536,.png
upmsp.edu.in.png,data/batches/screenshots,2823312,.png
kxcdn.com.png,data/batches/screenshots,18192,.png
portalsins88rtp.com.png,data/batches/screenshots,5437653,.png
momentohq.com.png,data/batches/screenshots,703819,.png
jobbank.gc.ca.png,data/batches/screenshots,447271,.png
clubebobs.com.br.png,data/batches/screenshots,81502,.png
pbcorp.online.png,data/batches/screenshots,36354,.png
jibecdn.com.png,data/batches/screenshots,1996364,.png
diariodocentrodomundo.com.br.png,data/batches/screenshots,508615,.png
mooiedomeinnaam.nl.png,data/batches/screenshots,135015,.png
kvk.nl.png,data/batches/screenshots,1801966,.png
ior.it.png,data/batches/screenshots,33340,.png
nn.de.png,data/batches/screenshots,5333992,.png
danangfantasticity.com.png,data/batches/screenshots,3981074,.png
fullerton.edu.png,data/batches/screenshots,3102725,.png
pravoved.ru.png,data/batches/screenshots,954801,.png
xhworld.today.png,data/batches/screenshots,1407214,.png
btgl1689.com.png,data/batches/screenshots,2270739,.png
primor.eu.png,data/batches/screenshots,12673,.png
abcbet555.com.png,data/batches/screenshots,43159,.png
opnsense.org.png,data/batches/screenshots,3010915,.png
russia-game.ru.png,data/batches/screenshots,1303220,.png
renault.com.png,data/batches/screenshots,310795,.png
peekvids.com.png,data/batches/screenshots,49841,.png
telefonica.de.png,data/batches/screenshots,1798441,.png
connectad.io.png,data/batches/screenshots,1881371,.png
reddit.com.png,data/batches/screenshots,77552,.png
clarins.mx.png,data/batches/screenshots,1502878,.png
castingnetworks.com.png,data/batches/screenshots,12682,.png
microad.jp.png,data/batches/screenshots,3116934,.png
boersenblatt.net.png,data/batches/screenshots,1614930,.png
chavesnamao.com.br.png,data/batches/screenshots,3686832,.png
name-servers.gr.png,data/batches/screenshots,371147,.png
in-berlin.de.png,data/batches/screenshots,227052,.png
gla.ac.uk.png,data/batches/screenshots,769207,.png
amazon.co.jp.png,data/batches/screenshots,4193295,.png
minalima.com.png,data/batches/screenshots,2293818,.png
superior.edu.pk.png,data/batches/screenshots,2279239,.png
unemi.edu.ec.png,data/batches/screenshots,1922570,.png
itsasap.com.png,data/batches/screenshots,3759935,.png
xbzgtpxnso.com.png,data/batches/screenshots,11323,.png
asbestos.com.png,data/batches/screenshots,2445307,.png
calciocatanzaro.it.png,data/batches/screenshots,2592257,.png
kush-vhod-casino.online.png,data/batches/screenshots,1265047,.png
tv3.ir.png,data/batches/screenshots,33147,.png
yad2.co.il.png,data/batches/screenshots,19689,.png
server314.com.png,data/batches/screenshots,24742,.png
petlur.com.png,data/batches/screenshots,2814143,.png
trustedsite.com.png,data/batches/screenshots,1138027,.png
san4dsite9.xyz.png,data/batches/screenshots,3594114,.png
studentchoice.org.png,data/batches/screenshots,42523,.png
truebettingstation.com.png,data/batches/screenshots,807691,.png
verdict.co.uk.png,data/batches/screenshots,1148846,.png
fas.org.png,data/batches/screenshots,1309046,.png
locanto.ca.png,data/batches/screenshots,38691,.png
zougla.gr.png,data/batches/screenshots,3861886,.png
allforkids.org.png,data/batches/screenshots,1153290,.png
hamariweb.com.png,data/batches/screenshots,41294,.png
studyfetch.com.png,data/batches/screenshots,44427,.png
ncut.edu.tw.png,data/batches/screenshots,1088625,.png
bstn.com.png,data/batches/screenshots,12812,.png
sbisec.co.jp.png,data/batches/screenshots,1402887,.png
cuny.edu.png,data/batches/screenshots,6129547,.png
besoccer.com.png,data/batches/screenshots,8512,.png
aumannauctions.com.png,data/batches/screenshots,42785,.png
pitchlog.co.uk.png,data/batches/screenshots,81221,.png
cryptoscope.ca.png,data/batches/screenshots,498261,.png
albiononlinebuilds.com.png,data/batches/screenshots,1624783,.png
mnt.ee.png,data/batches/screenshots,981831,.png
zortssports.com.png,data/batches/screenshots,1542140,.png
clixvista.com.png,data/batches/screenshots,431766,.png
mariposacounty.org.png,data/batches/screenshots,1803141,.png
airnav.com.png,data/batches/screenshots,81529,.png
doflare.com.png,data/batches/screenshots,522505,.png
york.ac.uk.png,data/batches/screenshots,2667407,.png
ma-bague-antistress.com.png,data/batches/screenshots,994214,.png
shropshire.gov.uk.png,data/batches/screenshots,707302,.png
hc.ru.png,data/batches/screenshots,520725,.png
mslocacoes.com.png,data/batches/screenshots,1425989,.png
onerpm.link.png,data/batches/screenshots,8512,.png
bunkr.ru.png,data/batches/screenshots,13489,.png
ruclofdg.cc.png,data/batches/screenshots,10809489,.png
boyfriend.tv.png,data/batches/screenshots,5168631,.png
linuxcontainers.org.png,data/batches/screenshots,223164,.png
hstu.ac.bd.png,data/batches/screenshots,3517059,.png
volokh.com.png,data/batches/screenshots,52966,.png
ruhr-uni-bochum.de.png,data/batches/screenshots,3894189,.png
vestone.com.cn.png,data/batches/screenshots,74485,.png
jobstaffs.com.png,data/batches/screenshots,76699,.png
culture.fr.png,data/batches/screenshots,2580232,.png
muzofond.fm.png,data/batches/screenshots,38199,.png
nielsen.com.png,data/batches/screenshots,2448247,.png
unionbankonline.co.in.png,data/batches/screenshots,496247,.png
thames21.org.uk.png,data/batches/screenshots,3909196,.png
smu.ca.png,data/batches/screenshots,4251342,.png
simpliroute.com.png,data/batches/screenshots,2670121,.png
90phutcq.tv.png,data/batches/screenshots,3934025,.png
karger.com.png,data/batches/screenshots,36213,.png
vipslots.us.png,data/batches/screenshots,739133,.png
pornograffitti.jp.png,data/batches/screenshots,34417,.png
cpasbien2.cc.png,data/batches/screenshots,1549926,.png
glavsnab.net.png,data/batches/screenshots,1441965,.png
www-betcris.com.png,data/batches/screenshots,32646,.png
funpot.net.png,data/batches/screenshots,460199,.png
fareye.co.png,data/batches/screenshots,9483,.png
spacenk.com.png,data/batches/screenshots,1364176,.png
jzu.edu.cn.png,data/batches/screenshots,1433938,.png
lorealpartnershop.com.png,data/batches/screenshots,44910,.png
dictu.nl.png,data/batches/screenshots,1394169,.png
londonbingogate.uk.png,data/batches/screenshots,410452,.png
sutekisteaktranslations.com.png,data/batches/screenshots,1099614,.png
sncf.fr.png,data/batches/screenshots,1576884,.png
globalplatform.org.png,data/batches/screenshots,2276380,.png
expedia.com.png,data/batches/screenshots,51818,.png
paddypower.com.png,data/batches/screenshots,52055,.png
heslgb.mw.png,data/batches/screenshots,1270103,.png
creavite.co.png,data/batches/screenshots,13489,.png
nieuwemobiel.nl.png,data/batches/screenshots,2137949,.png
travelupdate.com.png,data/batches/screenshots,2908722,.png
giavang.org.png,data/batches/screenshots,873225,.png
gotomypc.com.png,data/batches/screenshots,42925,.png
shbetaa1.kim.png,data/batches/screenshots,5040274,.png
hostrident.com.png,data/batches/screenshots,224674,.png
minhchinh.com.png,data/batches/screenshots,1296249,.png
rusvideos.app.png,data/batches/screenshots,7420202,.png
atp-autoteile.de.png,data/batches/screenshots,82030,.png
business.ru.png,data/batches/screenshots,486369,.png
redhat.com.png,data/batches/screenshots,1474428,.png
hdrezka-novinkii.top.png,data/batches/screenshots,46727,.png
disqus.com.png,data/batches/screenshots,551592,.png
spinglobalhub.co.uk.png,data/batches/screenshots,522757,.png
infomir.eu.png,data/batches/screenshots,1178594,.png
columbia.edu.png,data/batches/screenshots,40837,.png
ccl.org.png,data/batches/screenshots,980392,.png
influencermarketingsociety.com.png,data/batches/screenshots,46737,.png
dsyun.com.png,data/batches/screenshots,439814,.png
looksrare.org.png,data/batches/screenshots,39808,.png
gaigu15.net.png,data/batches/screenshots,41727,.png
jsps.go.jp.png,data/batches/screenshots,2660623,.png
redditinc.com.png,data/batches/screenshots,1006443,.png
wso2.com.png,data/batches/screenshots,40310,.png
obi.de.png,data/batches/screenshots,2542740,.png
matthiasott.com.png,data/batches/screenshots,1785091,.png
funx.nl.png,data/batches/screenshots,2275766,.png
minikago.com.tr.png,data/batches/screenshots,1921002,.png
trex.com.png,data/batches/screenshots,5626118,.png
mi-ras.ru.png,data/batches/screenshots,642525,.png
sexkbj.com.png,data/batches/screenshots,1844767,.png
spyfam.com.png,data/batches/screenshots,35704,.png
zalando.it.png,data/batches/screenshots,35803,.png
supremecourt.gov.png,data/batches/screenshots,984298,.png
vidmateapp.com.png,data/batches/screenshots,3714693,.png
a-ads.com.png,data/batches/screenshots,1611515,.png
farsnews.ir.png,data/batches/screenshots,1946858,.png
kit.com.png,data/batches/screenshots,24013,.png
kingsinterhigh.co.uk.png,data/batches/screenshots,82100,.png
wgrz.com.png,data/batches/screenshots,1994911,.png
pornv.xxx.png,data/batches/screenshots,6099718,.png
health.kr.png,data/batches/screenshots,473439,.png
onedio.com.png,data/batches/screenshots,3816578,.png
superace88.live.png,data/batches/screenshots,1248187,.png
gtu.ac.in.png,data/batches/screenshots,12673,.png
fabindia.com.png,data/batches/screenshots,4390600,.png
sistemasfce.com.ar.png,data/batches/screenshots,28321,.png
x-fpga.com.png,data/batches/screenshots,66260,.png
sisun.com.png,data/batches/screenshots,551846,.png
candlecraft.mx.png,data/batches/screenshots,3674219,.png
gmx.net.png,data/batches/screenshots,499869,.png
dankstop.com.png,data/batches/screenshots,2941856,.png
midphase.com.png,data/batches/screenshots,1051638,.png
libera.chat.png,data/batches/screenshots,441744,.png
manhwaread.com.png,data/batches/screenshots,42193,.png
5movierulz.legal.png,data/batches/screenshots,2520718,.png
wunschliste.de.png,data/batches/screenshots,94868,.png
craftdigest.au.png,data/batches/screenshots,420568,.png
xosomiennam.me.png,data/batches/screenshots,1014125,.png
vw.com.br.png,data/batches/screenshots,1534340,.png
epikchat.com.png,data/batches/screenshots,3003211,.png
quo.com.png,data/batches/screenshots,1561961,.png
windownationpros.com.png,data/batches/screenshots,2973148,.png
matters.town.png,data/batches/screenshots,41157,.png
denza.com.png,data/batches/screenshots,342045,.png
fabricadefotolibros.com.png,data/batches/screenshots,1763971,.png
wordle.net.png,data/batches/screenshots,53483,.png
chloe.com.png,data/batches/screenshots,843276,.png
barcauniversal.com.png,data/batches/screenshots,3534430,.png
news-early.uk.png,data/batches/screenshots,220526,.png
txnhh.com.png,data/batches/screenshots,2998701,.png
lovemyfamilymag.com.png,data/batches/screenshots,3514302,.png
citytvplus.ca.png,data/batches/screenshots,1968646,.png
ecampania.it.png,data/batches/screenshots,1822506,.png
service-public.fr.png,data/batches/screenshots,516675,.png
bobswatches.com.png,data/batches/screenshots,7463671,.png
wildsinogold.com.png,data/batches/screenshots,2821710,.png
kargham.com.png,data/batches/screenshots,3016998,.png
myneuralnetworks.ru.png,data/batches/screenshots,6454324,.png
yaqeenbank.ly.png,data/batches/screenshots,1550383,.png
hostnet.nl.png,data/batches/screenshots,1428722,.png
ncadv.org.png,data/batches/screenshots,38416,.png
boyfriend.dk.png,data/batches/screenshots,717389,.png
kptec.com.my.png,data/batches/screenshots,74174,.png
fermilon.ru.png,data/batches/screenshots,1030038,.png
exstore.id.png,data/batches/screenshots,2247119,.png
pornmike.com.png,data/batches/screenshots,5056965,.png
hashtagtrade.gr.png,data/batches/screenshots,1173010,.png
seb.ee.png,data/batches/screenshots,2479456,.png
fscore.com.gh.png,data/batches/screenshots,2534652,.png
myaccainsurance.com.png,data/batches/screenshots,1416715,.png
google.az.png,data/batches/screenshots,46219,.png
usbdgef.com.png,data/batches/screenshots,10531,.png
nobroker.in.png,data/batches/screenshots,323473,.png
bluedart.com.png,data/batches/screenshots,2429424,.png
zhswx.com.png,data/batches/screenshots,14392,.png
player.hu.png,data/batches/screenshots,6306915,.png
westherr.com.png,data/batches/screenshots,83919,.png
beachsoccer.ru.png,data/batches/screenshots,1251128,.png
digikey.com.png,data/batches/screenshots,42106,.png
pinecliffs.com.png,data/batches/screenshots,42344,.png
thelivingmoon.com.png,data/batches/screenshots,1375251,.png
bookdepository.com.png,data/batches/screenshots,4146924,.png
ilfattoquotidiano.it.png,data/batches/screenshots,4515785,.png
coinz.us.png,data/batches/screenshots,356706,.png
myassignmenthelp.net.png,data/batches/screenshots,2046818,.png
heymistr.com.png,data/batches/screenshots,80894,.png
actionkit.com.png,data/batches/screenshots,1727263,.png
wwwxxx.vip.png,data/batches/screenshots,3214203,.png
taftlaw.com.png,data/batches/screenshots,2412741,.png
eastlink.ca.png,data/batches/screenshots,40420,.png
tnaflix.com.png,data/batches/screenshots,2553943,.png
geniussports.com.png,data/batches/screenshots,1009182,.png
oxfordre.com.png,data/batches/screenshots,41116,.png
mcpedl.com.png,data/batches/screenshots,880935,.png
assurancewireless.com.png,data/batches/screenshots,26739,.png
motorcade-ind.com.png,data/batches/screenshots,254026,.png
tidsbanken.net.png,data/batches/screenshots,43318,.png
snapedit.app.png,data/batches/screenshots,4561844,.png
creditario.com.png,data/batches/screenshots,977154,.png
webspaceiuse.com.png,data/batches/screenshots,368944,.png
claude.ai.png,data/batches/screenshots,40345,.png
tickettailor.com.png,data/batches/screenshots,42802,.png
bigstockphoto.com.png,data/batches/screenshots,31860,.png
dreametech.com.png,data/batches/screenshots,3354152,.png
crictracker.com.png,data/batches/screenshots,2979319,.png
hellopush.io.png,data/batches/screenshots,836411,.png
rugimg.com.png,data/batches/screenshots,16467,.png
allfamous.org.png,data/batches/screenshots,8512,.png
douban.com.png,data/batches/screenshots,1421736,.png
saccounty.net.png,data/batches/screenshots,1410167,.png
uts.edu.au.png,data/batches/screenshots,2891722,.png
statesidesports.com.au.png,data/batches/screenshots,2314368,.png
larian.com.png,data/batches/screenshots,1281514,.png
perifit.co.png,data/batches/screenshots,15025,.png
coupert.com.png,data/batches/screenshots,40256,.png
digilentinc.com.png,data/batches/screenshots,39236,.png
zillertalarena.com.png,data/batches/screenshots,7206655,.png
occompt.com.png,data/batches/screenshots,262035,.png
namebright.com.png,data/batches/screenshots,663088,.png
monstercloudapps.com.png,data/batches/screenshots,283825,.png
fizzyacerbitymellow.com.png,data/batches/screenshots,41745,.png
1gai.ru.png,data/batches/screenshots,19110,.png
komikindo.ch.png,data/batches/screenshots,1739081,.png
spotlight.vegas.png,data/batches/screenshots,1759550,.png
american.edu.png,data/batches/screenshots,42657,.png
atlanticcape.edu.png,data/batches/screenshots,4011588,.png
hispeed.ch.png,data/batches/screenshots,187285,.png
hypercloudhost.com.png,data/batches/screenshots,941711,.png
abta.org.png,data/batches/screenshots,885422,.png
twt.it.png,data/batches/screenshots,1551908,.png
intuit.ca.png,data/batches/screenshots,2117816,.png
sysco.com.png,data/batches/screenshots,8936506,.png
highspeednetwork.net.png,data/batches/screenshots,283499,.png
banqi.com.png,data/batches/screenshots,26214,.png
savaya303.com.png,data/batches/screenshots,42680,.png
sky.it.png,data/batches/screenshots,1405841,.png
xpaja.net.png,data/batches/screenshots,1487575,.png
brookes.ac.uk.png,data/batches/screenshots,1766435,.png
freeporncave.com.png,data/batches/screenshots,3353306,.png
monic.mo.png,data/batches/screenshots,373415,.png
jibjab.com.png,data/batches/screenshots,1586836,.png
skillbrains.com.png,data/batches/screenshots,675434,.png
aukcije.hr.png,data/batches/screenshots,39658,.png
nate.com.png,data/batches/screenshots,1104243,.png
forwardair.com.png,data/batches/screenshots,2429726,.png
nba2kmobile.com.png,data/batches/screenshots,4341565,.png
ssmc.ae.png,data/batches/screenshots,7084715,.png
universite-paris-saclay.fr.png,data/batches/screenshots,3168108,.png
hotdomains.at.png,data/batches/screenshots,2369680,.png
biyan2022.com.tw.png,data/batches/screenshots,1829476,.png
kronika.ac.png,data/batches/screenshots,869572,.png
rdanderson.com.png,data/batches/screenshots,1047989,.png
hily.com.png,data/batches/screenshots,1632511,.png
latouchemusicale.com.png,data/batches/screenshots,672387,.png
junglescout.com.png,data/batches/screenshots,1014472,.png
viralhubvideo.com.png,data/batches/screenshots,66840,.png
grassdata.net.png,data/batches/screenshots,24963,.png
videoask.com.png,data/batches/screenshots,933214,.png
withforerunner.com.png,data/batches/screenshots,1953104,.png
lifewire.com.png,data/batches/screenshots,33623,.png
signify.com.png,data/batches/screenshots,8620260,.png
fachai68.net.png,data/batches/screenshots,884207,.png
wpdns.site.png,data/batches/screenshots,94246,.png
kcaw.org.png,data/batches/screenshots,2065482,.png
hereisyourcrush.com.png,data/batches/screenshots,45506,.png
livescience.com.png,data/batches/screenshots,6907792,.png
taz.de.png,data/batches/screenshots,4438113,.png
optimize.pt.png,data/batches/screenshots,105978,.png
personality.co.png,data/batches/screenshots,312724,.png
rehmie.com.ng.png,data/batches/screenshots,2694241,.png
pirateproxylive.org.png,data/batches/screenshots,50195,.png
mercadopro.net.png,data/batches/screenshots,605362,.png
king88vin.info.png,data/batches/screenshots,1956747,.png
umass.edu.png,data/batches/screenshots,80738,.png
gotveno.bg.png,data/batches/screenshots,348100,.png
shorthandstories.com.png,data/batches/screenshots,24424,.png
metallprofil.ru.png,data/batches/screenshots,816377,.png
nme.com.png,data/batches/screenshots,3004148,.png
intercare.co.za.png,data/batches/screenshots,806720,.png
adlerplanetarium.org.png,data/batches/screenshots,6365089,.png
ruoff.com.png,data/batches/screenshots,3410257,.png
ny1.com.png,data/batches/screenshots,4963555,.png
jernejkitchen.com.png,data/batches/screenshots,236380,.png
pencdn.cz.png,data/batches/screenshots,355106,.png
atunas.com.tw.png,data/batches/screenshots,64605,.png
logsanalytics.net.png,data/batches/screenshots,14202,.png
mawartotogoku.com.png,data/batches/screenshots,18535,.png
aogpurchasing.com.png,data/batches/screenshots,12673,.png
ncn-se.co.jp.png,data/batches/screenshots,1493073,.png
websitedemos.net.png,data/batches/screenshots,4694137,.png
3gcj.com.png,data/batches/screenshots,1462285,.png
timer-odessa.net.png,data/batches/screenshots,81528,.png
caniuse.com.png,data/batches/screenshots,345726,.png
aboutads.info.png,data/batches/screenshots,554513,.png
designfiles.co.png,data/batches/screenshots,3091763,.png
safebrands.fr.png,data/batches/screenshots,422691,.png
yoho.media.png,data/batches/screenshots,564245,.png
xinuos.com.png,data/batches/screenshots,296147,.png
xhwide.com.png,data/batches/screenshots,1394108,.png
bmel.de.png,data/batches/screenshots,998764,.png
fondsfinanz.de.png,data/batches/screenshots,116277,.png
shareanynudes.com.png,data/batches/screenshots,3522695,.png
ljubavni-oglasnik.net.png,data/batches/screenshots,1589821,.png
cookieandkate.com.png,data/batches/screenshots,6224231,.png
drtuber.com.png,data/batches/screenshots,5364739,.png
epicor.com.png,data/batches/screenshots,2001724,.png
cylex-uk.co.uk.png,data/batches/screenshots,81582,.png
datahouseerp.com.png,data/batches/screenshots,481889,.png
vagonweb.cz.png,data/batches/screenshots,41525,.png
aromatizarmayorista.com.ar.png,data/batches/screenshots,450575,.png
narrative.io.png,data/batches/screenshots,4386649,.png
hockeyshop24.ru.png,data/batches/screenshots,2045864,.png
lovemycreditunion.org.png,data/batches/screenshots,102118,.png
hiroshima-u.ac.jp.png,data/batches/screenshots,1680566,.png
safebrowse.io.png,data/batches/screenshots,78638,.png
rusprofile.ru.png,data/batches/screenshots,13489,.png
lagence.com.png,data/batches/screenshots,13279160,.png
fandango.com.png,data/batches/screenshots,1857735,.png
boxkinggaming.com.png,data/batches/screenshots,3349765,.png
relconsystems.com.png,data/batches/screenshots,375091,.png
gundam-base.net.png,data/batches/screenshots,1629223,.png
glucophagea7.com.png,data/batches/screenshots,204474,.png
winknews.com.png,data/batches/screenshots,11574209,.png
mailin.fr.png,data/batches/screenshots,98924,.png
upday.com.png,data/batches/screenshots,2884254,.png
typingerz.com.png,data/batches/screenshots,41989,.png
f4g4rv7wp081.com.png,data/batches/screenshots,83276,.png
smarketer.de.png,data/batches/screenshots,1864753,.png
tocnoto.si.png,data/batches/screenshots,7919677,.png
syracuse.com.png,data/batches/screenshots,31702,.png
loeffler.at.png,data/batches/screenshots,2379460,.png
ufz.de.png,data/batches/screenshots,1524989,.png
salud-digna.org.png,data/batches/screenshots,610979,.png
spin-better.net.png,data/batches/screenshots,3448707,.png
optimalpeople.fr.png,data/batches/screenshots,8512,.png
nube.com.br.png,data/batches/screenshots,346769,.png
ke.com.png,data/batches/screenshots,54527,.png
playmods.net.png,data/batches/screenshots,2804982,.png
moxiebeauty.in.png,data/batches/screenshots,1745696,.png
easistent.com.png,data/batches/screenshots,5705960,.png
fldoe.org.png,data/batches/screenshots,27584,.png
interpolis.nl.png,data/batches/screenshots,1799396,.png
newspapers.com.png,data/batches/screenshots,41926,.png
udemy.com.png,data/batches/screenshots,40860,.png
ohiolink.edu.png,data/batches/screenshots,945096,.png
video-xxx.click.png,data/batches/screenshots,2746036,.png
elster.de.png,data/batches/screenshots,675596,.png
talentsprint.com.png,data/batches/screenshots,2097156,.png
churchofjesuschrist.org.png,data/batches/screenshots,3408758,.png
infinite-electronics.pt.png,data/batches/screenshots,2052558,.png
hotxv.com.png,data/batches/screenshots,2467950,.png
anthropic.com.png,data/batches/screenshots,291609,.png
mylighthouse.com.png,data/batches/screenshots,2071838,.png
op.gg.png,data/batches/screenshots,40750,.png
hidoha.net.png,data/batches/screenshots,718981,.png
itmo.ru.png,data/batches/screenshots,1684273,.png
adelantos.com.ar.png,data/batches/screenshots,1050948,.png
baro-online.com.png,data/batches/screenshots,2994872,.png
wjbrands.com.png,data/batches/screenshots,2583304,.png
azkiagent.com.png,data/batches/screenshots,1324775,.png
valori.it.png,data/batches/screenshots,2475689,.png
horse.bet.png,data/batches/screenshots,2652055,.png
xgdq.com.png,data/batches/screenshots,452963,.png
tally.so.png,data/batches/screenshots,1144104,.png
nexon.co.kr.png,data/batches/screenshots,2676385,.png
fibreapk.com.png,data/batches/screenshots,121303,.png
infomil.nl.png,data/batches/screenshots,238901,.png
mbed.com.png,data/batches/screenshots,459071,.png
fuehrerschein-bestehen.de.png,data/batches/screenshots,781416,.png
appspace.com.png,data/batches/screenshots,2036375,.png
crazybeach.ru.png,data/batches/screenshots,2752936,.png
byhot.top.png,data/batches/screenshots,92809,.png
supereva.it.png,data/batches/screenshots,1794729,.png
mheducation.com.png,data/batches/screenshots,1002318,.png
costco.ca.png,data/batches/screenshots,1924365,.png
nana-press.com.png,data/batches/screenshots,107586,.png
eraspace.com.png,data/batches/screenshots,1328817,.png
h5p.org.png,data/batches/screenshots,555979,.png
billionaire.com.png,data/batches/screenshots,41241,.png
uploadhaven.com.png,data/batches/screenshots,238223,.png
studybreaks.com.png,data/batches/screenshots,3286092,.png
cally.com.png,data/batches/screenshots,1327027,.png
cerema.fr.png,data/batches/screenshots,2948026,.png
teletype.in.png,data/batches/screenshots,1493360,.png
parley.la.png,data/batches/screenshots,80664,.png
studiok-i.net.png,data/batches/screenshots,2540253,.png
antarvasna3.com.png,data/batches/screenshots,756005,.png
fastpic.org.png,data/batches/screenshots,102289,.png
vulture.com.png,data/batches/screenshots,1696918,.png
s-rpg-navi.com.png,data/batches/screenshots,550677,.png
rmmservice.eu.png,data/batches/screenshots,25280,.png
niuhuskies.com.png,data/batches/screenshots,1342852,.png
sarthaks.com.png,data/batches/screenshots,720979,.png
pcfactory.cl.png,data/batches/screenshots,208379,.png
teamskeet.tv.png,data/batches/screenshots,73256,.png
cosmotetvott.gr.png,data/batches/screenshots,149444,.png
sharebyblog.com.png,data/batches/screenshots,2057498,.png
gandhi.com.mx.png,data/batches/screenshots,621124,.png
playtika.com.png,data/batches/screenshots,1302603,.png
alibris.com.png,data/batches/screenshots,40456,.png
sephora.pl.png,data/batches/screenshots,26587,.png
directoriocubano.info.png,data/batches/screenshots,1934564,.png
speedostream1.com.png,data/batches/screenshots,25226,.png
customcat.com.png,data/batches/screenshots,81057,.png
stanislawow.net.png,data/batches/screenshots,1522073,.png
vasconoticias.com.br.png,data/batches/screenshots,67038,.png
coki138.store.png,data/batches/screenshots,1736606,.png
bultannews.com.png,data/batches/screenshots,2006183,.png
islamonline.net.png,data/batches/screenshots,781415,.png
koreader.rocks.png,data/batches/screenshots,592087,.png
tp-link.com.png,data/batches/screenshots,552076,.png
littlebroken.com.png,data/batches/screenshots,1990014,.png
napchief.com.png,data/batches/screenshots,5833120,.png
jav24hd.info.png,data/batches/screenshots,3208248,.png
people.com.png,data/batches/screenshots,33623,.png
springerpub.com.png,data/batches/screenshots,1993397,.png
tori.fi.png,data/batches/screenshots,1013265,.png
institutomora.edu.mx.png,data/batches/screenshots,1960349,.png
pro-mstore.com.png,data/batches/screenshots,1506344,.png
asuit.tn.it.png,data/batches/screenshots,33254,.png
responsiblestatecraft.org.png,data/batches/screenshots,1380995,.png
kvi.com.png,data/batches/screenshots,1652976,.png
acleddata.com.png,data/batches/screenshots,3269832,.png
channel.io.png,data/batches/screenshots,1144873,.png
technogym.com.png,data/batches/screenshots,40593,.png
orange.pl.png,data/batches/screenshots,2348879,.png
portaltributario.com.br.png,data/batches/screenshots,915020,.png
becaseducacion.gob.es.png,data/batches/screenshots,360550,.png
paylution.com.png,data/batches/screenshots,118682,.png
workers.dev.png,data/batches/screenshots,1743370,.png
sohonet.com.png,data/batches/screenshots,2334014,.png
atlanticcouncil.org.png,data/batches/screenshots,2302016,.png
hostingkarachi.com.png,data/batches/screenshots,1981666,.png
epassport.gov.bd.png,data/batches/screenshots,27163,.png
gogts.net.png,data/batches/screenshots,3009213,.png
badak138.cfd.png,data/batches/screenshots,82424,.png
towerswatson.com.png,data/batches/screenshots,724175,.png
prasarana.com.my.png,data/batches/screenshots,646053,.png
stanstedairport.com.png,data/batches/screenshots,3674600,.png
svetevity.sk.png,data/batches/screenshots,1732698,.png
joelonsoftware.com.png,data/batches/screenshots,295165,.png
violetsvegancomics.com.png,data/batches/screenshots,2106584,.png
wohlivia.de.png,data/batches/screenshots,27902,.png
moose.gg.png,data/batches/screenshots,657706,.png
bocznica.eu.png,data/batches/screenshots,5983209,.png
movers.com.png,data/batches/screenshots,1368622,.png
tiqets.com.png,data/batches/screenshots,366469,.png
ceweekly.cn.png,data/batches/screenshots,1199991,.png
sciencepublishinggroup.com.png,data/batches/screenshots,1282130,.png
pasarjaya.co.id.png,data/batches/screenshots,2595022,.png
jetblue.com.png,data/batches/screenshots,143620,.png
gree.jp.png,data/batches/screenshots,8512,.png
msappproxy.net.png,data/batches/screenshots,8512,.png
fujifilm.co.jp.png,data/batches/screenshots,4171452,.png
companyshop.co.uk.png,data/batches/screenshots,3755810,.png
newbalance.cl.png,data/batches/screenshots,23524,.png
zt.hu.png,data/batches/screenshots,11467,.png
thespruce.com.png,data/batches/screenshots,33623,.png
pieceinvicta.com.pl.png,data/batches/screenshots,30623,.png
untirta.ac.id.png,data/batches/screenshots,80848,.png
borsaitaliana.it.png,data/batches/screenshots,2364489,.png
virbac.com.png,data/batches/screenshots,3245707,.png
ludara.com.png,data/batches/screenshots,423556,.png
3dcart.com.png,data/batches/screenshots,2267655,.png
sunsilu.com.png,data/batches/screenshots,105987,.png
kufar.by.png,data/batches/screenshots,16154,.png
gratis-photos.com.png,data/batches/screenshots,736786,.png
chatki.bet.png,data/batches/screenshots,45127,.png
chateaunantes.fr.png,data/batches/screenshots,2287622,.png
quandoo.de.png,data/batches/screenshots,790844,.png
finanzen.net.png,data/batches/screenshots,26729,.png
pictoa.com.png,data/batches/screenshots,3881581,.png
thetrevorproject.org.png,data/batches/screenshots,2332819,.png
niacg.com.png,data/batches/screenshots,43030,.png
line4you.gr.png,data/batches/screenshots,1203847,.png
ltn.com.tw.png,data/batches/screenshots,2493233,.png
berkleyone.com.png,data/batches/screenshots,3225028,.png
gorakhpur.nic.in.png,data/batches/screenshots,1773745,.png
rtvslo.si.png,data/batches/screenshots,2873066,.png
realincestvideos.org.png,data/batches/screenshots,8121913,.png
oreilly.com.png,data/batches/screenshots,1797012,.png
google.tn.png,data/batches/screenshots,41745,.png
icm.edu.pl.png,data/batches/screenshots,2493393,.png
google.be.png,data/batches/screenshots,41745,.png
magadhonline.com.png,data/batches/screenshots,119223,.png
impel.ai.png,data/batches/screenshots,891552,.png
softerp.co.png,data/batches/screenshots,8512,.png
swissmem.ch.png,data/batches/screenshots,1007626,.png
fotbollskanalen.se.png,data/batches/screenshots,5217241,.png
jeeto14cr.com.png,data/batches/screenshots,500563,.png
avermox.online.png,data/batches/screenshots,24052,.png
ruhrnachrichten.de.png,data/batches/screenshots,3281987,.png
teachaway.com.png,data/batches/screenshots,2037181,.png
computeridee.nl.png,data/batches/screenshots,4078629,.png
unbounce.com.png,data/batches/screenshots,555235,.png
vegasinsider.com.png,data/batches/screenshots,12673,.png
opinautos.com.png,data/batches/screenshots,838620,.png
populars-music.ru.png,data/batches/screenshots,553747,.png
chrisbowers.co.uk.png,data/batches/screenshots,4931198,.png
gatotkaca138az.xyz.png,data/batches/screenshots,84101,.png
rosting.by.png,data/batches/screenshots,1480812,.png
online.church.png,data/batches/screenshots,1952008,.png
pocketmonsters.net.png,data/batches/screenshots,3022781,.png
iovox.com.png,data/batches/screenshots,1627983,.png
fakt.pl.png,data/batches/screenshots,2335645,.png
imdb.com.png,data/batches/screenshots,12673,.png
national-geographic.pl.png,data/batches/screenshots,3874857,.png
particlenews.com.png,data/batches/screenshots,753727,.png
tuha.vn.png,data/batches/screenshots,17281,.png
alimentarium.org.png,data/batches/screenshots,92045,.png
etginpro.ru.png,data/batches/screenshots,4100513,.png
nextories.com.png,data/batches/screenshots,1968437,.png
sobakovod.club.png,data/batches/screenshots,11361906,.png
trivago.co.uk.png,data/batches/screenshots,43243,.png
springer.com.png,data/batches/screenshots,1568805,.png
hotmilfzone.com.png,data/batches/screenshots,3009458,.png
banque-france.fr.png,data/batches/screenshots,27608,.png
agenturer.no.png,data/batches/screenshots,1015198,.png
google.cat.png,data/batches/screenshots,41745,.png
apuestasganadas.com.png,data/batches/screenshots,790543,.png
gamisco.com.png,data/batches/screenshots,1077923,.png
onvasortir.com.png,data/batches/screenshots,249700,.png
spankbang.party.png,data/batches/screenshots,43327,.png
bootstrapious.com.png,data/batches/screenshots,11820,.png
hardexpert.net.png,data/batches/screenshots,1307154,.png
ymobile.jp.png,data/batches/screenshots,2601258,.png
girlschannel.net.png,data/batches/screenshots,3808939,.png
icc-cricket.com.png,data/batches/screenshots,2359524,.png
borna.news.png,data/batches/screenshots,1325572,.png
data.gov.png,data/batches/screenshots,421455,.png
demoscope.ru.png,data/batches/screenshots,1122132,.png
nabiraem.ru.png,data/batches/screenshots,2907859,.png
fontstand.com.png,data/batches/screenshots,366343,.png
transip.email.png,data/batches/screenshots,383359,.png
zudio.com.png,data/batches/screenshots,726548,.png
theagencyre.com.png,data/batches/screenshots,5105007,.png
syosetu.org.png,data/batches/screenshots,41882,.png
millipiyangoonline.com.png,data/batches/screenshots,28012,.png
tabletmag.com.png,data/batches/screenshots,815265,.png
canon.com.png,data/batches/screenshots,5057632,.png
hargacampur.com.png,data/batches/screenshots,1016647,.png
gospelgoods.com.br.png,data/batches/screenshots,2698890,.png
banyumaskab.go.id.png,data/batches/screenshots,34488,.png
77nekoaff3.com.png,data/batches/screenshots,3232810,.png
hosting365.ie.png,data/batches/screenshots,12918,.png
grubbytrain.com.png,data/batches/screenshots,125302,.png
silverfortunearena.nl.png,data/batches/screenshots,1047828,.png
your-server.de.png,data/batches/screenshots,19172,.png
tricot.cl.png,data/batches/screenshots,10779242,.png
durable.com.png,data/batches/screenshots,2198685,.png
pinepg.in.png,data/batches/screenshots,8512,.png
bossard.com.png,data/batches/screenshots,3375977,.png
gloryon.com.png,data/batches/screenshots,2482151,.png
avtoradio.ru.png,data/batches/screenshots,1603167,.png
vienna.at.png,data/batches/screenshots,2844482,.png
sharperimage.com.png,data/batches/screenshots,2342767,.png
slotstories.co.uk.png,data/batches/screenshots,1145911,.png
libpng.org.png,data/batches/screenshots,87439,.png
ceskaposta.cz.png,data/batches/screenshots,377530,.png
prodalam.cl.png,data/batches/screenshots,1183308,.png
netcabo.pt.png,data/batches/screenshots,550061,.png
sanfordhealth.org.png,data/batches/screenshots,1091125,.png
uptourism.gov.in.png,data/batches/screenshots,283470,.png
tigertech.net.png,data/batches/screenshots,346596,.png
eurodns.com.png,data/batches/screenshots,2176914,.png
smi2.net.png,data/batches/screenshots,169504,.png
qianlima.com.png,data/batches/screenshots,1098175,.png
athena-tech.eu.png,data/batches/screenshots,1416873,.png
trovit.com.br.png,data/batches/screenshots,96803,.png
horizonstructures.com.png,data/batches/screenshots,2181690,.png
gooddelivery.ma.png,data/batches/screenshots,376978,.png
hentaiz.bot.png,data/batches/screenshots,81003,.png
24live.com.png,data/batches/screenshots,40501,.png
xactimate.com.png,data/batches/screenshots,2319768,.png
trofim.com.ua.png,data/batches/screenshots,6160423,.png
ourontario.ca.png,data/batches/screenshots,107460,.png
corepalaceplatform.com.png,data/batches/screenshots,878407,.png
porthosp.nhs.uk.png,data/batches/screenshots,3969049,.png
wingo.com.png,data/batches/screenshots,682913,.png
kosmetikinstitut-milla.de.png,data/batches/screenshots,565732,.png
brooklynflea.com.png,data/batches/screenshots,3500150,.png
escavador.com.png,data/batches/screenshots,43912,.png
phe69.in.png,data/batches/screenshots,1308220,.png
gelbooru.com.png,data/batches/screenshots,46598,.png
lucky-bricks.de.png,data/batches/screenshots,6923300,.png
homeadvisor.com.png,data/batches/screenshots,82082,.png
grayline.com.png,data/batches/screenshots,3809066,.png
consumerfinance.gov.png,data/batches/screenshots,713860,.png
newsbytesapp.com.png,data/batches/screenshots,2461007,.png
powerapps.com.png,data/batches/screenshots,783525,.png
markate.com.png,data/batches/screenshots,3800139,.png
mtt.ru.png,data/batches/screenshots,302220,.png
bohemia.net.png,data/batches/screenshots,2920636,.png
com.se.png,data/batches/screenshots,735670,.png
star4live.com.png,data/batches/screenshots,631239,.png
nnz-online.de.png,data/batches/screenshots,1704256,.png
pbx.uz.png,data/batches/screenshots,1556082,.png
emarsys.net.png,data/batches/screenshots,392402,.png
kgifund.com.tw.png,data/batches/screenshots,2177430,.png
viewlondon.co.uk.png,data/batches/screenshots,207058,.png
host2vps.com.png,data/batches/screenshots,16120,.png
famousbirthdays.com.png,data/batches/screenshots,1024362,.png
vesseltracker.com.png,data/batches/screenshots,2476177,.png
xrea.com.png,data/batches/screenshots,1704016,.png
yardielearning.com.png,data/batches/screenshots,15316,.png
artelino.com.png,data/batches/screenshots,1875473,.png
pokemon.com.png,data/batches/screenshots,76782,.png
alodokter.com.png,data/batches/screenshots,837889,.png
p-t-a.shop.png,data/batches/screenshots,2475418,.png
ejemplos.co.png,data/batches/screenshots,2588099,.png
habr.com.png,data/batches/screenshots,3429203,.png
kindofbook.com.png,data/batches/screenshots,2971724,.png
curiousconcept.com.png,data/batches/screenshots,82216,.png
eternalinteractive.com.png,data/batches/screenshots,1411259,.png
siigo.com.png,data/batches/screenshots,80859,.png
livedns.co.il.png,data/batches/screenshots,726570,.png
ticketek.com.ar.png,data/batches/screenshots,40449,.png
oklute.com.png,data/batches/screenshots,159215,.png
agrian.com.png,data/batches/screenshots,81048,.png
sh-cdn.com.png,data/batches/screenshots,106740,.png
novellive.app.png,data/batches/screenshots,38550,.png
placafipe.com.png,data/batches/screenshots,81670,.png
twittervideodownloader.com.png,data/batches/screenshots,514160,.png
machinio.it.png,data/batches/screenshots,26496,.png
golfdigest.com.png,data/batches/screenshots,2237636,.png
isanoa.com.png,data/batches/screenshots,5078742,.png
food-recipe.ru.png,data/batches/screenshots,4220923,.png
aaslh.org.png,data/batches/screenshots,668361,.png
informacije.si.png,data/batches/screenshots,432406,.png
vanderburghsheriff.org.png,data/batches/screenshots,1341469,.png
homilistana.com.png,data/batches/screenshots,8512,.png
mingky21.net.png,data/batches/screenshots,3806221,.png
betclic.sn.png,data/batches/screenshots,20018,.png
workspaceair.com.png,data/batches/screenshots,28307,.png
hobowars.com.png,data/batches/screenshots,234544,.png
worldofreel.com.png,data/batches/screenshots,1786901,.png
editingtools.io.png,data/batches/screenshots,769212,.png
coloncancercoalition.org.png,data/batches/screenshots,1781382,.png
advanceyed.net.png,data/batches/screenshots,511935,.png
de-academic.com.png,data/batches/screenshots,1731177,.png
truity.com.png,data/batches/screenshots,1403530,.png
ucallm.com.png,data/batches/screenshots,975664,.png
thepiratebay0.org.png,data/batches/screenshots,13514,.png
garnierusa.com.png,data/batches/screenshots,1629341,.png
maxauto24.com.png,data/batches/screenshots,1029981,.png
famikura-store.jp.png,data/batches/screenshots,40465,.png
goodao.net.png,data/batches/screenshots,1159167,.png
londonarenapulse.uk.png,data/batches/screenshots,826056,.png
lightwidget.com.png,data/batches/screenshots,2107482,.png
viaworld.in.png,data/batches/screenshots,50809,.png
heylocate.mobi.png,data/batches/screenshots,2737567,.png
dwservice.net.png,data/batches/screenshots,1282130,.png
migros-shop.de.png,data/batches/screenshots,2053203,.png
bildarchiv-ostpreussen.de.png,data/batches/screenshots,115207,.png
mangamen.com.png,data/batches/screenshots,15010,.png
nhif.or.tz.png,data/batches/screenshots,1424978,.png
vertexreels291.com.png,data/batches/screenshots,1072908,.png
relicpve.com.png,data/batches/screenshots,2023851,.png
kurnik.pl.png,data/batches/screenshots,83698,.png
esports.net.png,data/batches/screenshots,1381170,.png
orval.be.png,data/batches/screenshots,2014459,.png
caratsandcake.com.png,data/batches/screenshots,2242279,.png
appliancesonlakeside.com.png,data/batches/screenshots,19279,.png
smnetwork.org.png,data/batches/screenshots,375051,.png
zalando.fr.png,data/batches/screenshots,35803,.png
espacemode.be.png,data/batches/screenshots,81288,.png
flexbe.ru.png,data/batches/screenshots,819932,.png
simpleerb.com.png,data/batches/screenshots,792354,.png
logentries.com.png,data/batches/screenshots,1487258,.png
popin.cc.png,data/batches/screenshots,1476927,.png
reading.ac.uk.png,data/batches/screenshots,2149728,.png
kolsa.ru.png,data/batches/screenshots,2489728,.png
s2earch.io.png,data/batches/screenshots,1842020,.png
xhby.net.png,data/batches/screenshots,729573,.png
historytv.fi.png,data/batches/screenshots,2050452,.png
superantispyware.com.png,data/batches/screenshots,2217505,.png
hyperionics.com.png,data/batches/screenshots,466030,.png
jiglib.ru.png,data/batches/screenshots,1128319,.png
site123.me.png,data/batches/screenshots,246445,.png
ted.com.png,data/batches/screenshots,2241320,.png
kyma.com.png,data/batches/screenshots,3396958,.png
paysafecard.com.png,data/batches/screenshots,1209835,.png
legistar.com.png,data/batches/screenshots,1944233,.png
unilim.fr.png,data/batches/screenshots,796322,.png
physiology.org.png,data/batches/screenshots,588255,.png
konferencii.ru.png,data/batches/screenshots,1608600,.png
microfocus.com.png,data/batches/screenshots,194246,.png
harikesamatrimony.com.png,data/batches/screenshots,3644671,.png
slunecno.cz.png,data/batches/screenshots,43540,.png
station173.com.png,data/batches/screenshots,24873,.png
filmyfly.luxe.png,data/batches/screenshots,1222825,.png
saudia.com.png,data/batches/screenshots,40859,.png
playncs.com.png,data/batches/screenshots,61971,.png
agara.co.jp.png,data/batches/screenshots,3259671,.png
convex.cloud.png,data/batches/screenshots,8512,.png
chatbro.com.png,data/batches/screenshots,740883,.png
tastewise.io.png,data/batches/screenshots,1956051,.png
projectk.org.png,data/batches/screenshots,183647,.png
khinsider.com.png,data/batches/screenshots,81134,.png
cashfever.com.png,data/batches/screenshots,863918,.png
t7t-al7zam.com.png,data/batches/screenshots,80881,.png
fxbaogao.com.png,data/batches/screenshots,1746138,.png
gayporntube.com.png,data/batches/screenshots,1565672,.png
eurweb.com.png,data/batches/screenshots,39353,.png
sopharmacy.bg.png,data/batches/screenshots,1772287,.png
groupe-tf1.fr.png,data/batches/screenshots,2440350,.png
ofiveegypt.com.png,data/batches/screenshots,8572992,.png
usls.edu.ph.png,data/batches/screenshots,1257587,.png
brazino777.mx.png,data/batches/screenshots,174517,.png
philips.com.png,data/batches/screenshots,1853684,.png
keisan.site.png,data/batches/screenshots,284694,.png
boingboing.net.png,data/batches/screenshots,1730107,.png
findaya.co.id.png,data/batches/screenshots,1263797,.png
speedcafe.com.png,data/batches/screenshots,4004258,.png
52zcmm.xyz.png,data/batches/screenshots,690235,.png
tango.lu.png,data/batches/screenshots,2001503,.png
marianne.cz.png,data/batches/screenshots,4063992,.png
hotmail.com.png,data/batches/screenshots,31942,.png
paitohk4d.live.png,data/batches/screenshots,3952461,.png
freelancer.si.png,data/batches/screenshots,4056395,.png
apollo.io.png,data/batches/screenshots,843701,.png
politico.com.png,data/batches/screenshots,40663,.png
gamerswithjobs.com.png,data/batches/screenshots,82842,.png
socialsecuritywb.com.png,data/batches/screenshots,617437,.png
housebeautytips.com.png,data/batches/screenshots,2322386,.png
ateve.ru.png,data/batches/screenshots,714263,.png
logmein.com.png,data/batches/screenshots,857458,.png
naterial.com.png,data/batches/screenshots,6229933,.png
hive.com.png,data/batches/screenshots,1465524,.png
tstn.ru.png,data/batches/screenshots,8636,.png
sanmar.com.png,data/batches/screenshots,2526166,.png
unpas.ac.id.png,data/batches/screenshots,3375936,.png
vast.com.png,data/batches/screenshots,12673,.png
aagmaal.am.in.png,data/batches/screenshots,1426266,.png
bmwfs.com.png,data/batches/screenshots,2835950,.png
bytovayalavka.ru.png,data/batches/screenshots,3247452,.png
platinumseo.com.au.png,data/batches/screenshots,1389400,.png
capitalaktivis.com.png,data/batches/screenshots,41047,.png
royal-rus.net.png,data/batches/screenshots,41092,.png
boxypluckunrelated.com.png,data/batches/screenshots,221262,.png
twivideo.net.png,data/batches/screenshots,81691,.png
gihyo.jp.png,data/batches/screenshots,1302714,.png
yo-star.com.png,data/batches/screenshots,2584381,.png
bakermckenzie.com.png,data/batches/screenshots,2307801,.png
yourfastregion.com.png,data/batches/screenshots,152732,.png
857zb1.tv.png,data/batches/screenshots,2060339,.png
ruli.ru.png,data/batches/screenshots,28311,.png
orbitwinslab.nl.png,data/batches/screenshots,421381,.png
exodus.net.png,data/batches/screenshots,2447073,.png
pinupcasino4.com.png,data/batches/screenshots,23313,.png
coincentral.com.png,data/batches/screenshots,1222879,.png
nitrowebhost.co.uk.png,data/batches/screenshots,28021,.png
ledak188-pit.com.png,data/batches/screenshots,39815,.png
ighome.com.png,data/batches/screenshots,46389,.png
betterhelporg.com.png,data/batches/screenshots,1719748,.png
ilan.gov.tr.png,data/batches/screenshots,1305223,.png
hanam.go.kr.png,data/batches/screenshots,665002,.png
bronevik.com.png,data/batches/screenshots,12918,.png
xxxcomix.pro.png,data/batches/screenshots,1861007,.png
kicker.de.png,data/batches/screenshots,31695,.png
2288bet.app.png,data/batches/screenshots,1100659,.png
rutube.ru.png,data/batches/screenshots,1939364,.png
leasygroup.pl.png,data/batches/screenshots,480508,.png
atelier-rosi.de.png,data/batches/screenshots,1697922,.png
legacyroyalexpress.com.png,data/batches/screenshots,923719,.png
booksamillion.com.png,data/batches/screenshots,42435,.png
elitebabes.com.png,data/batches/screenshots,25025318,.png
parliament.uk.png,data/batches/screenshots,41158,.png
kingsherald.co.uk.png,data/batches/screenshots,81535,.png
emarketer.com.png,data/batches/screenshots,1152155,.png
pirate4x4.fr.png,data/batches/screenshots,1164516,.png
ja-la-li-ve.com.png,data/batches/screenshots,360864,.png
hedgy-heckenpflanzen.de.png,data/batches/screenshots,13489,.png
pornvideos-japan.com.png,data/batches/screenshots,5200593,.png
collegedunia.com.png,data/batches/screenshots,40854,.png
wmg2027.jp.png,data/batches/screenshots,7093579,.png
bechtle.com.png,data/batches/screenshots,1111341,.png
chipy.com.png,data/batches/screenshots,40068,.png
inked.com.ua.png,data/batches/screenshots,41345,.png
moh.gov.sa.png,data/batches/screenshots,1028183,.png
nontondunia.com.png,data/batches/screenshots,107552,.png
pscp.tv.png,data/batches/screenshots,106423,.png
thamesandhudsonusa.com.png,data/batches/screenshots,1202805,.png
ibooks.ru.png,data/batches/screenshots,938872,.png
oaistatic.com.png,data/batches/screenshots,92807,.png
zscaler.com.png,data/batches/screenshots,1707370,.png
ogyfmts.com.png,data/batches/screenshots,23138,.png
affiliatefuture.com.png,data/batches/screenshots,1226615,.png
mockingbirdprecision.com.png,data/batches/screenshots,679596,.png
secretsporn.com.png,data/batches/screenshots,2369790,.png
lesilla.com.png,data/batches/screenshots,7622026,.png
wokinfo.com.png,data/batches/screenshots,2017539,.png
r-line.ru.png,data/batches/screenshots,14545,.png
locanto.com.mx.png,data/batches/screenshots,38986,.png
alchemer.com.png,data/batches/screenshots,41164,.png
ecwid.com.png,data/batches/screenshots,2221857,.png
aabb.org.png,data/batches/screenshots,2419537,.png
ghcr.io.png,data/batches/screenshots,25881,.png
googleblog.com.png,data/batches/screenshots,34157,.png
kasumori-oshimura.com.png,data/batches/screenshots,5297242,.png
etc-meisai.jp.png,data/batches/screenshots,1480281,.png
bissaugames.net.png,data/batches/screenshots,10557,.png
semiconductors.org.png,data/batches/screenshots,1834083,.png
heavytools.hu.png,data/batches/screenshots,4264115,.png
cvc.com.br.png,data/batches/screenshots,80477,.png
amarujala.com.png,data/batches/screenshots,3154543,.png
venatusmedia.com.png,data/batches/screenshots,1528612,.png
mipdatabase.com.png,data/batches/screenshots,252432,.png
lourdes-infos.com.png,data/batches/screenshots,13957,.png
xn--pckua2a7gp15o89zb.com.png,data/batches/screenshots,2603794,.png
rawpixel.com.png,data/batches/screenshots,41902,.png
ssnomemaria.it.png,data/batches/screenshots,4177444,.png
workvetweb.com.br.png,data/batches/screenshots,588232,.png
sportdynamics.shop.png,data/batches/screenshots,82706,.png
powherny.org.png,data/batches/screenshots,260328,.png
pei.de.png,data/batches/screenshots,804968,.png
marianatek.com.png,data/batches/screenshots,8147627,.png
dewacsn88top.cc.png,data/batches/screenshots,1235613,.png
eduson.tv.png,data/batches/screenshots,2238013,.png
stubhub.com.png,data/batches/screenshots,518258,.png
zuzug.info.png,data/batches/screenshots,405307,.png
hackaday.com.png,data/batches/screenshots,2062373,.png
mdsbrand.com.png,data/batches/screenshots,2820535,.png
indeedjobs.com.png,data/batches/screenshots,50766,.png
osan.ac.kr.png,data/batches/screenshots,1215971,.png
anibookmark.com.png,data/batches/screenshots,403973,.png
times-gazette.com.png,data/batches/screenshots,2138117,.png
iluckicasino.io.png,data/batches/screenshots,5030242,.png
jeetcityca.com.png,data/batches/screenshots,1906781,.png
gazette.com.png,data/batches/screenshots,13489,.png
marypaz.com.png,data/batches/screenshots,674738,.png
lifeprintframes.com.png,data/batches/screenshots,12918,.png
maze-host.ru.png,data/batches/screenshots,494494,.png
doyouspain.com.png,data/batches/screenshots,1558116,.png
cemex.com.png,data/batches/screenshots,76681,.png
nic.ru.png,data/batches/screenshots,466664,.png
sfgate.com.png,data/batches/screenshots,2652547,.png
wikidata.org.png,data/batches/screenshots,885046,.png
geiwohuo.com.png,data/batches/screenshots,108669,.png
12factor.net.png,data/batches/screenshots,267162,.png
fcc.gov.png,data/batches/screenshots,27101,.png
hitachi-hightech.com.png,data/batches/screenshots,27677,.png
ard-text.de.png,data/batches/screenshots,699557,.png
battlemetrics.com.png,data/batches/screenshots,82093,.png
tombolaslots.net.png,data/batches/screenshots,8512,.png
m88link.id.png,data/batches/screenshots,2037883,.png
china-tonhe.com.png,data/batches/screenshots,1757523,.png
draftport.co.uk.png,data/batches/screenshots,81920,.png
ethz.ch.png,data/batches/screenshots,1252385,.png
gol249.online.png,data/batches/screenshots,36421,.png
server20localweb.com.png,data/batches/screenshots,21656,.png
docusign.net.png,data/batches/screenshots,8574,.png
italgresoutlet.it.png,data/batches/screenshots,3315153,.png
expert4house.com.png,data/batches/screenshots,82359,.png
incdn.pl.png,data/batches/screenshots,6122878,.png
lumiradx.com.png,data/batches/screenshots,2483389,.png
mediatoday.ru.png,data/batches/screenshots,2034805,.png
whatdowedoallday.com.png,data/batches/screenshots,1403977,.png
fravega.com.png,data/batches/screenshots,42762,.png
dexcom.com.png,data/batches/screenshots,7464639,.png
new66.co.png,data/batches/screenshots,81279,.png
visionnet.ca.png,data/batches/screenshots,1000659,.png
imaginet.co.za.png,data/batches/screenshots,705098,.png
jenonline.org.png,data/batches/screenshots,41198,.png
ceslab.org.png,data/batches/screenshots,1364310,.png
bananaprovider.com.png,data/batches/screenshots,92818,.png
wbbus.in.png,data/batches/screenshots,3918564,.png
cellrebel.com.png,data/batches/screenshots,892103,.png
hs.fi.png,data/batches/screenshots,2041813,.png
planetaverd.net.png,data/batches/screenshots,1746719,.png
frontlineeducation.com.png,data/batches/screenshots,1984526,.png
gssiweb.org.png,data/batches/screenshots,32126,.png
importsvet.by.png,data/batches/screenshots,348905,.png
cordlessmedia.com.png,data/batches/screenshots,1101270,.png
dainiknavajyoti.com.png,data/batches/screenshots,3373333,.png
ccc.eu.png,data/batches/screenshots,445245,.png
manoramaonline.com.png,data/batches/screenshots,1573778,.png
kleekr.com.png,data/batches/screenshots,287222,.png
nike.com.png,data/batches/screenshots,3400659,.png
ricetteclara.com.png,data/batches/screenshots,1157715,.png
asurahosting.com.png,data/batches/screenshots,43212,.png
montanawestusa.com.png,data/batches/screenshots,8286037,.png
bluejolie.com.png,data/batches/screenshots,2492778,.png
udesc.br.png,data/batches/screenshots,8512,.png
vegnews.com.png,data/batches/screenshots,10182306,.png
sweetspot.ws.png,data/batches/screenshots,119267,.png
casino-bonus-bezdep.ru.png,data/batches/screenshots,6199441,.png
ercot.com.png,data/batches/screenshots,84849,.png
fbcdn.net.png,data/batches/screenshots,115198,.png
waterstones.com.png,data/batches/screenshots,169989,.png
netsarang.com.png,data/batches/screenshots,271237,.png
nodemash.net.png,data/batches/screenshots,542286,.png
t3a7n9.ink.png,data/batches/screenshots,12673,.png
up-4ever.net.png,data/batches/screenshots,1091333,.png
gigasena.com.br.png,data/batches/screenshots,901323,.png
ixigo.com.png,data/batches/screenshots,110074,.png
pambazuka.net.png,data/batches/screenshots,2352183,.png
amazon.sg.png,data/batches/screenshots,31260,.png
diamondaviators.net.png,data/batches/screenshots,795517,.png
m3.com.png,data/batches/screenshots,3969327,.png
jobsquestamerica.com.png,data/batches/screenshots,893180,.png
888starz-casino.io.png,data/batches/screenshots,3055580,.png
go2cloud.org.png,data/batches/screenshots,8512,.png
xn--72c6a7a3agk2dyg5a.com.png,data/batches/screenshots,3406583,.png
phplens.com.png,data/batches/screenshots,2392197,.png
ani-lab.jp.png,data/batches/screenshots,1006138,.png
living.ai.png,data/batches/screenshots,4722572,.png
chati.ge.png,data/batches/screenshots,35786,.png
carmeloportal.com.png,data/batches/screenshots,1798090,.png
global.jcb.png,data/batches/screenshots,2902246,.png
steaminventoryhelper.com.png,data/batches/screenshots,83681,.png
avito.st.png,data/batches/screenshots,63723,.png
onlineorganics.ca.png,data/batches/screenshots,1308522,.png
strathmore.edu.png,data/batches/screenshots,5404805,.png
studentclearinghouse.org.png,data/batches/screenshots,976529,.png
sputnik8.com.png,data/batches/screenshots,34549,.png
routeviews.org.png,data/batches/screenshots,278622,.png
sinfar.net.png,data/batches/screenshots,1225795,.png
hpytimes.info.png,data/batches/screenshots,1850614,.png
galwaygaa.ie.png,data/batches/screenshots,3073301,.png
skyscanner.co.kr.png,data/batches/screenshots,92778,.png
friendlynode.site.png,data/batches/screenshots,14548,.png
krushmedia.com.png,data/batches/screenshots,1225357,.png
pnudlge.top.png,data/batches/screenshots,13979,.png
dedaclub.com.png,data/batches/screenshots,1200555,.png
cloudflare-gateway.com.png,data/batches/screenshots,88695,.png
avma.org.png,data/batches/screenshots,76451,.png
airtable.com.png,data/batches/screenshots,851108,.png
telekom.net.png,data/batches/screenshots,2749768,.png
kumanga.com.png,data/batches/screenshots,81598,.png
cloud-security.net.png,data/batches/screenshots,12918,.png
ebay.at.png,data/batches/screenshots,196718,.png
notjustok.com.png,data/batches/screenshots,885997,.png
nortenoticia.com.br.png,data/batches/screenshots,3740411,.png
cosmiccardsonline.com.png,data/batches/screenshots,734575,.png
2gis.ru.png,data/batches/screenshots,41535,.png
truphone.com.png,data/batches/screenshots,364378,.png
xq7go.com.png,data/batches/screenshots,846453,.png
work.ua.png,data/batches/screenshots,929815,.png
weshrak.com.png,data/batches/screenshots,663658,.png
tncid.app.png,data/batches/screenshots,37035,.png
airsoftpro.cz.png,data/batches/screenshots,1837887,.png
google.com.gh.png,data/batches/screenshots,46721,.png
melody4arab.online.png,data/batches/screenshots,651638,.png
hawamer.com.png,data/batches/screenshots,41166,.png
kgirls.net.png,data/batches/screenshots,13489,.png
epfindia.gov.in.png,data/batches/screenshots,646294,.png
reactoonz-finland.org.png,data/batches/screenshots,3140585,.png
businessinsider.de.png,data/batches/screenshots,2181271,.png
xnxx-arabic.com.png,data/batches/screenshots,737555,.png
helsinginuutiset.fi.png,data/batches/screenshots,4526390,.png
exchangerates24.com.png,data/batches/screenshots,10169,.png
news.cn.png,data/batches/screenshots,3034346,.png
fsf.org.png,data/batches/screenshots,1282600,.png
espn.com.pe.png,data/batches/screenshots,1965156,.png
papelpop.com.png,data/batches/screenshots,40901,.png
jetem.ru.png,data/batches/screenshots,147307,.png
stampington.com.png,data/batches/screenshots,7366236,.png
sscdn.co.png,data/batches/screenshots,924490,.png
societe-des-avis-garantis.fr.png,data/batches/screenshots,3846818,.png
rusa33go.win.png,data/batches/screenshots,40937,.png
metaluckystation.nl.png,data/batches/screenshots,688608,.png
delo.ua.png,data/batches/screenshots,1902822,.png
fundobaba.com.png,data/batches/screenshots,1445902,.png
myshop-solaire.com.png,data/batches/screenshots,3318631,.png
kemkes.go.id.png,data/batches/screenshots,1481959,.png
somosbelcorp.com.png,data/batches/screenshots,1117274,.png
newotani.co.jp.png,data/batches/screenshots,4855272,.png
baroes.vip.png,data/batches/screenshots,81392,.png
rbc.ua.png,data/batches/screenshots,36201,.png
bonusland.ca.png,data/batches/screenshots,1010130,.png
yadong8.com.png,data/batches/screenshots,4017517,.png
pdr.net.png,data/batches/screenshots,1163496,.png
gccgamers.com.png,data/batches/screenshots,3742563,.png
economictimes.com.png,data/batches/screenshots,24414,.png
x-plane.org.png,data/batches/screenshots,41343,.png
fmhy.net.png,data/batches/screenshots,274152,.png
fossil.in.png,data/batches/screenshots,26135,.png
france24.com.png,data/batches/screenshots,821258,.png
imlive.com.png,data/batches/screenshots,86280,.png
giant-bicycles.com.png,data/batches/screenshots,1953484,.png
barcanews.org.png,data/batches/screenshots,13948,.png
aliprice.com.png,data/batches/screenshots,721312,.png
1ak.by.png,data/batches/screenshots,80820,.png
spartacus-educational.com.png,data/batches/screenshots,1436438,.png
yoh.com.png,data/batches/screenshots,1711628,.png
gama.ir.png,data/batches/screenshots,724243,.png
jcoleshoes.com.png,data/batches/screenshots,5168618,.png
gudfilm2.art.png,data/batches/screenshots,28385,.png
easyorders.shop.png,data/batches/screenshots,93053,.png
deon.pl.png,data/batches/screenshots,4182603,.png
kiabi.be.png,data/batches/screenshots,53299,.png
sistemi.com.png,data/batches/screenshots,673979,.png
jfrog.io.png,data/batches/screenshots,195541,.png
freewebs.com.png,data/batches/screenshots,1497463,.png
quantserve.com.png,data/batches/screenshots,8512,.png
swagbucks.com.png,data/batches/screenshots,458608,.png
grok.com.png,data/batches/screenshots,8513,.png
regesta-imperii.de.png,data/batches/screenshots,138346,.png
tabii.com.png,data/batches/screenshots,2521125,.png
nobelprize.org.png,data/batches/screenshots,1877221,.png
cataloocheemountaincabin.com.png,data/batches/screenshots,40578,.png
zup.com.br.png,data/batches/screenshots,40623,.png
sportmk.ru.png,data/batches/screenshots,3222922,.png
leetcode.com.png,data/batches/screenshots,40991,.png
residex.ai.png,data/batches/screenshots,1711506,.png
har.com.png,data/batches/screenshots,21750,.png
seattlehousing.org.png,data/batches/screenshots,2108861,.png
artisticsway.com.png,data/batches/screenshots,124443,.png
pngwing.com.png,data/batches/screenshots,773484,.png
sud.ua.png,data/batches/screenshots,80320,.png
netflix.com.png,data/batches/screenshots,2514253,.png
dailycal.org.png,data/batches/screenshots,9571663,.png
dublikat.club.png,data/batches/screenshots,41070,.png
pages.dev.png,data/batches/screenshots,107306,.png
bozy.com.png,data/batches/screenshots,528450,.png
streamate.com.png,data/batches/screenshots,125413,.png
ln.run.png,data/batches/screenshots,79832,.png
sparkpilots.com.png,data/batches/screenshots,440806,.png
manganato.gg.png,data/batches/screenshots,2968622,.png
churnzero.net.png,data/batches/screenshots,1114616,.png
lawinfochina.com.png,data/batches/screenshots,34043,.png
shuzilm.cn.png,data/batches/screenshots,659309,.png
sakuratravel.jp.png,data/batches/screenshots,1338758,.png
geneanet.org.png,data/batches/screenshots,42081,.png
chargebeestaticv2.com.png,data/batches/screenshots,43378,.png
paste-l.ink.png,data/batches/screenshots,69642,.png
yasyadong01.tv.png,data/batches/screenshots,8512,.png
harborvaultwave.nl.png,data/batches/screenshots,647676,.png
socolive24.cv.png,data/batches/screenshots,858606,.png
betworks.uk.png,data/batches/screenshots,477258,.png
bobsoccer.ru.png,data/batches/screenshots,8512,.png
dallasnews.com.png,data/batches/screenshots,1627037,.png
royanews.tv.png,data/batches/screenshots,1874217,.png
appbarber.com.br.png,data/batches/screenshots,1121313,.png
xn--82ck3cphu1a3dua1j.net.png,data/batches/screenshots,15226,.png
alta.ru.png,data/batches/screenshots,554493,.png
hdrtorrent.com.png,data/batches/screenshots,3873254,.png
posti.fi.png,data/batches/screenshots,1715164,.png
randmvapes.net.png,data/batches/screenshots,2188474,.png
originusa.com.png,data/batches/screenshots,5430991,.png
simdif.com.png,data/batches/screenshots,1271843,.png
dainese.com.png,data/batches/screenshots,68656,.png
elkjop.app.png,data/batches/screenshots,16913,.png
icoderonline.com.png,data/batches/screenshots,478670,.png
nubank.com.br.png,data/batches/screenshots,4034476,.png
brookings.edu.png,data/batches/screenshots,4451773,.png
webflow.io.png,data/batches/screenshots,4921406,.png
8x8pilot.com.png,data/batches/screenshots,108231,.png
lichess.org.png,data/batches/screenshots,471197,.png
goldtoken.com.png,data/batches/screenshots,776022,.png
aviatreid.ru.png,data/batches/screenshots,16348,.png
storymapping.app.png,data/batches/screenshots,1864334,.png
sberdevices.ru.png,data/batches/screenshots,4085698,.png
nakedgirls.mobi.png,data/batches/screenshots,4903668,.png
genworth.com.png,data/batches/screenshots,2312072,.png
acara.edu.au.png,data/batches/screenshots,1025872,.png
aurugs.com.png,data/batches/screenshots,12673,.png
pornomesto.cc.png,data/batches/screenshots,2290078,.png
rusefi.com.png,data/batches/screenshots,8084112,.png
xpu.edu.cn.png,data/batches/screenshots,3029746,.png
cactusleather.ir.png,data/batches/screenshots,5641811,.png
plaid.com.png,data/batches/screenshots,4856221,.png
segway.com.png,data/batches/screenshots,9379162,.png
londonspinoffice.uk.png,data/batches/screenshots,817396,.png
commerzbank.com.png,data/batches/screenshots,3328147,.png
ewingoutdoorsupply.com.png,data/batches/screenshots,31976,.png
lunarvipbase.com.png,data/batches/screenshots,553363,.png
willamette.edu.png,data/batches/screenshots,4337115,.png
familianaranja.com.png,data/batches/screenshots,81323,.png
healthcanal.net.png,data/batches/screenshots,1412766,.png
eufylife.com.png,data/batches/screenshots,13533384,.png
rentola.com.png,data/batches/screenshots,1781285,.png
colorlib.com.png,data/batches/screenshots,1557543,.png
wawawriter.com.png,data/batches/screenshots,507686,.png
govdoc.lk.png,data/batches/screenshots,277722,.png
royalclubnation.nl.png,data/batches/screenshots,431616,.png
imgbb.ru.png,data/batches/screenshots,13489,.png
ding.com.png,data/batches/screenshots,81987,.png
justucuman.gov.ar.png,data/batches/screenshots,2576216,.png
traveltriangle.com.png,data/batches/screenshots,1320706,.png
uni-erlangen.de.png,data/batches/screenshots,1938193,.png
cuhk.edu.hk.png,data/batches/screenshots,176379,.png
angoemprego.com.png,data/batches/screenshots,1443993,.png
elofoot.com.png,data/batches/screenshots,1875276,.png
riseuplabs.com.png,data/batches/screenshots,1301286,.png
dubicars.com.png,data/batches/screenshots,2513309,.png
thelounge.net.png,data/batches/screenshots,2424418,.png
espeakers.com.png,data/batches/screenshots,12673,.png
xunta.es.png,data/batches/screenshots,8512,.png
recetasnestle.cl.png,data/batches/screenshots,2735010,.png
keycdn.com.png,data/batches/screenshots,492691,.png
dozdravnika.si.png,data/batches/screenshots,656644,.png
fawkesgames.com.png,data/batches/screenshots,4112347,.png
homyped.com.au.png,data/batches/screenshots,41561,.png
asm.org.png,data/batches/screenshots,1687308,.png
tumult.com.png,data/batches/screenshots,281358,.png
gazwal.com.png,data/batches/screenshots,1013849,.png
mponline.gov.in.png,data/batches/screenshots,1541724,.png
finviz.com.png,data/batches/screenshots,37000,.png
casino-prime.com.png,data/batches/screenshots,13652,.png
novabev.com.png,data/batches/screenshots,3204386,.png
sec.gov.png,data/batches/screenshots,42040,.png
optsolution.net.png,data/batches/screenshots,579083,.png
gadgetsnow.com.png,data/batches/screenshots,1722461,.png
airportcluj.ro.png,data/batches/screenshots,1812643,.png
instacart.ca.png,data/batches/screenshots,1716277,.png
yallakora.com.png,data/batches/screenshots,41081,.png
gamerant.com.png,data/batches/screenshots,4063094,.png
fairdeal.club.png,data/batches/screenshots,2749305,.png
ehow.com.png,data/batches/screenshots,40752,.png
mbalib.com.png,data/batches/screenshots,55632,.png
mitre.org.png,data/batches/screenshots,26806,.png
9anime.org.lv.png,data/batches/screenshots,3590933,.png
mosalslat-app.com.png,data/batches/screenshots,106088,.png
passportindia.gov.in.png,data/batches/screenshots,1081004,.png
onward.co.jp.png,data/batches/screenshots,464574,.png
transfermarkt.be.png,data/batches/screenshots,656680,.png
cookingchanneltv.com.png,data/batches/screenshots,1386086,.png
gymbet365.com.png,data/batches/screenshots,81129,.png
damai.cn.png,data/batches/screenshots,812510,.png
agenrodajitu.com.png,data/batches/screenshots,1739882,.png
google.sn.png,data/batches/screenshots,46240,.png
infobip.com.png,data/batches/screenshots,1788955,.png
artribune.com.png,data/batches/screenshots,2184124,.png
g.page.png,data/batches/screenshots,1733678,.png
focus.org.png,data/batches/screenshots,1743352,.png
rockstarmag.fr.png,data/batches/screenshots,1319212,.png
fisat.ac.in.png,data/batches/screenshots,1929312,.png
missav.app.png,data/batches/screenshots,2823823,.png
lsxcjt.com.png,data/batches/screenshots,3443798,.png
moodle.com.png,data/batches/screenshots,802191,.png
smartsheet.com.png,data/batches/screenshots,1199918,.png
esportbet-br.com.png,data/batches/screenshots,107907,.png
zslogin.net.png,data/batches/screenshots,19463,.png
kampnagel.de.png,data/batches/screenshots,157532,.png
wndu.com.png,data/batches/screenshots,1905656,.png
media.net.png,data/batches/screenshots,3882192,.png
cmtelematics.com.png,data/batches/screenshots,197915,.png
proprofs.com.png,data/batches/screenshots,1662207,.png
sina.com.png,data/batches/screenshots,2284904,.png
tum.de.png,data/batches/screenshots,2397314,.png
playfabapi.com.png,data/batches/screenshots,14940,.png
voiceflow.com.png,data/batches/screenshots,5112034,.png
toyoko-inn.com.png,data/batches/screenshots,3502591,.png
aquaventureworld.com.png,data/batches/screenshots,2856281,.png
wikibot.pro.png,data/batches/screenshots,1442359,.png
cinemakick.pk.png,data/batches/screenshots,5849305,.png
sportsspotlight.com.png,data/batches/screenshots,2365750,.png
pornclassic.info.png,data/batches/screenshots,1789525,.png
pasarelapagosaval.com.png,data/batches/screenshots,8512,.png
7aa02.vip.png,data/batches/screenshots,693337,.png
happyhouseplants.co.uk.png,data/batches/screenshots,4152212,.png
coralpress.au.png,data/batches/screenshots,457727,.png
xvideos.blog.br.png,data/batches/screenshots,1469204,.png
ovantica.com.png,data/batches/screenshots,1308553,.png
zomro.net.png,data/batches/screenshots,8512,.png
colorporn.net.png,data/batches/screenshots,2510909,.png
bitdefender.com.png,data/batches/screenshots,2662752,.png
benzahosting.cl.png,data/batches/screenshots,1543973,.png
ch-dns.net.png,data/batches/screenshots,8512,.png
troisgros.fr.png,data/batches/screenshots,887991,.png
datainsightsmarket.com.png,data/batches/screenshots,1506740,.png
spec.org.png,data/batches/screenshots,2130920,.png
mezmo.com.png,data/batches/screenshots,1647793,.png
ilrc.org.png,data/batches/screenshots,1084937,.png
kpmg.com.png,data/batches/screenshots,2272802,.png
24timezones.com.png,data/batches/screenshots,505025,.png
unict.it.png,data/batches/screenshots,1554600,.png
otcpharm.ru.png,data/batches/screenshots,937713,.png
freeeth.in.png,data/batches/screenshots,12918,.png
ucsc.edu.png,data/batches/screenshots,40028,.png
brightgambleworld.nl.png,data/batches/screenshots,1117906,.png
klikindomaret.com.png,data/batches/screenshots,43230,.png
radio.cz.png,data/batches/screenshots,2586037,.png
kommune-aktiv.de.png,data/batches/screenshots,43568,.png
toho-one.com.png,data/batches/screenshots,10047,.png
ulysescloud.com.png,data/batches/screenshots,1086423,.png
weatherbug.net.png,data/batches/screenshots,2058770,.png
slottracker.com.png,data/batches/screenshots,1561616,.png
workday.com.png,data/batches/screenshots,1645302,.png
vivodemisrentas.net.png,data/batches/screenshots,194105,.png
haveibeenpwned.com.png,data/batches/screenshots,418951,.png
usu.ac.id.png,data/batches/screenshots,5526264,.png
mhverifier.ru.png,data/batches/screenshots,13489,.png
onlayn-oyunlar.com.az.png,data/batches/screenshots,1707004,.png
tesseractcloud.com.png,data/batches/screenshots,13648,.png
ikugay.com.png,data/batches/screenshots,107799,.png
cassensimo.com.png,data/batches/screenshots,1709153,.png
partslink24.com.png,data/batches/screenshots,236484,.png
7471.top.png,data/batches/screenshots,57190,.png
maruti.com.png,data/batches/screenshots,31303,.png
1rtb.net.png,data/batches/screenshots,554043,.png
jackyethunder.com.png,data/batches/screenshots,1564808,.png
pureflowapp.com.png,data/batches/screenshots,9447,.png
jackandjilladult.com.png,data/batches/screenshots,2799292,.png
techinsights.com.png,data/batches/screenshots,1371080,.png
brooksrunning.com.png,data/batches/screenshots,5370402,.png
idrc.ca.png,data/batches/screenshots,2579524,.png
theoaklandpress.com.png,data/batches/screenshots,1479815,.png
qlm-online.com.png,data/batches/screenshots,1492850,.png
unimedgoiania.coop.br.png,data/batches/screenshots,82410,.png
kanav.ad.png,data/batches/screenshots,8242702,.png
sercanto.in.png,data/batches/screenshots,455565,.png
canalyst.com.png,data/batches/screenshots,954639,.png
towebs.com.png,data/batches/screenshots,1827330,.png
activaboualaa.com.png,data/batches/screenshots,2775321,.png
championat.com.png,data/batches/screenshots,1264092,.png
bcvn2.com.png,data/batches/screenshots,3102810,.png
quini-6-resultados.com.ar.png,data/batches/screenshots,388367,.png
lofarisbackdrop.com.png,data/batches/screenshots,83072,.png
flickriver.com.png,data/batches/screenshots,50583,.png
idaman-toto.com.png,data/batches/screenshots,18535,.png
onlinekhabar.com.png,data/batches/screenshots,11475323,.png
joacademy.com.png,data/batches/screenshots,1171245,.png
zerkalo.io.png,data/batches/screenshots,41106,.png
react.dev.png,data/batches/screenshots,3812071,.png
nomadi.de.png,data/batches/screenshots,3479238,.png
yindantechhk.com.png,data/batches/screenshots,30683,.png
easynetbooking.com.png,data/batches/screenshots,39355,.png
vinted.lt.png,data/batches/screenshots,22487,.png
quaysidecharters.com.au.png,data/batches/screenshots,2320770,.png
gq.com.png,data/batches/screenshots,3087429,.png
5319.casino.png,data/batches/screenshots,10464,.png
vipip.ru.png,data/batches/screenshots,915373,.png
adult-engine-search.com.png,data/batches/screenshots,27758,.png
wbhbhks5x3.xyz.png,data/batches/screenshots,8513,.png
touristenfahrerforum.de.png,data/batches/screenshots,14616,.png
23betrupees.com.png,data/batches/screenshots,46546,.png
eventfinder.at.png,data/batches/screenshots,43419,.png
babu88i.com.png,data/batches/screenshots,573702,.png
marathonbet.dk.png,data/batches/screenshots,651820,.png
nikkei-r.co.jp.png,data/batches/screenshots,4665969,.png
uhrforum.de.png,data/batches/screenshots,40424,.png
9mod.com.png,data/batches/screenshots,40588,.png
comicbookmovie.com.png,data/batches/screenshots,2934991,.png
pathvision.fr.png,data/batches/screenshots,783681,.png
teisistemas.com.br.png,data/batches/screenshots,252220,.png
sinsitio.site.png,data/batches/screenshots,1381753,.png
jacobjans.com.png,data/batches/screenshots,20049,.png
chittorgarh.com.png,data/batches/screenshots,772431,.png
visiodent.com.png,data/batches/screenshots,692783,.png
desitales2.com.png,data/batches/screenshots,3547196,.png
epson.es.png,data/batches/screenshots,1652936,.png
vyaparapp.in.png,data/batches/screenshots,1903027,.png
jojobet8106.com.png,data/batches/screenshots,39740,.png
priceline.com.png,data/batches/screenshots,24048,.png
ominho.pt.png,data/batches/screenshots,39458,.png
v-mate.mobi.png,data/batches/screenshots,16134,.png
fondoest.it.png,data/batches/screenshots,632122,.png
masrawy.com.png,data/batches/screenshots,42005,.png
suki-kira.com.png,data/batches/screenshots,41125,.png
giga.de.png,data/batches/screenshots,3380876,.png
tictail.com.png,data/batches/screenshots,19107,.png
pixnet.net.png,data/batches/screenshots,2627059,.png
isanet.org.png,data/batches/screenshots,552699,.png
tripster.com.png,data/batches/screenshots,3474534,.png
alphatechdns.co.uk.png,data/batches/screenshots,754870,.png
nihr.ac.uk.png,data/batches/screenshots,40788,.png
evri.com.png,data/batches/screenshots,2073798,.png
freename.io.png,data/batches/screenshots,1730244,.png
allmusic.com.png,data/batches/screenshots,81252,.png
mediawiki.org.png,data/batches/screenshots,497455,.png
martinfowler.com.png,data/batches/screenshots,1379384,.png
thrtle.com.png,data/batches/screenshots,10293,.png
devco.net.png,data/batches/screenshots,1026972,.png
roomies.com.png,data/batches/screenshots,42550,.png
brighthorizons.com.png,data/batches/screenshots,2309510,.png
techcombank.com.vn.png,data/batches/screenshots,27864,.png
viessmann.com.png,data/batches/screenshots,489507,.png
walkoffame.com.png,data/batches/screenshots,41492,.png
meg-356.com.png,data/batches/screenshots,5343050,.png
anaconda.com.png,data/batches/screenshots,450720,.png
ibacosmetics.com.png,data/batches/screenshots,6009171,.png
jasmil.com.png,data/batches/screenshots,3197846,.png
spotifycdn.com.png,data/batches/screenshots,22372,.png
genscape.com.png,data/batches/screenshots,1993955,.png
worldlingo.com.png,data/batches/screenshots,64175,.png
freedom.to.png,data/batches/screenshots,4866388,.png
lametric.com.png,data/batches/screenshots,3696229,.png
981a.casino.png,data/batches/screenshots,27908,.png
telenot.com.png,data/batches/screenshots,1599920,.png
bfmtv.com.png,data/batches/screenshots,9219092,.png
lulop.com.png,data/batches/screenshots,80594,.png
british-airport-transfers.co.uk.png,data/batches/screenshots,108908,.png
updatemarts.com.png,data/batches/screenshots,2220335,.png
mohfw.gov.in.png,data/batches/screenshots,26876,.png
copart.com.br.png,data/batches/screenshots,771234,.png
poshantracker.in.png,data/batches/screenshots,1650336,.png
webanketa.com.png,data/batches/screenshots,322199,.png
7u7d.com.png,data/batches/screenshots,8512,.png
patra.cloud.png,data/batches/screenshots,9590,.png
elbphilharmonie.de.png,data/batches/screenshots,4006312,.png
irna.ir.png,data/batches/screenshots,13829,.png
chattanoogan.com.png,data/batches/screenshots,2072493,.png
wechatpay.cn.png,data/batches/screenshots,1593139,.png
easyweb.ar.png,data/batches/screenshots,1722329,.png
colorearm.com.png,data/batches/screenshots,2829452,.png
amazonvideo.com.png,data/batches/screenshots,4461886,.png
erilia.fr.png,data/batches/screenshots,2561573,.png
gravity-engine.com.png,data/batches/screenshots,18618,.png
vizio.com.png,data/batches/screenshots,5644227,.png
jogatina.com.png,data/batches/screenshots,679872,.png
plantengineering.com.png,data/batches/screenshots,4417006,.png
kryptonite.ru.png,data/batches/screenshots,136645,.png
pierreetvacances.com.png,data/batches/screenshots,3691096,.png
chathamhouse.org.uk.png,data/batches/screenshots,82295,.png
skiessentials.com.png,data/batches/screenshots,11255997,.png
reallifestoriesblog.co.uk.png,data/batches/screenshots,1103462,.png
bnesim.com.png,data/batches/screenshots,623601,.png
ibidonstorage.eu.png,data/batches/screenshots,81919,.png
employmenthero.com.png,data/batches/screenshots,4223705,.png
ladbible.com.png,data/batches/screenshots,3323383,.png
thelandoflegends.com.png,data/batches/screenshots,3921737,.png
darkero.com.png,data/batches/screenshots,1738074,.png
prudential.com.my.png,data/batches/screenshots,3010135,.png
gigafree.net.png,data/batches/screenshots,1594608,.png
omads.xyz.png,data/batches/screenshots,138325,.png
hedzappclickballk.com.png,data/batches/screenshots,1463978,.png
triathletesports.com.png,data/batches/screenshots,2504791,.png
888goal.net.png,data/batches/screenshots,58293,.png
proxyium.com.png,data/batches/screenshots,439246,.png
topath.net.cn.png,data/batches/screenshots,199691,.png
zearn.org.png,data/batches/screenshots,99862,.png
onlajny.com.png,data/batches/screenshots,779043,.png
victoriassecret.com.sa.png,data/batches/screenshots,261918,.png
velthentic.com.png,data/batches/screenshots,1063298,.png
polototo25.site.png,data/batches/screenshots,86370,.png
pallomeri.net.png,data/batches/screenshots,599777,.png
superastro.com.co.png,data/batches/screenshots,2953501,.png
kenbee.co.in.png,data/batches/screenshots,1724333,.png
shockhosting.com.png,data/batches/screenshots,677035,.png
ndm9.net.png,data/batches/screenshots,12918,.png
fuck.day.png,data/batches/screenshots,399498,.png
dbankedge.cn.png,data/batches/screenshots,328326,.png
olx.com.pk.png,data/batches/screenshots,1505563,.png
betpawa.co.zm.png,data/batches/screenshots,13740,.png
phillipjeffries.com.png,data/batches/screenshots,4330154,.png
xavax.eu.png,data/batches/screenshots,1413861,.png
userjot.com.png,data/batches/screenshots,1416840,.png
x-flow.app.png,data/batches/screenshots,6556602,.png
emk.ru.png,data/batches/screenshots,576440,.png
arquimedsaude.com.br.png,data/batches/screenshots,93179,.png
cloudbolt.io.png,data/batches/screenshots,1547349,.png
diowebhost.com.png,data/batches/screenshots,2012724,.png
55mx.co.png,data/batches/screenshots,81245,.png
11zuowen.com.png,data/batches/screenshots,686687,.png
9anime.me.uk.png,data/batches/screenshots,4344100,.png
uni-hannover.de.png,data/batches/screenshots,3156591,.png
mrbit-casino.com.png,data/batches/screenshots,2842291,.png
nordpass.com.png,data/batches/screenshots,1210231,.png
froddo.com.png,data/batches/screenshots,1398947,.png
sexlilarab.com.png,data/batches/screenshots,1106418,.png
goodluckark.com.png,data/batches/screenshots,3400816,.png
shipwill.com.png,data/batches/screenshots,122212,.png
pc-seven.co.jp.png,data/batches/screenshots,4703661,.png
turfomania.fr.png,data/batches/screenshots,41889,.png
yis-soft.com.png,data/batches/screenshots,10792,.png
unhcr.org.png,data/batches/screenshots,90191,.png
distrosea.com.png,data/batches/screenshots,787363,.png
sssinstagram.com.png,data/batches/screenshots,960873,.png
athenahealth.com.png,data/batches/screenshots,975370,.png
exhentai.org.png,data/batches/screenshots,8512,.png
wkzy.shop.png,data/batches/screenshots,91161,.png
solopornoitaliani.xxx.png,data/batches/screenshots,1963597,.png
nationsreportcard.gov.png,data/batches/screenshots,935478,.png
crex.com.png,data/batches/screenshots,1659537,.png
octas8.space.png,data/batches/screenshots,2833593,.png
uniview.com.png,data/batches/screenshots,1036283,.png
news-postseven.com.png,data/batches/screenshots,2176412,.png
artlinecreation.in.png,data/batches/screenshots,3225025,.png
magnific.com.png,data/batches/screenshots,2212924,.png
gota.net.png,data/batches/screenshots,922290,.png
trackfocus.com.png,data/batches/screenshots,1058288,.png
cityplumbing.co.uk.png,data/batches/screenshots,37629,.png
upwork.com.png,data/batches/screenshots,23069,.png
citrusad.com.png,data/batches/screenshots,1012435,.png
cognitec.com.png,data/batches/screenshots,985141,.png
12go.asia.png,data/batches/screenshots,3583073,.png
wykop.pl.png,data/batches/screenshots,793813,.png
safechat.com.png,data/batches/screenshots,13626,.png
royaloakindia.com.png,data/batches/screenshots,4725852,.png
linguaramastaff.com.png,data/batches/screenshots,696160,.png
customerrudder.com.png,data/batches/screenshots,53338,.png
casinospinmaniazone.co.uk.png,data/batches/screenshots,622350,.png
google.com.om.png,data/batches/screenshots,46240,.png
bambuser.com.png,data/batches/screenshots,1974325,.png
epicgames.dev.png,data/batches/screenshots,9378,.png
labola.jp.png,data/batches/screenshots,12673,.png
stocktitan.net.png,data/batches/screenshots,13489,.png
agenciatributaria.gob.es.png,data/batches/screenshots,1317840,.png
mackeeper.com.png,data/batches/screenshots,1588677,.png
dispatchfeed.co.uk.png,data/batches/screenshots,82728,.png
cyfe.com.png,data/batches/screenshots,847235,.png
gamefactory.jp.png,data/batches/screenshots,51906,.png
leo.org.png,data/batches/screenshots,80273,.png
coastercms.org.png,data/batches/screenshots,1871167,.png
ku.edu.kz.png,data/batches/screenshots,2810604,.png
sharkcoasttactical.com.png,data/batches/screenshots,2787412,.png
vokalapress.ir.png,data/batches/screenshots,2423990,.png
hshare.ink.png,data/batches/screenshots,16485,.png
yarooms.com.png,data/batches/screenshots,1113739,.png
larousse.fr.png,data/batches/screenshots,946616,.png
myplasticheart.com.png,data/batches/screenshots,2728332,.png
forbes.ru.png,data/batches/screenshots,551113,.png
israeldefensestore.com.png,data/batches/screenshots,82281,.png
ekasrl.net.png,data/batches/screenshots,378493,.png
edgexfoundry.org.png,data/batches/screenshots,3693533,.png
evotech-performance.com.png,data/batches/screenshots,3968605,.png
alabuga-polytech.ru.png,data/batches/screenshots,1771889,.png
coursera.org.png,data/batches/screenshots,1712493,.png
goalempire.vip.png,data/batches/screenshots,23138,.png
foodslink.jp.png,data/batches/screenshots,874296,.png
uberspace.de.png,data/batches/screenshots,413396,.png
sixrevisions.com.png,data/batches/screenshots,2340957,.png
dpbossss.boston.png,data/batches/screenshots,11747904,.png
wazaelimu.com.png,data/batches/screenshots,108725,.png
mashreq.com.png,data/batches/screenshots,1143279,.png
xingumais.org.br.png,data/batches/screenshots,2169285,.png
news-pravda.com.png,data/batches/screenshots,948283,.png
rytmzendegy.ir.png,data/batches/screenshots,3237645,.png
tubidy.cool.png,data/batches/screenshots,1359672,.png
cinahoki.forum.png,data/batches/screenshots,41132,.png
namepure.com.png,data/batches/screenshots,225012,.png
docker.com.png,data/batches/screenshots,519742,.png
agoda.com.png,data/batches/screenshots,1020394,.png
sanitarium.com.png,data/batches/screenshots,3289095,.png
capcutapkdl.com.in.png,data/batches/screenshots,1612508,.png
adkernel.com.png,data/batches/screenshots,951131,.png
nissan.co.jp.png,data/batches/screenshots,1976851,.png
getsolara.dev.png,data/batches/screenshots,931282,.png
bepul.net.png,data/batches/screenshots,3356690,.png
neomedia.it.png,data/batches/screenshots,1313268,.png
eliseai.com.png,data/batches/screenshots,1674984,.png
llamarpc.com.png,data/batches/screenshots,39420,.png
dragonsteel.com.tw.png,data/batches/screenshots,196603,.png
hayward.com.png,data/batches/screenshots,2190700,.png
defacto.com.png,data/batches/screenshots,2301258,.png
cms.gov.png,data/batches/screenshots,527689,.png
travelguide.sk.png,data/batches/screenshots,81558,.png
tuhh.de.png,data/batches/screenshots,1576022,.png
instagram-press.com.png,data/batches/screenshots,207522,.png
datadoghq.com.png,data/batches/screenshots,4268336,.png
quickplayhub.in.png,data/batches/screenshots,3038863,.png
lootbar.com.png,data/batches/screenshots,1551639,.png
nationalbreastcancer.org.png,data/batches/screenshots,1203905,.png
iploop.io.png,data/batches/screenshots,4433225,.png
fiscal.io.png,data/batches/screenshots,2125656,.png
bimeh.com.png,data/batches/screenshots,421584,.png
crisp.chat.png,data/batches/screenshots,2791271,.png
adzuna.sg.png,data/batches/screenshots,25971,.png
yanmaga.jp.png,data/batches/screenshots,209544,.png
google.co.bw.png,data/batches/screenshots,46240,.png
koob.ru.png,data/batches/screenshots,1433241,.png
servermanager.app.png,data/batches/screenshots,1415582,.png
guggenberger-bau.de.png,data/batches/screenshots,1915917,.png
rwlib.net.png,data/batches/screenshots,114124,.png
fruugo.ae.png,data/batches/screenshots,40742,.png
govee.com.png,data/batches/screenshots,4078650,.png
webpushr.com.png,data/batches/screenshots,923485,.png
teefitfashion.com.png,data/batches/screenshots,934669,.png
dvr163.com.png,data/batches/screenshots,488561,.png
dni.gov.png,data/batches/screenshots,26809,.png
tecno.de.png,data/batches/screenshots,650672,.png
jornaldebrasilia.com.br.png,data/batches/screenshots,4931782,.png
40r.casino.png,data/batches/screenshots,522197,.png
bluesystem.me.png,data/batches/screenshots,1542434,.png
claro.com.co.png,data/batches/screenshots,3305037,.png
netdna-ssl.com.png,data/batches/screenshots,3278047,.png
biomerieux.net.png,data/batches/screenshots,3622272,.png
flasharmy.com.ua.png,data/batches/screenshots,2303343,.png
go-concepts.com.png,data/batches/screenshots,1000868,.png
mywfg.com.png,data/batches/screenshots,31734,.png
weathernews.jp.png,data/batches/screenshots,766240,.png
pubnation.com.png,data/batches/screenshots,206467,.png
24h.com.vn.png,data/batches/screenshots,1249646,.png
cian.tech.png,data/batches/screenshots,14149,.png
chdriver.com.png,data/batches/screenshots,1220514,.png
gommeplanet.co.png,data/batches/screenshots,1310614,.png
goldsupplier.com.png,data/batches/screenshots,2945326,.png
lapatria.com.png,data/batches/screenshots,6200703,.png
manchester.gov.uk.png,data/batches/screenshots,42761,.png
ahmedindia.com.png,data/batches/screenshots,3399018,.png
webdentalsolucoes.io.png,data/batches/screenshots,234978,.png
gunmagwarehouse.com.png,data/batches/screenshots,44148,.png
parejas.net.png,data/batches/screenshots,902241,.png
crypticstudios.com.png,data/batches/screenshots,885930,.png
bazaar.nl.png,data/batches/screenshots,1320315,.png
likerfibra.com.br.png,data/batches/screenshots,782851,.png
flowers4japan.com.png,data/batches/screenshots,3477596,.png
rivervale.co.uk.png,data/batches/screenshots,2286415,.png
gowheelo.com.png,data/batches/screenshots,2324597,.png
servethehome.com.png,data/batches/screenshots,1258431,.png
volleybox.net.png,data/batches/screenshots,39795,.png
targatocn.it.png,data/batches/screenshots,2386396,.png
moutfitters.com.png,data/batches/screenshots,1724577,.png
lendingtree.com.png,data/batches/screenshots,883254,.png
salarium.life.png,data/batches/screenshots,5937076,.png
try-it.jp.png,data/batches/screenshots,2246058,.png
aqualand-moravia.cz.png,data/batches/screenshots,7767693,.png
technosharif.com.png,data/batches/screenshots,236864,.png
swr.de.png,data/batches/screenshots,2362806,.png
nunogatari.co.jp.png,data/batches/screenshots,17692356,.png
cordobahoy.es.png,data/batches/screenshots,3581670,.png
mailkit.eu.png,data/batches/screenshots,546240,.png
okuloncesininbabasi.com.png,data/batches/screenshots,1034529,.png
qualys.com.png,data/batches/screenshots,96779,.png
hankyung.com.png,data/batches/screenshots,2231198,.png
uji.es.png,data/batches/screenshots,2445833,.png
filmyzilla45.com.png,data/batches/screenshots,416830,.png
satismeter.com.png,data/batches/screenshots,661370,.png
diabetesde.org.png,data/batches/screenshots,1613330,.png
bizzocasino-deutschland.net.png,data/batches/screenshots,43182,.png
seenthis.co.png,data/batches/screenshots,1491005,.png
zeasn.tv.png,data/batches/screenshots,2810574,.png
hot-india.com.png,data/batches/screenshots,319106,.png
lastampa.it.png,data/batches/screenshots,2768499,.png
adxcorp.kr.png,data/batches/screenshots,927335,.png
sofistadium.com.png,data/batches/screenshots,3762239,.png
melonandstarfish.com.png,data/batches/screenshots,3105177,.png
mediabiasfactcheck.com.png,data/batches/screenshots,1418183,.png
qconv.com.png,data/batches/screenshots,40058,.png
kicksmachine.com.png,data/batches/screenshots,2879596,.png
arcanum.com.png,data/batches/screenshots,25971,.png
nascar.com.png,data/batches/screenshots,81277,.png
instrumentinformatics.com.png,data/batches/screenshots,54376,.png
infird.com.png,data/batches/screenshots,10293,.png
fucolle.com.png,data/batches/screenshots,1145835,.png
pornwex.tv.png,data/batches/screenshots,1763486,.png
holosameryky.com.png,data/batches/screenshots,626332,.png
genyt.com.png,data/batches/screenshots,1292955,.png
accompany.com.png,data/batches/screenshots,75799,.png
955klos.com.png,data/batches/screenshots,16120,.png
whoop.in.png,data/batches/screenshots,80538,.png
w3schools.com.png,data/batches/screenshots,1674166,.png
vrbo.com.png,data/batches/screenshots,21118,.png
rokdc.ru.png,data/batches/screenshots,15097,.png
landsend.de.png,data/batches/screenshots,6311632,.png
universityworldnews.com.png,data/batches/screenshots,5018891,.png
serviceminder.com.png,data/batches/screenshots,695608,.png
dolibarr.org.png,data/batches/screenshots,827964,.png
ctmlp.com.png,data/batches/screenshots,3430029,.png
bitget.com.png,data/batches/screenshots,414865,.png
starzone.in.png,data/batches/screenshots,831890,.png
digistore24.com.png,data/batches/screenshots,2616877,.png
globalroyalflow.nl.png,data/batches/screenshots,369636,.png
animesonglyrics.com.png,data/batches/screenshots,2333195,.png
tochi-d.com.png,data/batches/screenshots,40629,.png
danas.rs.png,data/batches/screenshots,2627459,.png
home.barclays.png,data/batches/screenshots,2813626,.png
burgerking.fr.png,data/batches/screenshots,4425757,.png
jeep.com.png,data/batches/screenshots,27315,.png
flyers365-za.com.png,data/batches/screenshots,1347143,.png
markt.de.png,data/batches/screenshots,656613,.png
netbird.io.png,data/batches/screenshots,1204637,.png
ducatidogs.com.png,data/batches/screenshots,44438,.png
propertyguru.com.sg.png,data/batches/screenshots,44933,.png
primerollworldworld.nl.png,data/batches/screenshots,764340,.png
gamedeals.io.png,data/batches/screenshots,3289627,.png
globalresearch.ca.png,data/batches/screenshots,43105,.png
pregnancy-calculate.com.png,data/batches/screenshots,399194,.png
350.org.png,data/batches/screenshots,1652711,.png
milifestylemarketing.com.png,data/batches/screenshots,2630987,.png
sohomod.com.png,data/batches/screenshots,80822,.png
mywot.com.png,data/batches/screenshots,41057,.png
r-z-v.ru.png,data/batches/screenshots,495025,.png
yesmaal.cc.png,data/batches/screenshots,1788720,.png
haobeijing.net.png,data/batches/screenshots,66480,.png
shopcraft.dev.png,data/batches/screenshots,1104058,.png
elserver.com.png,data/batches/screenshots,1000652,.png
webnovel.com.png,data/batches/screenshots,41207,.png
bookreadfree.com.png,data/batches/screenshots,744330,.png
vortexscans.org.png,data/batches/screenshots,1186252,.png
neemans.com.png,data/batches/screenshots,4124949,.png
sarawak.gov.my.png,data/batches/screenshots,2147477,.png
readersdigest.ca.png,data/batches/screenshots,43192,.png
google.com.pr.png,data/batches/screenshots,41745,.png
illinois.gov.png,data/batches/screenshots,2403507,.png
pipa.be.png,data/batches/screenshots,42399,.png
tumbex.com.png,data/batches/screenshots,447633,.png
wawa.com.png,data/batches/screenshots,32076,.png
pinterest.pt.png,data/batches/screenshots,3242357,.png
discoverwebhosting.net.au.png,data/batches/screenshots,1482976,.png
gtng.ru.png,data/batches/screenshots,896668,.png
leer.com.png,data/batches/screenshots,1475889,.png
omegle.cc.png,data/batches/screenshots,663473,.png
aviva.com.png,data/batches/screenshots,2454883,.png
ak-it.ru.png,data/batches/screenshots,8512,.png
yenisabah.az.png,data/batches/screenshots,1825091,.png
shopflo.co.png,data/batches/screenshots,107851,.png
mhsoftware.com.png,data/batches/screenshots,1565770,.png
melablog.it.png,data/batches/screenshots,1577336,.png
berliner-sparkasse.de.png,data/batches/screenshots,1992613,.png
rusagrogroup.ru.png,data/batches/screenshots,925148,.png
wowtv.de.png,data/batches/screenshots,2888922,.png
seafoodsource.com.png,data/batches/screenshots,82957,.png
tenorshare.ai.png,data/batches/screenshots,778924,.png
flyeralarm.digital.png,data/batches/screenshots,767730,.png
theleadsm.com.png,data/batches/screenshots,4181342,.png
waltherarms.com.png,data/batches/screenshots,2119136,.png
guidely.in.png,data/batches/screenshots,2296592,.png
doujindesu.tv.png,data/batches/screenshots,80777,.png
thebalancemoney.com.png,data/batches/screenshots,33623,.png
dabopedia.com.png,data/batches/screenshots,1694623,.png
entix.ru.png,data/batches/screenshots,603428,.png
delishably.com.png,data/batches/screenshots,31714,.png
revgas.com.png,data/batches/screenshots,2950246,.png
jestful.net.png,data/batches/screenshots,2164740,.png
google.ga.png,data/batches/screenshots,191065,.png
mysql.com.png,data/batches/screenshots,649842,.png
afdas.com.png,data/batches/screenshots,174449,.png
djatoya.com.png,data/batches/screenshots,502952,.png
zimpel.de.png,data/batches/screenshots,28765,.png
tektonik.com.png,data/batches/screenshots,1080033,.png
dragon1688s1.com.png,data/batches/screenshots,1633342,.png
cccb.org.png,data/batches/screenshots,6007189,.png
seoptimer.com.png,data/batches/screenshots,41940,.png
jal.co.jp.png,data/batches/screenshots,26448,.png
yorkshirepost.co.uk.png,data/batches/screenshots,43068,.png
lovoo.com.png,data/batches/screenshots,1904395,.png
telecid.ru.png,data/batches/screenshots,13489,.png
idolfap.com.png,data/batches/screenshots,3016617,.png
animanch.com.png,data/batches/screenshots,80176,.png
podryad.tv.png,data/batches/screenshots,864586,.png
apprenticexm.nl.png,data/batches/screenshots,1746450,.png
vivo.com.br.png,data/batches/screenshots,80667,.png
y999.pro.png,data/batches/screenshots,144839,.png
pharos.com.png,data/batches/screenshots,1866829,.png
patientfi.com.png,data/batches/screenshots,12673,.png
heye.kr.png,data/batches/screenshots,617471,.png
qsbxs.com.png,data/batches/screenshots,933755,.png
javct.net.png,data/batches/screenshots,32974,.png
netromania.ro.png,data/batches/screenshots,1578012,.png
qrpay44.com.png,data/batches/screenshots,258123,.png
58.com.png,data/batches/screenshots,889334,.png
skimresources.com.png,data/batches/screenshots,58048,.png
consilia.fi.png,data/batches/screenshots,1915823,.png
kinja.com.png,data/batches/screenshots,2171798,.png
consorsbank.de.png,data/batches/screenshots,2214556,.png
kactus.com.png,data/batches/screenshots,1819704,.png
fbservers.com.png,data/batches/screenshots,42836,.png
corespinsgroup.nl.png,data/batches/screenshots,563428,.png
test65.com.png,data/batches/screenshots,466034,.png
xfinfr.com.png,data/batches/screenshots,17889,.png
clearscore.com.png,data/batches/screenshots,17717,.png
yiddishbookcenter.org.png,data/batches/screenshots,44379,.png
profilepassport.jp.png,data/batches/screenshots,344479,.png
naza666.cc.png,data/batches/screenshots,524232,.png
governmentjobs.com.png,data/batches/screenshots,1426681,.png
cnil.fr.png,data/batches/screenshots,1309799,.png
tow-net.de.png,data/batches/screenshots,1160404,.png
qxbroker.com.png,data/batches/screenshots,41412,.png
rosenheim24.de.png,data/batches/screenshots,3325816,.png
us.edu.pl.png,data/batches/screenshots,1567569,.png
retrotubesporn.com.png,data/batches/screenshots,6349852,.png
islamidavet.com.png,data/batches/screenshots,39468,.png
explosm.net.png,data/batches/screenshots,237184,.png
globalvans.co.uk.png,data/batches/screenshots,2352841,.png
leap.app.png,data/batches/screenshots,4817524,.png
dddiwejvjj.com.png,data/batches/screenshots,81905,.png
getdropbox.com.png,data/batches/screenshots,757115,.png
chromium.org.png,data/batches/screenshots,96795,.png
hargatoto.com.png,data/batches/screenshots,18535,.png
sut.ac.th.png,data/batches/screenshots,330549,.png
skrinshoter.ru.png,data/batches/screenshots,1500410,.png
ceneo.pl.png,data/batches/screenshots,37424,.png
artundform.de.png,data/batches/screenshots,3574551,.png
42chat.com.png,data/batches/screenshots,684221,.png
mention-me.com.png,data/batches/screenshots,324146,.png
utmn.ru.png,data/batches/screenshots,2924043,.png
rpharm.ru.png,data/batches/screenshots,393159,.png
rasvaldivia.cl.png,data/batches/screenshots,37281,.png
tradeindata.com.png,data/batches/screenshots,1156567,.png
cagis.org.cn.png,data/batches/screenshots,829453,.png
inria.fr.png,data/batches/screenshots,92452,.png
booksnmore.org.png,data/batches/screenshots,114207,.png
betking.com.ua.png,data/batches/screenshots,42201,.png
wiley.com.png,data/batches/screenshots,81506,.png
htm.nl.png,data/batches/screenshots,3940022,.png
bairdwealth.com.png,data/batches/screenshots,3444468,.png
britwinnerlink.uk.png,data/batches/screenshots,729350,.png
rt-solar.ru.png,data/batches/screenshots,2681387,.png
32auctions.com.png,data/batches/screenshots,518524,.png
brightpalacecentral.com.png,data/batches/screenshots,1202329,.png
itaupersonnalite.com.br.png,data/batches/screenshots,27370,.png
mmua.in.png,data/batches/screenshots,345929,.png
ex.co.png,data/batches/screenshots,1345853,.png
vidalink.com.br.png,data/batches/screenshots,1776548,.png
homeworkcentral.com.png,data/batches/screenshots,32715,.png
keyholdervacations.com.png,data/batches/screenshots,2570996,.png
pornhaven.ai.png,data/batches/screenshots,1978422,.png
attendorn.de.png,data/batches/screenshots,3461643,.png
ackinacki.org.png,data/batches/screenshots,1661071,.png
timeshighereducation.com.png,data/batches/screenshots,3382118,.png
eteams.cn.png,data/batches/screenshots,8512,.png
educacao.sp.gov.br.png,data/batches/screenshots,40842,.png
ble.ir.png,data/batches/screenshots,333646,.png
pawboost.com.png,data/batches/screenshots,44510,.png
jde.ru.png,data/batches/screenshots,1043741,.png
trusteddesk.co.uk.png,data/batches/screenshots,81582,.png
eddie4.nl.png,data/batches/screenshots,85374,.png
korg.com.png,data/batches/screenshots,44820,.png
gamesradar.com.png,data/batches/screenshots,2903178,.png
myvideo.ge.png,data/batches/screenshots,123153,.png
payment-gateway.io.png,data/batches/screenshots,94440,.png
opt-drop.com.png,data/batches/screenshots,16387,.png
yaofangwang.com.png,data/batches/screenshots,1104248,.png
purdue.edu.png,data/batches/screenshots,11967600,.png
hetzner.com.png,data/batches/screenshots,1313131,.png
trivago.ca.png,data/batches/screenshots,42359,.png
arabsstock.com.png,data/batches/screenshots,4003475,.png
leaguelineup.com.png,data/batches/screenshots,1714541,.png
winbuzz247.live.png,data/batches/screenshots,747572,.png
marmiton.org.png,data/batches/screenshots,986610,.png
kaminari.systems.png,data/batches/screenshots,12918,.png
truck1.com.ua.png,data/batches/screenshots,15736,.png
ciciai.com.png,data/batches/screenshots,12453,.png
vibescm.com.png,data/batches/screenshots,159196,.png
outdatedbrowser.com.png,data/batches/screenshots,52033,.png
lampenwelt.de.png,data/batches/screenshots,10376,.png
matrixcare.com.png,data/batches/screenshots,1878266,.png
diretta.it.png,data/batches/screenshots,1750150,.png
nimiquestionbank.in.png,data/batches/screenshots,21656,.png
ultratop.be.png,data/batches/screenshots,40373,.png
winterthur.ch.png,data/batches/screenshots,194169,.png
erneuerbareenergien.de.png,data/batches/screenshots,56425,.png
dnslink.com.png,data/batches/screenshots,28129,.png
elgiganten.dk.png,data/batches/screenshots,19622,.png
poops.pl.ua.png,data/batches/screenshots,1179765,.png
thunder369.one.png,data/batches/screenshots,12918,.png
tennojizoo.jp.png,data/batches/screenshots,2180385,.png
adverttise.com.png,data/batches/screenshots,1332533,.png
picgifs.com.png,data/batches/screenshots,176735,.png
elubaczow.com.png,data/batches/screenshots,8033147,.png
yo.co.ug.png,data/batches/screenshots,965357,.png
bestplaygame.com.png,data/batches/screenshots,828127,.png
americanairlines.fr.png,data/batches/screenshots,27240,.png
boell.de.png,data/batches/screenshots,5435704,.png
entradium.com.png,data/batches/screenshots,1835839,.png
manx.net.png,data/batches/screenshots,1586047,.png
vapemania.ru.png,data/batches/screenshots,1502015,.png
owlstalk.co.uk.png,data/batches/screenshots,156564,.png
o0bc.com.png,data/batches/screenshots,2567682,.png
ifxeliteclub.com.png,data/batches/screenshots,950252,.png
scamadviser.com.png,data/batches/screenshots,39893,.png
domain.com.png,data/batches/screenshots,37589,.png
bonusworks.nl.png,data/batches/screenshots,632827,.png
jewelershowcase.com.png,data/batches/screenshots,72765,.png
schema.org.png,data/batches/screenshots,113375,.png
easyappsecom.com.png,data/batches/screenshots,2671766,.png
zolitron.com.png,data/batches/screenshots,3822262,.png
snapsave.app.png,data/batches/screenshots,402634,.png
flyme.cn.png,data/batches/screenshots,37565,.png
bloglovin.com.png,data/batches/screenshots,81337,.png
kauppalehti.fi.png,data/batches/screenshots,1934731,.png
ac-nice.fr.png,data/batches/screenshots,81959,.png
sexchatters.com.png,data/batches/screenshots,290720,.png
avaeduc.com.br.png,data/batches/screenshots,26667,.png
kumb.com.png,data/batches/screenshots,50762,.png
searsarchives.com.png,data/batches/screenshots,8512,.png
nbcwashington.com.png,data/batches/screenshots,3981598,.png
systemrequirementslab.com.png,data/batches/screenshots,580092,.png
sulzer.com.png,data/batches/screenshots,25065,.png
danielamos.com.png,data/batches/screenshots,5679136,.png
kma.biz.png,data/batches/screenshots,1998345,.png
pistavigoretestata.it.png,data/batches/screenshots,83006,.png
abeclinic.com.png,data/batches/screenshots,865411,.png
biggerpockets.com.png,data/batches/screenshots,82827,.png
bahnbilder.ch.png,data/batches/screenshots,4722837,.png
lobstertube.com.png,data/batches/screenshots,44200,.png
sports-canins.net.png,data/batches/screenshots,1604342,.png
apkfunny.com.png,data/batches/screenshots,548183,.png
sonalika.com.png,data/batches/screenshots,3368931,.png
windstream.net.png,data/batches/screenshots,8512,.png
codedrift.au.png,data/batches/screenshots,94957,.png
beijing.gov.cn.png,data/batches/screenshots,2899298,.png
blackskullusa.com.br.png,data/batches/screenshots,1785585,.png
tubidy.social.png,data/batches/screenshots,2443309,.png
pomorska.pl.png,data/batches/screenshots,41071,.png
11st.co.kr.png,data/batches/screenshots,8512,.png
iwhop.cn.png,data/batches/screenshots,2667654,.png
neotiahrms.com.png,data/batches/screenshots,14610,.png
tkmaxx.com.png,data/batches/screenshots,41867,.png
trenchcrusade.com.png,data/batches/screenshots,42686,.png
blocklist.de.png,data/batches/screenshots,387001,.png
lazienki-szydlowski.pl.png,data/batches/screenshots,1446864,.png
norahjones.com.png,data/batches/screenshots,2883838,.png
tuan.hu.png,data/batches/screenshots,3476369,.png
spandidos-publications.com.png,data/batches/screenshots,1513670,.png
serie-days.com.png,data/batches/screenshots,1830961,.png
defender.com.png,data/batches/screenshots,80471,.png
verdecasinoseite.com.png,data/batches/screenshots,4663192,.png
phantom.com.png,data/batches/screenshots,472533,.png
serve.com.png,data/batches/screenshots,35286,.png
deri.io.png,data/batches/screenshots,590007,.png
51mou.com.png,data/batches/screenshots,8629088,.png
cust-service.com.png,data/batches/screenshots,34991,.png
eastpak.com.png,data/batches/screenshots,4424100,.png
reservewithrex.com.png,data/batches/screenshots,17952,.png
dynastyleaguefootball.com.png,data/batches/screenshots,47123,.png
google.com.png,data/batches/screenshots,41745,.png
uk.com.png,data/batches/screenshots,1242398,.png
kohnan-eshop.com.png,data/batches/screenshots,42504,.png
oregon.gov.png,data/batches/screenshots,1936401,.png
ekm.ee.png,data/batches/screenshots,3133229,.png
enaclouds.com.png,data/batches/screenshots,21656,.png
zamalektoday.com.png,data/batches/screenshots,980354,.png
asio-otus.com.png,data/batches/screenshots,10993,.png
elconfidencial.com.png,data/batches/screenshots,4372842,.png
chipdip.by.png,data/batches/screenshots,11042,.png
islonline.net.png,data/batches/screenshots,24504,.png
licitationen.dk.png,data/batches/screenshots,5115953,.png
wildberries.uz.png,data/batches/screenshots,95695,.png
luckytimespress.co.uk.png,data/batches/screenshots,503395,.png
onnowplay.com.png,data/batches/screenshots,1499912,.png
carambo.la.png,data/batches/screenshots,675867,.png
kruidvat.be.png,data/batches/screenshots,26921,.png
viefaucet.com.png,data/batches/screenshots,260432,.png
artsgtu.ru.png,data/batches/screenshots,1369617,.png
proptisgh.com.png,data/batches/screenshots,2354684,.png
nayapay.com.png,data/batches/screenshots,81459,.png
bongocams.biz.png,data/batches/screenshots,5846224,.png
skroutz.gr.png,data/batches/screenshots,81016,.png
tn.gov.png,data/batches/screenshots,1724582,.png
blogstival.com.png,data/batches/screenshots,1402988,.png
morinaga.co.jp.png,data/batches/screenshots,4800686,.png
meloradio.pl.png,data/batches/screenshots,1325974,.png
vynckier.nl.png,data/batches/screenshots,81215,.png
leiniao.com.png,data/batches/screenshots,8275494,.png
knack.be.png,data/batches/screenshots,25971,.png
remerge.io.png,data/batches/screenshots,2148968,.png
78911pg.club.png,data/batches/screenshots,8512,.png
ofi.com.png,data/batches/screenshots,3909649,.png
shannonairport.ie.png,data/batches/screenshots,12673,.png
tbtb.ir.png,data/batches/screenshots,47578,.png
malibu-carthago.com.png,data/batches/screenshots,1821767,.png
cableguys.com.png,data/batches/screenshots,2110327,.png
gofreddie.com.png,data/batches/screenshots,1987595,.png
eschool.de.png,data/batches/screenshots,185237,.png
2plus1host.com.png,data/batches/screenshots,11845,.png
orthocarolina.com.png,data/batches/screenshots,4101553,.png
znaki.fm.png,data/batches/screenshots,2620724,.png
fortisase.com.png,data/batches/screenshots,219164,.png
mostaghelonline.com.png,data/batches/screenshots,734856,.png
fdacs.gov.png,data/batches/screenshots,1110037,.png
bungie.net.png,data/batches/screenshots,46701,.png
jimdo.com.png,data/batches/screenshots,2376788,.png
gps-coordinates.net.png,data/batches/screenshots,323863,.png
acdsystems.com.png,data/batches/screenshots,1369061,.png
nbp.pl.png,data/batches/screenshots,35698,.png
transamerica.com.png,data/batches/screenshots,19517,.png
globalvisionad.com.png,data/batches/screenshots,33222,.png
mediaradiance.com.png,data/batches/screenshots,4156973,.png
cobbercasino.org.png,data/batches/screenshots,9912377,.png
ziniao.com.png,data/batches/screenshots,1619138,.png
sendsay.ru.png,data/batches/screenshots,3579868,.png
rnote.com.png,data/batches/screenshots,10293,.png
durev-inc.xyz.png,data/batches/screenshots,121394,.png
weibo.com.png,data/batches/screenshots,8515,.png
gs.com.png,data/batches/screenshots,5372779,.png
slegeir.com.png,data/batches/screenshots,10560,.png
ac-strasbourg.fr.png,data/batches/screenshots,82858,.png
daraz.com.bd.png,data/batches/screenshots,2737676,.png
ihi.co.jp.png,data/batches/screenshots,929576,.png
vidaxl.it.png,data/batches/screenshots,2770920,.png
sberlead.ru.png,data/batches/screenshots,14945,.png
osmaps.com.png,data/batches/screenshots,55636,.png
streamcreed.com.png,data/batches/screenshots,778038,.png
telenor.se.png,data/batches/screenshots,861288,.png
epoznan.pl.png,data/batches/screenshots,7153791,.png
usealphaco.com.br.png,data/batches/screenshots,497103,.png
fangamer.com.png,data/batches/screenshots,2735238,.png
qishui.com.png,data/batches/screenshots,199821,.png
tsumoutlet.ru.png,data/batches/screenshots,2395258,.png
macharta.ir.png,data/batches/screenshots,9856,.png
rmutt.ac.th.png,data/batches/screenshots,76136,.png
kingmods.net.png,data/batches/screenshots,7123198,.png
soski.me.png,data/batches/screenshots,4513058,.png
eos.com.png,data/batches/screenshots,709131,.png
zabbix.com.png,data/batches/screenshots,520117,.png
vgaps.ru.png,data/batches/screenshots,806136,.png
transfermarkt.co.uk.png,data/batches/screenshots,957439,.png
okdhslive.org.png,data/batches/screenshots,232892,.png
audioteka.com.png,data/batches/screenshots,330558,.png
ispring.ru.png,data/batches/screenshots,1691427,.png
mofa.gov.qa.png,data/batches/screenshots,1143892,.png
styletiba.com.png,data/batches/screenshots,11966760,.png
osnews.com.png,data/batches/screenshots,1704033,.png
meteomedia.com.png,data/batches/screenshots,1550113,.png
picazor.com.png,data/batches/screenshots,41010,.png
todaytonightadelaide.com.au.png,data/batches/screenshots,83153,.png
royal-fashion.cz.png,data/batches/screenshots,1850379,.png
sosdg.org.png,data/batches/screenshots,124396,.png
dandomain.dk.png,data/batches/screenshots,953905,.png
government.nl.png,data/batches/screenshots,1871407,.png
flashscore.pl.png,data/batches/screenshots,1928700,.png
launchpad.net.png,data/batches/screenshots,189424,.png
hemensayfa.com.png,data/batches/screenshots,81266,.png
rapidtag.net.png,data/batches/screenshots,107801,.png
bd.nl.png,data/batches/screenshots,4266911,.png
auchan.fr.png,data/batches/screenshots,754721,.png
mangaraw.ac.png,data/batches/screenshots,5848619,.png
washingtonexaminer.com.png,data/batches/screenshots,43847,.png
triplinkintl.com.png,data/batches/screenshots,570098,.png
arket.com.png,data/batches/screenshots,26711,.png
traffmonetizer.com.png,data/batches/screenshots,854786,.png
55xpzz.com.png,data/batches/screenshots,112089,.png
ozon.by.png,data/batches/screenshots,9480,.png
readingplus.com.png,data/batches/screenshots,1571955,.png
centr-sadovoda.ru.png,data/batches/screenshots,3172319,.png
mijnwefact.nl.png,data/batches/screenshots,35424,.png
preving.com.png,data/batches/screenshots,63019,.png
1tv.ru.png,data/batches/screenshots,2487706,.png
eia.gov.png,data/batches/screenshots,475466,.png
torontomu.ca.png,data/batches/screenshots,3871516,.png
casinolane.us.png,data/batches/screenshots,1268856,.png
case.edu.png,data/batches/screenshots,3487783,.png
oolveri.com.png,data/batches/screenshots,2196799,.png
viking.com.png,data/batches/screenshots,40637,.png
daycareworks.com.png,data/batches/screenshots,272493,.png
uninove.br.png,data/batches/screenshots,4552083,.png
youcheapjerseys.com.png,data/batches/screenshots,1830344,.png
adstanding.com.png,data/batches/screenshots,891193,.png
lumidaili.com.png,data/batches/screenshots,1537068,.png
spin.de.png,data/batches/screenshots,468156,.png
wienerlinien.at.png,data/batches/screenshots,8574,.png
ncvtonline.com.png,data/batches/screenshots,772796,.png
monadelphous.com.au.png,data/batches/screenshots,692988,.png
sortebet.games.png,data/batches/screenshots,373311,.png
pakdv.ru.png,data/batches/screenshots,796697,.png
casino444p.buzz.png,data/batches/screenshots,509705,.png
guydemarle.com.png,data/batches/screenshots,4284491,.png
exonhost.com.png,data/batches/screenshots,2077717,.png
mytaxprepoffice.com.png,data/batches/screenshots,2043156,.png
zombipiggi.net.png,data/batches/screenshots,1090890,.png
guidingtech.com.png,data/batches/screenshots,2371944,.png
crealy.co.uk.png,data/batches/screenshots,2422434,.png
flysas.com.png,data/batches/screenshots,90158,.png
ncplus.pl.png,data/batches/screenshots,26981,.png
budgetair.nl.png,data/batches/screenshots,679812,.png
hak.hr.png,data/batches/screenshots,405873,.png
spice-tv.jp.png,data/batches/screenshots,4326577,.png
iiserkol.ac.in.png,data/batches/screenshots,4232820,.png
scrabblewordfinder.org.png,data/batches/screenshots,708599,.png
icomos.org.png,data/batches/screenshots,592351,.png
terbaikno1.com.png,data/batches/screenshots,1200820,.png
cartoonporn.to.png,data/batches/screenshots,446219,.png
febestparts.com.png,data/batches/screenshots,370275,.png
sportpremier.ru.png,data/batches/screenshots,3479299,.png
meadowsfarms.com.png,data/batches/screenshots,3312434,.png
szerencsejatek.hu.png,data/batches/screenshots,2520566,.png
yacolo.com.png,data/batches/screenshots,1482470,.png
dizy.com.png,data/batches/screenshots,608089,.png
tabiiro.jp.png,data/batches/screenshots,6955355,.png
truecaller.com.png,data/batches/screenshots,660699,.png
ifo.at.png,data/batches/screenshots,106294,.png
janitorai.com.png,data/batches/screenshots,56069,.png
spalumi.com.png,data/batches/screenshots,1275838,.png
daikin.co.jp.png,data/batches/screenshots,1069532,.png
bc01.com.png,data/batches/screenshots,384563,.png
i22.de.png,data/batches/screenshots,213555,.png
tv2east.dk.png,data/batches/screenshots,4112836,.png
codesys.com.png,data/batches/screenshots,1561534,.png
roadsurfer.com.png,data/batches/screenshots,1958213,.png
energiefanshop.de.png,data/batches/screenshots,1571308,.png
portalsamorzadowy.pl.png,data/batches/screenshots,2191376,.png
boop.pl.png,data/batches/screenshots,33101,.png
flareflow.tv.png,data/batches/screenshots,61617,.png
macsales.com.png,data/batches/screenshots,3075163,.png
electromarket-im.ru.png,data/batches/screenshots,753023,.png
lefrecce.it.png,data/batches/screenshots,27458,.png
trassir.com.png,data/batches/screenshots,1983242,.png
datacamp.com.png,data/batches/screenshots,37946,.png
zjxxt.cn.png,data/batches/screenshots,126483,.png
joker.lv.png,data/batches/screenshots,2823459,.png
afun.mx.png,data/batches/screenshots,37431,.png
domainsatcost.com.png,data/batches/screenshots,508869,.png
pasianssi-pelit.com.png,data/batches/screenshots,1247865,.png
bandai-hobby.net.png,data/batches/screenshots,66751,.png
wolftoothcomponents.com.png,data/batches/screenshots,3315561,.png
kcau.ac.ke.png,data/batches/screenshots,2276157,.png
imperialcad.app.png,data/batches/screenshots,548927,.png
nipponconnection.com.png,data/batches/screenshots,936846,.png
teno.com.png,data/batches/screenshots,1124776,.png
coralsprings.gov.png,data/batches/screenshots,3149987,.png
101domain.com.png,data/batches/screenshots,839136,.png
alotporn.com.png,data/batches/screenshots,2346799,.png
twingate.com.png,data/batches/screenshots,698530,.png
viber.com.png,data/batches/screenshots,1159352,.png
protechts.net.png,data/batches/screenshots,10246,.png
iberlibro.com.png,data/batches/screenshots,1862176,.png
biblionet.gr.png,data/batches/screenshots,824785,.png
rubikon.com.ua.png,data/batches/screenshots,2009752,.png
xyz.com.png,data/batches/screenshots,38654,.png
gta5-mods.com.png,data/batches/screenshots,1807981,.png
theairgunstore.com.png,data/batches/screenshots,1689963,.png
xahani.com.png,data/batches/screenshots,42764,.png
sportsbet.bet.ar.png,data/batches/screenshots,43601,.png
lambeth.gov.uk.png,data/batches/screenshots,1937728,.png
zonesuper.net.png,data/batches/screenshots,8512,.png
yfgymuipem.net.png,data/batches/screenshots,27612270,.png
liquidimageco.com.png,data/batches/screenshots,82069,.png
lolpol2.com.png,data/batches/screenshots,32974,.png
proj.org.png,data/batches/screenshots,121702,.png
evolan.ru.png,data/batches/screenshots,431944,.png
efset.org.png,data/batches/screenshots,2543853,.png
edicola.shop.png,data/batches/screenshots,7970858,.png
aafa.org.png,data/batches/screenshots,3441409,.png
fairplay2026.com.png,data/batches/screenshots,4409077,.png
cargoboard.com.png,data/batches/screenshots,3109071,.png
farmacorp.com.png,data/batches/screenshots,1246996,.png
engenius.ai.png,data/batches/screenshots,1589990,.png
mercatinomusicale.com.png,data/batches/screenshots,400548,.png
duhquietly.com.png,data/batches/screenshots,124770,.png
swisdata.eu.png,data/batches/screenshots,2347995,.png
aaapay1.com.png,data/batches/screenshots,26118,.png
mammotion.com.png,data/batches/screenshots,2310744,.png
theperfumeshop.com.png,data/batches/screenshots,27453,.png
bitcompare.net.png,data/batches/screenshots,824137,.png
openresty.org.png,data/batches/screenshots,644447,.png
zerozero.pt.png,data/batches/screenshots,81062,.png
xmple.com.png,data/batches/screenshots,2300117,.png
biangtoto.co.png,data/batches/screenshots,18535,.png
dstewart.com.png,data/batches/screenshots,41462,.png
umer.co.kr.png,data/batches/screenshots,5402107,.png
lunalabs.io.png,data/batches/screenshots,27428,.png
spscommerce.com.png,data/batches/screenshots,2469194,.png
classroomcommunity.com.png,data/batches/screenshots,110270,.png
gmu.edu.png,data/batches/screenshots,4258184,.png
fccs.com.png,data/batches/screenshots,1765520,.png
nationalresearch.com.png,data/batches/screenshots,995073,.png
paheal.net.png,data/batches/screenshots,128446,.png
serverbidv.com.png,data/batches/screenshots,16467,.png
nwherald.com.png,data/batches/screenshots,4685827,.png
minhtuanmobile.com.png,data/batches/screenshots,3091666,.png
reebok.com.ar.png,data/batches/screenshots,4165714,.png
lotum.com.png,data/batches/screenshots,1969126,.png
cris.org.in.png,data/batches/screenshots,770971,.png
fqa.vn.png,data/batches/screenshots,1570132,.png
avgosu104.com.png,data/batches/screenshots,41233,.png
rentvillasincroatia.com.png,data/batches/screenshots,40868,.png
cwi.nl.png,data/batches/screenshots,1512051,.png
ta777.live.png,data/batches/screenshots,1107816,.png
annas-archive.gd.png,data/batches/screenshots,347257,.png
starwalk.space.png,data/batches/screenshots,1487526,.png
mt.today.png,data/batches/screenshots,2949955,.png
zongheng.com.png,data/batches/screenshots,3133915,.png
invisalign.com.png,data/batches/screenshots,2673765,.png
yourbus.in.png,data/batches/screenshots,725916,.png
radikalplayers.com.png,data/batches/screenshots,1070976,.png
ebizautos.net.png,data/batches/screenshots,913959,.png
my-free.website.png,data/batches/screenshots,24965,.png
romanticcollection.ru.png,data/batches/screenshots,3215709,.png
apro.ua.png,data/batches/screenshots,39336,.png
telstra.com.png,data/batches/screenshots,1407695,.png
sanleandro.org.png,data/batches/screenshots,233408,.png
stcn.com.png,data/batches/screenshots,6002951,.png
officeally.com.png,data/batches/screenshots,58572,.png
mychartiowa.com.png,data/batches/screenshots,714024,.png
naturgy.com.br.png,data/batches/screenshots,1128965,.png
financecalctool.com.png,data/batches/screenshots,37733,.png
tajbank.com.png,data/batches/screenshots,1414810,.png
evmak.net.png,data/batches/screenshots,1406532,.png
cop29.az.png,data/batches/screenshots,880786,.png
bonidollars.ca.png,data/batches/screenshots,147044,.png
ajmadison.com.png,data/batches/screenshots,19502,.png
videzz.net.png,data/batches/screenshots,166260,.png
kayak.de.png,data/batches/screenshots,806715,.png
nickfinder.com.png,data/batches/screenshots,665883,.png
cloudcommercetele.com.png,data/batches/screenshots,109076,.png
letushostyou.com.png,data/batches/screenshots,479929,.png
newsport.al.png,data/batches/screenshots,5704393,.png
wkdzik.pl.png,data/batches/screenshots,7987504,.png
jazztel.es.png,data/batches/screenshots,10226,.png
missingkids.org.png,data/batches/screenshots,2428836,.png
websense.com.png,data/batches/screenshots,3103769,.png
rafflepress.com.png,data/batches/screenshots,1427508,.png
pakihosting.com.png,data/batches/screenshots,1013249,.png
megatv.ge.png,data/batches/screenshots,1576891,.png
agn.gt.png,data/batches/screenshots,39934,.png
vt-etiketten.de.png,data/batches/screenshots,702930,.png
pornlib.icu.png,data/batches/screenshots,4590468,.png
sexstories.com.png,data/batches/screenshots,3801314,.png
landkreis-harburg.de.png,data/batches/screenshots,3817597,.png
anydns.com.png,data/batches/screenshots,261327,.png
tipli.ro.png,data/batches/screenshots,1059847,.png
thepornlinks.com.png,data/batches/screenshots,1302685,.png
upstarthr.com.png,data/batches/screenshots,24319,.png
mystchristopher.co.uk.png,data/batches/screenshots,43782,.png
bancodeoccidente.com.co.png,data/batches/screenshots,40655,.png
jai88v2.com.png,data/batches/screenshots,573572,.png
nftculture.com.png,data/batches/screenshots,1344970,.png
badiu.com.png,data/batches/screenshots,8574,.png
avis-verifies.com.png,data/batches/screenshots,12682,.png
suning.com.png,data/batches/screenshots,769690,.png
zmovies.org.png,data/batches/screenshots,543128,.png
streetstyle24.pl.png,data/batches/screenshots,7739970,.png
cpomagazine.com.png,data/batches/screenshots,43034,.png
zimbra.com.png,data/batches/screenshots,1432059,.png
gymresult.it.png,data/batches/screenshots,95917,.png
kamody.cz.png,data/batches/screenshots,1363308,.png
careerlink.shop.png,data/batches/screenshots,279196,.png
cyberpolygon.com.png,data/batches/screenshots,1093148,.png
burgerking.com.tw.png,data/batches/screenshots,615430,.png
outlook.com.png,data/batches/screenshots,39870,.png
silverstudiostyle.nl.png,data/batches/screenshots,1131893,.png
abcdef.wiki.png,data/batches/screenshots,67015,.png
wdfiles.com.png,data/batches/screenshots,5974018,.png
ps.kz.png,data/batches/screenshots,1803786,.png
bg.net.ua.png,data/batches/screenshots,1018898,.png
musicbrainz.org.png,data/batches/screenshots,177545,.png
gelderlander.nl.png,data/batches/screenshots,4696798,.png
adidravidarmatrimony.com.png,data/batches/screenshots,27599,.png
filmyzilla39.com.png,data/batches/screenshots,416830,.png
magnum888d.com.png,data/batches/screenshots,1104146,.png
google.hr.png,data/batches/screenshots,41745,.png
promoqui.it.png,data/batches/screenshots,1149883,.png
stepupforstudents.org.png,data/batches/screenshots,3489383,.png
abfacs.ir.png,data/batches/screenshots,48619,.png
mo.gov.png,data/batches/screenshots,31492,.png
wtconnect.com.png,data/batches/screenshots,1158379,.png
iesve.com.png,data/batches/screenshots,1273333,.png
f1mania.net.png,data/batches/screenshots,40277,.png
davidsen.dk.png,data/batches/screenshots,706825,.png
muz.uz.png,data/batches/screenshots,1131523,.png
napnap.org.png,data/batches/screenshots,1818790,.png
undressme.ai.png,data/batches/screenshots,751310,.png
thecardiologyadvisor.com.png,data/batches/screenshots,2000770,.png
donner.nl.png,data/batches/screenshots,39243,.png
x5club.ru.png,data/batches/screenshots,3169728,.png
skyfairinr.com.png,data/batches/screenshots,10027527,.png
assoass.com.png,data/batches/screenshots,42824,.png
omnisites-ai.site.png,data/batches/screenshots,1408447,.png
cmtoto1.com.png,data/batches/screenshots,80326,.png
messner-mountain-museum.it.png,data/batches/screenshots,3991126,.png
tohtech.ac.jp.png,data/batches/screenshots,2055007,.png
radissonhotels.com.png,data/batches/screenshots,509011,.png
nagano.ac.jp.png,data/batches/screenshots,1065072,.png
togel158.com.png,data/batches/screenshots,18535,.png
distacart.com.png,data/batches/screenshots,2483888,.png
sbobetkembar.com.png,data/batches/screenshots,1121305,.png
waikato.ac.nz.png,data/batches/screenshots,3403462,.png
bateliers-arcachon.com.png,data/batches/screenshots,3645595,.png
frwiki.wiki.png,data/batches/screenshots,62962,.png
fotogrph.com.png,data/batches/screenshots,2765208,.png
colehaan.com.png,data/batches/screenshots,6491722,.png
cedok.sk.png,data/batches/screenshots,4369620,.png
knobs.co.png,data/batches/screenshots,3437856,.png
fronius.com.png,data/batches/screenshots,2453856,.png
wingie.com.png,data/batches/screenshots,40241,.png
atnews.id.png,data/batches/screenshots,6095939,.png
tobit.com.png,data/batches/screenshots,836688,.png
tomi.kz.png,data/batches/screenshots,21611,.png
evofone.com.png,data/batches/screenshots,40461,.png
casinoalert.co.uk.png,data/batches/screenshots,994129,.png
ofd-initpro.ru.png,data/batches/screenshots,18176,.png
expertshopholland.nl.png,data/batches/screenshots,523087,.png
max.credit.png,data/batches/screenshots,12918,.png
aj3101.top.png,data/batches/screenshots,10509,.png
bioboard.de.png,data/batches/screenshots,143210,.png
optmnstr.com.png,data/batches/screenshots,644127,.png
natomanga.com.png,data/batches/screenshots,2953500,.png
involve.asia.png,data/batches/screenshots,121707,.png
robbiehrogers.com.png,data/batches/screenshots,2442440,.png
energy.gov.png,data/batches/screenshots,1967833,.png
sheetgo.com.png,data/batches/screenshots,1744109,.png
arabsex1.com.png,data/batches/screenshots,1938110,.png
kasanova.com.png,data/batches/screenshots,1522870,.png
gossipgist.com.png,data/batches/screenshots,639137,.png
watchdoguganda.com.png,data/batches/screenshots,3191321,.png
grkarelaw.edu.in.png,data/batches/screenshots,1038776,.png
diamondbackfirearms.com.png,data/batches/screenshots,519375,.png
incomm.com.png,data/batches/screenshots,1365898,.png
carters.com.png,data/batches/screenshots,41215,.png
chimebank.com.png,data/batches/screenshots,46742,.png
ghost-bikes.com.png,data/batches/screenshots,4665219,.png
shimintimes.co.jp.png,data/batches/screenshots,1389759,.png
sports24.pro.png,data/batches/screenshots,81784,.png
angularjs.org.png,data/batches/screenshots,627418,.png
zonaoestemais.com.br.png,data/batches/screenshots,25754,.png
inetops.com.png,data/batches/screenshots,8512,.png
mp3.pm.png,data/batches/screenshots,886072,.png
hoopshype.com.png,data/batches/screenshots,872498,.png
compass.com.png,data/batches/screenshots,1918433,.png
pericred.com.br.png,data/batches/screenshots,486180,.png
xhamsterlive.com.png,data/batches/screenshots,238369,.png
totsrucs.cat.png,data/batches/screenshots,42669,.png
lancom.de.png,data/batches/screenshots,2892117,.png
farmaciatei.ro.png,data/batches/screenshots,2311106,.png
dkbus.com.png,data/batches/screenshots,2840748,.png
jv.com.tr.png,data/batches/screenshots,1491426,.png
tds.bid.png,data/batches/screenshots,48480,.png
spark.co.nz.png,data/batches/screenshots,39004,.png
badpixel.es.png,data/batches/screenshots,468516,.png
appsgeyser.com.png,data/batches/screenshots,447649,.png
nperf.com.png,data/batches/screenshots,1537440,.png
xhpro.life.png,data/batches/screenshots,1404254,.png
schoolsaccount.nyc.png,data/batches/screenshots,16425,.png
vangoghletters.org.png,data/batches/screenshots,256246,.png
cambriabike.com.png,data/batches/screenshots,7947407,.png
decathlon.fr.png,data/batches/screenshots,41682,.png
mareincampania.it.png,data/batches/screenshots,1531504,.png
credly.com.png,data/batches/screenshots,936233,.png
klium.com.png,data/batches/screenshots,39563,.png
next.ie.png,data/batches/screenshots,36954,.png
musicalmedia.co.uk.png,data/batches/screenshots,81791,.png
natalie.mu.png,data/batches/screenshots,25971,.png
persagg.com.png,data/batches/screenshots,1288802,.png
earthboundtrading.com.png,data/batches/screenshots,3610574,.png
animeflv.one.png,data/batches/screenshots,1733551,.png
progressivepolicy.org.png,data/batches/screenshots,1335278,.png
cnsc.gov.co.png,data/batches/screenshots,973159,.png
slotbase.ca.png,data/batches/screenshots,1076714,.png
lesechos.fr.png,data/batches/screenshots,26999,.png
vnxnxx.cc.png,data/batches/screenshots,1785560,.png
aquaray.com.png,data/batches/screenshots,1690457,.png
dronainstitute.in.png,data/batches/screenshots,874877,.png
badewelt-euskirchen.de.png,data/batches/screenshots,11544747,.png
tnlcommunityfund.org.uk.png,data/batches/screenshots,1638895,.png
google.co.kr.png,data/batches/screenshots,41745,.png
cozy-nest.net.png,data/batches/screenshots,1813417,.png
homepage.dk.png,data/batches/screenshots,680409,.png
impact89fm.org.png,data/batches/screenshots,2321164,.png
boatinternational.com.png,data/batches/screenshots,1583071,.png
piaille.fr.png,data/batches/screenshots,743448,.png
kxysf.com.png,data/batches/screenshots,40378,.png
iterable.com.png,data/batches/screenshots,1786531,.png
jnaksi.com.png,data/batches/screenshots,133889,.png
18store.com.br.png,data/batches/screenshots,1527185,.png
goodsync.com.png,data/batches/screenshots,1188704,.png
imbox.io.png,data/batches/screenshots,92481,.png
football-couch.uk.png,data/batches/screenshots,1340405,.png
desitales.live.png,data/batches/screenshots,1438220,.png
republikspace.fit.png,data/batches/screenshots,42634,.png
autohero.com.png,data/batches/screenshots,3115123,.png
telusdigital.com.png,data/batches/screenshots,81782,.png
rikunabi.com.png,data/batches/screenshots,31137,.png
pescahoy.com.png,data/batches/screenshots,42406,.png
vgtrk.ru.png,data/batches/screenshots,1225345,.png
beyondtrust.com.png,data/batches/screenshots,81723,.png
discord.gg.png,data/batches/screenshots,4768880,.png
gstatic.com.png,data/batches/screenshots,44038,.png
torchlight2game.com.png,data/batches/screenshots,2171022,.png
poyrazsahilbalik.com.png,data/batches/screenshots,6454961,.png
rechenstelle.de.png,data/batches/screenshots,2421815,.png
leercapitulo.co.png,data/batches/screenshots,2416119,.png
ltcg.com.png,data/batches/screenshots,1358253,.png
openpgp.org.png,data/batches/screenshots,1536638,.png
xxxviijmp.com.png,data/batches/screenshots,9685,.png
263.net.png,data/batches/screenshots,907737,.png
humanrights.gov.au.png,data/batches/screenshots,42694,.png
jetfilmizle.now.png,data/batches/screenshots,80594,.png
mediaexpert.pl.png,data/batches/screenshots,101248,.png
kcl.ac.uk.png,data/batches/screenshots,2130981,.png
geny.com.png,data/batches/screenshots,517474,.png
mobizil.com.png,data/batches/screenshots,949162,.png
wdeftksa.com.png,data/batches/screenshots,1235587,.png
adbro.me.png,data/batches/screenshots,1643574,.png
ytvplayer-pro.org.png,data/batches/screenshots,8512,.png
glassnickelpizza.com.png,data/batches/screenshots,1539559,.png
linkaraby.com.png,data/batches/screenshots,1766425,.png
vitauthority.com.png,data/batches/screenshots,81585,.png
chatblink.com.png,data/batches/screenshots,12673,.png
bluepageswiki.org.png,data/batches/screenshots,186658,.png
gamepedia.com.png,data/batches/screenshots,41354,.png
pbone.net.png,data/batches/screenshots,111477,.png
promokit.eu.png,data/batches/screenshots,81018,.png
dsw.com.png,data/batches/screenshots,10197,.png
rejekigamesagen004.com.png,data/batches/screenshots,1397598,.png
live.com.png,data/batches/screenshots,31622,.png
namestar.com.png,data/batches/screenshots,42144,.png
portalbrasil.net.png,data/batches/screenshots,814257,.png
eyemedvisioncare.com.png,data/batches/screenshots,1588953,.png
goodrx.com.png,data/batches/screenshots,26044,.png
889992776.xyz.png,data/batches/screenshots,867610,.png
entropia.de.png,data/batches/screenshots,3046038,.png
c-able.ne.jp.png,data/batches/screenshots,15172,.png
amazonaws.com.png,data/batches/screenshots,2123871,.png
dotster.com.png,data/batches/screenshots,34584,.png
arabgt.com.png,data/batches/screenshots,2713347,.png
sovcombank.ru.png,data/batches/screenshots,8512,.png
aplitrak.com.png,data/batches/screenshots,17046,.png
bharatmatrimony.com.png,data/batches/screenshots,27097,.png
samhsa.gov.png,data/batches/screenshots,12673,.png
pipeline_master_log.txt,data/logs,304733,.txt
nasa_tlx_presentation_table.csv,data/analysis,161,.csv
Metrics_20260815_091252.csv,data/analysis,130,.csv
confirmshaming_domains.csv,data/analysis,8,.csv
interface_interference_domains.csv,data/analysis,2232,.csv
research_summary_20260815_091252.md,data/analysis,369,.md
research_summary_20260815_091252.json,data/analysis,504,.json
